raceId,driverId,vueltas_totales,tiempo_vuelta_promedio_seg,tiempo_vuelta_mas_rapida_seg,paradas_totales,tiempo_total_boxes_seg,tiempo_promedio_parada_seg
1,1,58,97.56375862068965,89.02,,,
1,2,58,97.6356724137931,88.283,,,
1,3,58,97.6121724137931,87.706,,,
1,4,58,97.59763793103448,88.712,,,
1,6,17,91.82223529411765,89.923,,,
1,7,58,97.62210344827585,89.823,,,
1,8,55,97.0782,88.488,,,
1,9,55,95.1606909090909,87.988,,,
1,10,58,97.58998275862069,88.416,,,
1,12,24,101.76558333333332,90.502,,,
1,13,45,97.00235555555555,89.141,,,
1,15,58,97.5411724137931,88.916,,,
1,16,58,97.62274137931034,88.943,,,
1,17,57,99.23152631578948,88.508,,,
1,18,58,97.5135172413793,88.02,,,
1,20,56,96.32544642857144,88.14,,,
1,21,58,97.6406551724138,89.005,,,
1,22,58,97.52743103448276,89.066,,,
1,67,58,97.61703448275863,89.23,,,
2,1,31,109.39854838709677,99.141,,,
2,2,31,108.1723870967742,99.084,,,
2,3,31,109.74832258064517,97.598,,,
2,4,31,110.96916129032257,99.006,,,
2,6,31,111.18554838709677,99.387,,,
2,7,31,110.73503225806452,99.242,,,
2,8,31,112.04719354838709,98.453,,,
2,9,1,122.738,122.738,,,
2,10,31,108.19790322580646,99.406,,,
2,12,31,111.20435483870968,99.268,,,
2,13,31,109.92109677419354,99.25,,,
2,15,31,108.92887096774194,97.591,,,
2,16,30,111.94753333333334,99.464,,,
2,17,31,109.12758064516129,97.672,,,
2,18,31,107.4394193548387,96.641,,,
2,20,30,108.1168,98.427,,,
2,21,29,110.20913793103448,99.407,,,
2,22,31,108.96716129032258,97.484,,,
2,67,30,109.02453333333334,98.938,,,
3,1,56,127.41698214285715,114.665,,,
3,2,56,127.84498214285715,114.158,,,
3,3,55,129.29216363636363,114.243,,,
3,4,56,127.63917857142856,114.481,,,
3,5,56,127.29619642857143,114.516,,,
3,6,43,133.3747441860465,116.167,,,
3,7,56,127.81501785714285,113.474,,,
3,8,56,127.77205357142857,115.396,,,
3,9,56,128.04175,115.35,,,
3,10,56,127.46358928571429,112.703,,,
3,12,54,131.41492592592593,115.535,,,
3,13,20,139.6482,116.484,,,
3,15,18,149.04672222222223,120.33,,,
3,16,50,128.63774,114.777,,,
3,17,56,126.32955357142856,112.98,,,
3,18,56,126.9367857142857,113.546,,,
3,20,56,126.13366071428571,112.627,,,
3,21,55,128.88756363636364,116.239,,,
3,22,56,127.27123214285714,112.592,,,
3,67,56,127.49864285714285,114.59,,,
4,1,57,97.02242105263157,94.915,,,
4,2,56,98.79789285714286,95.924,,,
4,3,57,97.65578947368421,95.816,,,
4,4,57,97.56064912280702,95.722,,,
4,5,57,98.00010526315789,95.52,,,
4,6,48,98.94960416666667,96.153,,,
4,7,57,98.01731578947368,95.41,,,
4,8,57,97.37261403508772,95.498,,,
4,9,56,98.69325,95.706,,,
4,10,57,97.38705263157895,94.574,,,
4,12,57,97.77773684210527,95.441,,,
4,13,56,98.48244642857144,95.065,,,
4,15,57,96.79564912280702,94.556,,,
4,16,56,98.64910714285715,96.219,,,
4,17,57,97.82145614035088,95.165,,,
4,18,57,96.63477192982457,94.588,,,
4,20,57,96.7608596491228,94.756,,,
4,21,56,98.60523214285715,96.376,,,
4,22,57,97.29756140350878,94.901,,,
4,67,56,98.67689285714286,96.473,,,
5,1,65,89.84947692307692,83.839,,,
5,2,66,89.26536363636363,83.878,,,
5,3,66,89.46080303030303,83.621,,,
5,4,66,89.12678787878787,83.42,,,
5,5,7,128.285,88.719,,,
5,6,65,90.10943076923077,84.155,,,
5,8,17,99.87788235294117,84.49,,,
5,9,65,89.90478461538461,84.078,,,
5,10,65,89.86138461538461,84.134,,,
5,12,65,89.94010769230769,84.286,,,
5,13,66,89.24286363636364,83.089,,,
5,17,66,88.68372727272728,83.112,,,
5,18,66,88.47275757575757,82.899,,,
5,20,66,88.75974242424243,83.09,,,
5,21,65,90.31907692307692,83.796,,,
5,22,66,88.67057575757576,82.762,,,
6,1,77,79.05041558441559,75.706,,,
6,2,77,79.02912987012986,76.268,,,
6,3,78,77.92138461538461,75.772,,,
6,4,78,77.97591025641024,75.371,,,
6,5,51,78.14792156862745,75.672,,,
6,6,76,78.65055263157895,75.792,,,
6,7,78,78.30030769230768,76.178,,,
6,8,78,77.6631282051282,75.382,,,
6,9,28,80.82246428571429,77.558,,,
6,10,77,78.7791948051948,76.066,,,
6,12,10,81.6552,78.514,,,
6,13,78,77.68451282051282,75.154,,,
6,15,77,79.07622077922078,76.011,,,
6,16,77,79.11337662337662,76.245,,,
6,17,78,77.69246153846153,75.321,,,
6,18,78,77.49079487179488,75.19,,,
6,20,15,82.01573333333334,77.634,,,
6,21,78,78.32464102564103,76.419,,,
6,22,78,77.58907692307692,75.685,,,
6,67,10,81.6683,78.582,,,
7,1,58,90.78106896551725,88.562,,,
7,2,58,90.50301724137931,88.214,,,
7,3,58,89.93770689655173,88.222,,,
7,4,58,90.47013793103447,88.389,,,
7,5,57,91.12078947368421,89.174,,,
7,6,58,90.5383448275862,87.988,,,
7,7,57,91.37668421052632,89.022,,,
7,8,58,90.26024137931034,88.061,,,
7,9,58,90.19129310344827,88.008,,,
7,10,58,90.20356896551725,87.883,,,
7,12,57,91.23419298245614,88.34,,,
7,13,58,90.0835172413793,88.176,,,
7,15,58,89.8739827586207,87.868,,,
7,16,57,91.33708771929824,89.192,,,
7,17,58,89.50968965517242,87.809,,,
7,18,58,89.39393103448275,87.579,,,
7,20,58,89.52256896551725,87.622,,,
7,21,4,97.674,94.07,,,
7,22,47,91.20134042553192,88.526,,,
7,67,57,91.17207017543859,88.624,,,
8,1,59,85.29359322033898,82.576,,,
8,2,59,84.83771186440678,81.956,,,
8,3,60,83.58738333333334,81.054,,,
8,4,59,84.44449152542373,81.852,,,
8,5,36,87.07561111111112,82.418,,,
8,6,60,84.05585,81.845,,,
8,7,37,87.33721621621622,82.466,,,
8,8,60,83.9825,81.656,,,
8,9,59,84.43661016949153,82.182,,,
8,10,60,83.98585,81.671,,,
8,12,59,84.42252542372881,82.505,,,
8,13,60,83.57285,81.509,,,
8,15,60,83.96058333333333,81.806,,,
8,16,59,85.31244067796611,83.475,,,
8,17,60,83.07526666666666,80.915,,,
8,18,60,83.59355000000001,81.189,,,
8,20,60,82.82213333333333,80.735,,,
8,21,60,84.01416666666667,81.81,,,
8,22,60,83.50838333333333,81.429,,,
8,67,59,85.3559661016949,82.711,,,
9,1,59,99.78359322033899,95.367,,,
9,2,60,97.75391666666667,94.559,,,
9,3,60,97.07348333333334,94.403,,,
9,4,60,97.13663333333334,93.365,,,
9,5,60,97.70003333333334,95.524,,,
9,6,60,97.76976666666667,94.238,,,
9,7,18,102.03922222222222,97.498,,,
9,8,34,98.64061764705883,96.08,,,
9,9,60,97.88108333333332,94.537,,,
9,10,60,97.74611666666667,95.369,,,
9,12,60,97.86063333333333,94.876,,,
9,13,60,96.98693333333334,94.458,,,
9,15,60,98.238,93.654,,,
9,16,60,97.92085,95.366,,,
9,17,60,96.72183333333332,94.003,,,
9,18,60,97.11531666666667,94.252,,,
9,20,60,96.87603333333334,94.089,,,
9,21,60,97.76061666666666,95.301,,,
9,22,60,97.12963333333333,94.676,,,
9,67,60,98.22558333333333,96.279,,,
10,1,70,84.34108571428571,82.479,,,
10,2,70,85.34982857142857,83.282,,,
10,3,70,84.72632857142857,82.468,,,
10,4,15,91.83406666666667,83.529,,,
10,5,70,84.83239999999999,82.958,,,
10,6,70,85.32357142857144,83.18,,,
10,8,70,84.50578571428571,82.434,,,
10,9,70,85.39888571428571,83.224,,,
10,10,70,84.84447142857142,82.506,,,
10,12,70,85.36268571428572,83.418,,,
10,15,70,85.31497142857143,83.261,,,
10,16,1,104.266,104.266,,,
10,17,70,84.58231428571428,81.931,,,
10,18,70,85.12805714285714,82.706,,,
10,20,29,88.1038275862069,83.457,,,
10,21,69,85.59766666666667,83.174,,,
10,22,70,85.33045714285714,83.024,,,
10,67,69,86.25215942028986,82.955,,,
10,153,69,85.86373913043478,83.444,,,
11,1,57,100.94117543859649,99.056,,,
11,2,57,101.75633333333333,99.704,,,
11,3,57,101.26594736842105,99.329,,,
11,4,57,101.38654385964912,99.494,,,
11,5,57,101.25124561403508,99.341,,,
11,6,54,104.36,99.747,,,
11,8,57,101.18040350877192,99.207,,,
11,9,57,101.54308771929824,99.374,,,
11,10,57,102.41768421052632,98.683,,,
11,15,57,102.03185964912281,99.941,,,
11,16,57,101.74077192982456,99.622,,,
11,17,57,101.68770175438597,99.528,,,
11,18,57,101.51231578947367,98.874,,,
11,20,23,103.36008695652174,99.992,,,
11,21,57,102.01584210526316,100.111,,,
11,22,57,100.89980701754386,98.99,,,
11,67,41,105.22514634146341,101.042,,,
11,69,56,104.16558928571429,100.59,,,
11,153,56,103.54160714285715,100.935,,,
11,154,57,102.50987719298246,99.428,,,
12,2,44,114.59706818181817,107.371,,,
12,3,44,115.16370454545455,107.766,,,
12,4,26,120.60611538461539,108.634,,,
12,5,44,115.08540909090908,108.348,,,
12,6,44,115.57354545454545,108.205,,,
12,8,44,114.34079545454546,107.674,,,
12,9,44,114.56729545454546,107.664,,,
12,10,44,115.28375,107.736,,,
12,15,21,123.21933333333332,110.029,,,
12,16,44,115.30979545454545,107.859,,,
12,17,44,115.18077272727272,107.783,,,
12,20,44,114.42886363636363,107.263,,,
12,21,44,114.36213636363637,107.737,,,
12,22,44,115.14672727272728,108.257,,,
12,67,44,115.38865909090909,107.763,,,
12,69,44,116.663,109.803,,,
13,1,52,86.53119230769231,84.802,,,
13,2,53,88.00222641509434,85.488,,,
13,3,51,90.72880392156863,85.901,,,
13,4,53,87.56392452830188,85.199,,,
13,5,53,87.59243396226415,85.109,,,
13,6,53,89.50696226415094,85.976,,,
13,8,53,87.02584905660378,84.761,,,
13,9,15,91.25286666666666,87.819,,,
13,10,53,89.5402075471698,85.751,,,
13,15,52,88.22971153846153,85.7,,,
13,16,53,87.03466037735849,84.739,,,
13,17,52,88.04655769230769,85.564,,,
13,18,53,86.50135849056603,84.935,,,
13,20,53,88.0587358490566,85.194,,,
13,21,53,88.08607547169812,85.498,,,
13,22,53,86.44728301886792,84.967,,,
13,24,22,87.24836363636364,86.041,,,
13,67,19,89.62515789473684,87.846,,,
13,154,52,88.84076923076924,85.609,,,
14,1,61,114.20224590163934,108.345,,,
14,2,19,114.78468421052632,111.346,,,
14,3,61,115.18219672131147,108.352,,,
14,4,61,114.47477049180328,108.24,,,
14,5,61,114.79498360655738,109.283,,,
14,6,61,115.12116393442624,109.371,,,
14,8,61,115.16768852459016,108.391,,,
14,9,61,115.10477049180328,108.847,,,
14,10,61,114.36018032786885,108.396,,,
14,15,61,115.39911475409836,108.816,,,
14,16,23,123.33452173913044,112.623,,,
14,17,45,116.83642222222221,109.319,,,
14,18,61,114.69429508196721,108.369,,,
14,20,61,114.53439344262296,108.398,,,
14,21,61,115.51191803278688,109.417,,,
14,22,61,114.7245081967213,108.598,,,
14,24,61,115.7350655737705,109.852,,,
14,67,47,118.27648936170213,110.636,,,
14,153,47,117.99080851063829,112.483,,,
14,154,3,127.01566666666668,117.192,,,
15,1,53,100.13047169811321,93.259,,,
15,2,53,100.18777358490566,93.6,,,
15,3,53,100.1742641509434,93.595,,,
15,4,53,100.2548679245283,93.946,,,
15,5,53,100.26750943396226,93.801,,,
15,6,53,100.34747169811321,94.783,,,
15,8,53,100.15816981132075,92.999,,,
15,9,53,100.23056603773584,93.334,,,
15,15,53,100.10037735849058,93.152,,,
15,16,53,100.2906037735849,93.668,,,
15,17,51,104.3663137254902,92.569,,,
15,18,53,100.22484905660377,93.251,,,
15,20,53,100.00835849056604,92.572,,,
15,21,53,100.28375471698114,93.479,,,
15,22,53,100.2091320754717,93.91,,,
15,24,53,100.30522641509434,94.294,,,
15,67,11,99.10790909090909,95.392,,,
15,153,43,96.04939534883721,94.049,,,
15,154,52,102.30380769230769,94.643,,,
16,1,71,78.33838028169015,74.345,,,
16,2,21,85.99838095238094,74.988,,,
16,3,27,83.982,74.37,,,
16,5,71,79.10676056338029,74.303,,,
16,6,30,82.85976666666666,75.073,,,
16,8,71,78.54114084507042,74.558,,,
16,9,71,78.17897183098592,74.155,,,
16,17,71,78.07156338028169,73.733,,,
16,18,71,78.48008450704225,74.353,,,
16,20,71,78.34835211267605,73.89,,,
16,21,71,79.06684507042254,74.931,,,
16,22,71,78.7117605633803,73.95,,,
16,24,71,79.07702816901408,74.99,,,
16,67,71,78.57847887323943,74.563,,,
16,153,70,79.30904285714287,74.861,,,
16,154,70,79.21322857142857,74.789,,,
16,155,71,78.96345070422535,74.676,,,
17,1,20,103.6165,100.367,,,
17,2,55,103.08485454545453,100.672,,,
17,3,55,103.44281818181818,100.997,,,
17,4,55,103.87456363636363,100.757,,,
17,5,55,103.5674909090909,101.316,,,
17,6,55,103.6955090909091,100.754,,,
17,8,55,103.59510909090909,100.843,,,
17,9,55,103.48352727272727,100.924,,,
17,15,55,103.23236363636363,100.723,,,
17,16,54,104.63753703703703,100.904,,,
17,17,55,102.9322,100.571,,,
17,18,55,102.9432909090909,100.642,,,
17,20,55,102.60752727272727,100.279,,,
17,21,54,104.57216666666667,101.132,,,
17,22,55,103.02089090909091,100.449,,,
17,24,55,104.3248,101.277,,,
17,67,55,103.35832727272727,100.326,,,
17,153,18,107.04883333333333,103.318,,,
17,154,54,104.65548148148147,102.274,,,
17,155,55,103.12285454545454,100.779,,,
18,1,58,98.11406896551725,87.452,,,
18,2,58,98.2085172413793,87.739,,,
18,3,58,98.25481034482758,88.09,,,
18,4,58,98.41029310344828,88.603,,,
18,5,58,98.4246551724138,87.418,,,
18,6,57,100.08219298245614,89.639,,,
18,7,55,98.86438181818183,89.534,,,
18,8,53,99.53471698113208,87.903,,,
18,9,47,99.29074468085106,88.753,,,
18,10,43,96.89586046511627,89.558,,,
18,11,32,99.014,90.892,,,
18,12,30,99.6436,91.384,,,
18,13,29,97.65986206896552,88.175,,,
18,14,25,95.46288,89.502,,,
18,15,19,95.12678947368421,89.31,,,
18,16,8,105.505875,92.021,,,
18,22,58,99.01843103448276,88.736,,,
19,1,56,98.66255357142856,95.462,,,
19,2,56,98.7212142857143,95.366,,,
19,3,55,100.38594545454545,96.782,,,
19,4,56,99.08207142857144,96.288,,,
19,5,56,98.51794642857143,95.922,,,
19,6,54,101.79872222222222,97.711,,,
19,8,56,97.8313392857143,95.405,,,
19,9,56,98.18080357142857,95.921,,,
19,10,1,170.79,170.79,,,
19,11,54,101.59507407407408,98.504,,,
19,12,56,99.47780357142857,96.956,,,
19,13,30,97.97903333333333,95.914,,,
19,14,56,99.19241071428571,96.206,,,
19,15,56,98.64976785714285,96.068,,,
19,16,5,103.7602,100.33,,,
19,17,56,99.04794642857144,96.696,,,
19,18,56,99.370875,95.715,,,
19,19,55,101.2605090909091,98.171,,,
19,20,39,99.91010256410256,96.87,,,
19,21,55,100.17541818181819,96.962,,,
19,22,55,100.21943636363638,96.693,,,
20,1,56,97.90685714285715,95.52,,,
20,2,57,96.05928070175437,93.565,,,
20,3,57,96.89226315789473,94.072,,,
20,4,57,97.26580701754386,95.194,,,
20,5,57,96.38173684210527,93.193,,,
20,6,56,97.936375,95.433,,,
20,7,56,98.13492857142856,95.333,,,
20,8,57,95.97033333333333,93.709,,,
20,9,57,95.99943859649122,93.775,,,
20,10,57,97.13105263157895,94.807,,,
20,11,56,98.96560714285714,95.891,,,
20,12,40,100.168875,95.129,,,
20,13,57,95.91175438596491,93.6,,,
20,14,56,99.13689285714285,95.351,,,
20,15,57,96.63656140350878,94.204,,,
20,16,55,100.02812727272727,95.442,,,
20,17,57,96.70952631578947,94.305,,,
20,18,19,103.58205263157895,96.125,,,
20,19,56,98.8149642857143,95.324,,,
20,21,56,97.65082142857143,95.057,,,
20,22,57,97.27775438596491,94.855,,,
21,1,66,89.443,82.017,,,
21,2,66,90.33521212121212,82.519,,,
21,3,41,93.37429268292682,83.319,,,
21,4,34,95.16879411764707,82.683,,,
21,5,21,89.03138095238094,82.453,,,
21,6,66,90.26204545454546,83.549,,,
21,7,4,116.1635,87.449,,,
21,8,66,89.37956060606061,81.67,,,
21,9,66,89.46583333333332,82.106,,,
21,10,65,90.97006153846154,83.007,,,
21,11,65,91.7686923076923,84.617,,,
21,12,6,106.22183333333332,85.444,,,
21,13,66,89.4284696969697,81.801,,,
21,14,65,91.52678461538461,82.842,,,
21,15,66,90.28009090909092,82.758,,,
21,17,66,89.92407575757576,82.564,,,
21,18,66,90.18274242424243,82.353,,,
21,19,8,102.75275,86.864,,,
21,21,65,90.90532307692307,83.439,,,
21,22,34,95.90385294117648,83.858,,,
22,1,58,89.88327586206897,86.529,,,
22,2,58,90.48606896551725,87.219,,,
22,3,58,91.04925862068966,87.795,,,
22,4,58,90.74439655172415,87.28,,,
22,5,57,91.42828070175439,87.64,,,
22,6,1,151.878,151.878,,,
22,7,24,95.03941666666667,88.745,,,
22,8,58,89.89175862068966,86.506,,,
22,9,58,90.19648275862069,86.78,,,
22,10,57,91.52110526315789,88.303,,,
22,12,57,91.64747368421052,87.867,,,
22,13,58,89.81812068965517,86.666,,,
22,14,58,91.11587931034482,87.966,,,
22,15,58,91.13439655172415,87.926,,,
22,16,57,92.48198245614036,88.78,,,
22,17,58,90.92551724137931,87.63,,,
22,18,57,91.41454385964913,87.998,,,
22,20,57,92.49271929824562,88.18,,,
22,22,57,91.62691228070176,88.017,,,
23,1,76,95.29923684210527,78.51,,,
23,2,72,100.77319444444444,80.251,,,
23,3,59,96.75077966101695,81.27,,,
23,4,75,96.86946666666665,77.869,,,
23,5,76,95.7359605263158,77.282,,,
23,6,76,95.69634210526316,79.91,,,
23,7,7,105.49142857142857,101.15,,,
23,8,76,95.74386842105262,76.689,,,
23,9,76,95.33955263157894,77.933,,,
23,10,75,96.98754666666666,79.618,,,
23,12,47,99.95878723404255,91.187,,,
23,13,76,95.36253947368421,77.886,,,
23,14,7,105.06471428571429,102.112,,,
23,15,75,97.00289333333333,79.83,,,
23,16,67,97.48101492537313,82.039,,,
23,17,76,95.55311842105263,79.036,,,
23,18,75,96.96233333333333,79.582,,,
23,20,76,95.62367105263158,78.787,,,
23,21,36,101.57325,92.849,,,
23,22,76,95.67302631578949,79.574,,,
24,1,19,85.78436842105262,77.506,,,
24,2,70,82.87060000000001,77.43,,,
24,3,70,83.45994285714286,77.977,,,
24,4,44,84.56781818181818,78.225,,,
24,5,70,83.41257142857144,78.462,,,
24,6,46,84.64619565217392,78.784,,,
24,7,69,84.1038695652174,78.62,,,
24,8,19,85.72221052631579,77.387,,,
24,9,70,82.63495714285713,77.539,,,
24,10,70,83.24391428571428,79.087,,,
24,12,39,85.85302564102564,79.239,,,
24,13,70,83.26258571428572,78.006,,,
24,14,70,82.96855714285714,78.085,,,
24,15,70,83.31745714285714,78.87,,,
24,16,13,82.52846153846153,80.666,,,
24,17,70,83.65251428571429,78.201,,,
24,18,70,83.59981428571429,79.352,,,
24,20,70,83.4081,78.532,,,
24,21,51,85.6994705882353,79.066,,,
24,22,70,83.40062857142858,78.301,,,
25,1,70,79.49665714285715,77.453,,,
25,2,70,79.60462857142858,77.716,,,
25,3,69,80.1393768115942,78.311,,,
25,4,70,79.33738571428572,77.641,,,
25,5,70,79.13105714285714,77.134,,,
25,6,69,80.12936231884058,78.054,,,
25,7,69,80.14889855072464,78.216,,,
25,8,70,78.9747,76.63,,,
25,9,70,79.15367142857143,77.172,,,
25,10,70,79.54261428571428,77.836,,,
25,12,70,79.30397142857143,77.758,,,
25,13,70,78.71778571428571,76.729,,,
25,14,70,79.44738571428572,77.818,,,
25,15,70,79.12135714285715,77.567,,,
25,16,69,80.82610144927536,78.462,,,
25,17,70,79.29355714285714,77.507,,,
25,18,16,86.3189375,80.876,,,
25,20,70,79.5472857142857,77.76,,,
25,21,69,80.53669565217392,78.557,,,
25,22,69,80.07928985507246,77.969,,,
26,1,60,99.15733333333333,92.817,,,
26,2,60,100.30028333333334,92.719,,,
26,3,59,101.16932203389831,94.797,,,
26,4,59,101.11577966101694,93.133,,,
26,5,59,101.06627118644067,93.13,,,
26,6,59,101.15420338983051,94.277,,,
26,7,59,101.58220338983051,93.367,,,
26,8,59,100.94061016949152,92.15,,,
26,9,39,100.17169230769231,93.539,,,
26,10,59,102.01889830508475,94.61,,,
26,12,35,98.02377142857144,93.203,,,
26,13,58,103.20679310344828,93.257,,,
26,15,59,101.13410169491526,93.808,,,
26,16,10,101.94,98.16,,,
26,17,59,101.39438983050847,92.952,,,
26,18,38,100.33363157894738,93.376,,,
26,21,26,99.71615384615384,94.93,,,
26,22,60,100.52855000000001,93.386,,,
27,1,67,81.8040895522388,76.039,,,
27,2,67,81.95073134328358,75.987,,,
27,3,67,82.36614925373135,77.38,,,
27,4,67,82.38058208955223,77.115,,,
27,5,67,81.98932835820895,76.495,,,
27,6,67,82.69965671641792,77.691,,,
27,7,67,82.38783582089552,76.969,,,
27,8,67,82.02025373134329,76.342,,,
27,9,67,82.14144776119403,76.61,,,
27,10,35,79.08334285714285,76.712,,,
27,12,67,81.88746268656716,76.91,,,
27,13,67,81.9434776119403,76.502,,,
27,14,67,82.62455223880598,76.994,,,
27,15,67,82.3592985074627,77.023,,,
27,16,67,82.84122388059701,77.889,,,
27,17,40,83.91855,77.206,,,
27,18,66,83.65610606060606,77.636,,,
27,20,67,82.30083582089551,76.772,,,
27,21,67,83.05920895522388,78.244,,,
27,22,50,85.05236000000001,77.986,,,
28,1,70,83.85878571428572,81.493,,,
28,2,70,84.49680000000001,82.183,,,
28,3,69,85.67056521739131,82.397,,,
28,4,70,83.8383,81.793,,,
28,5,70,83.52952857142857,81.753,,,
28,6,69,85.66346376811593,83.307,,,
28,7,67,87.58605970149254,83.22,,,
28,8,70,83.77032857142858,81.195,,,
28,9,70,84.21982857142858,81.941,,,
28,10,70,83.68754285714286,81.671,,,
28,12,70,83.99092857142857,81.537,,,
28,13,67,83.44882089552239,81.355,,,
28,14,70,84.53534285714285,82.732,,,
28,15,70,84.05022857142856,81.638,,,
28,16,62,88.25333870967742,83.65,,,
28,17,70,84.37001428571429,82.125,,,
28,18,69,84.98782608695653,82.397,,,
28,20,22,88.33686363636363,84.222,,,
28,21,69,85.86873913043479,82.641,,,
28,22,68,86.39944117647059,82.436,,,
29,1,57,100.66578947368421,98.884,,,
29,2,57,102.00905263157895,99.526,,,
29,3,57,101.82098245614036,99.577,,,
29,5,57,101.2638947368421,99.112,,,
29,6,56,103.19851785714286,99.803,,,
29,7,57,102.14268421052633,99.639,,,
29,8,45,101.8728888888889,99.424,,,
29,9,57,101.22266666666667,99.33,,,
29,10,57,101.76015789473684,99.535,,,
29,12,57,102.1939649122807,99.544,,,
29,13,57,100.56735087719298,98.708,,,
29,14,56,104.06355357142857,100.978,,,
29,15,57,101.45654385964913,99.657,,,
29,16,41,103.60817073170732,100.661,,,
29,17,56,102.54558928571429,100.264,,,
29,18,56,102.74535714285715,100.763,,,
29,20,57,101.49059649122808,99.485,,,
29,21,56,102.93657142857144,100.353,,,
29,22,56,103.38678571428571,100.593,,,
30,1,44,113.40756818181818,108.135,,,
30,2,44,113.38129545454545,109.067,,,
30,3,43,115.51260465116279,110.656,,,
30,4,44,113.49709090909091,109.238,,,
30,5,43,112.99337209302325,108.223,,,
30,6,43,115.7753488372093,110.97,,,
30,7,44,113.54838636363637,109.002,,,
30,8,42,111.01983333333332,107.93,,,
30,9,44,113.50979545454545,108.965,,,
30,10,44,114.69179545454546,110.255,,,
30,12,13,114.76738461538461,111.118,,,
30,13,44,113.16804545454545,108.222,,,
30,14,43,115.46716279069769,110.177,,,
30,15,43,116.7583488372093,110.543,,,
30,16,43,115.55946511627907,110.487,,,
30,17,44,114.14022727272727,109.515,,,
30,18,43,115.8113023255814,110.671,,,
30,20,44,113.49931818181818,109.086,,,
30,21,43,118.35076744186046,111.701,,,
30,22,19,116.84652631578948,112.072,,,
31,1,53,98.81898113207546,89.721,,,
31,2,53,98.77815094339623,89.807,,,
31,3,53,99.5496037735849,90.019,,,
31,4,53,98.70560377358491,89.961,,,
31,5,53,98.49067924528302,90.3,,,
31,6,53,99.42469811320754,90.215,,,
31,7,52,101.48576923076924,89.258,,,
31,8,53,98.99928301886793,88.047,,,
31,9,53,98.64084905660378,90.298,,,
31,10,53,99.36569811320754,89.948,,,
31,12,53,99.2818679245283,90.918,,,
31,13,53,98.79830188679246,89.696,,,
31,14,52,100.56528846153847,92.459,,,
31,15,53,99.49901886792453,90.853,,,
31,16,51,103.23558823529412,93.458,,,
31,17,53,98.85928301886793,89.681,,,
31,18,53,99.63894339622641,89.827,,,
31,20,53,98.2546037735849,90.51,,,
31,21,11,109.61890909090909,97.304,,,
31,22,52,101.10484615384615,93.918,,,
32,1,61,115.44624590163934,106.072,,,
32,2,61,115.53122950819672,107.306,,,
32,3,61,115.39772131147541,106.454,,,
32,4,61,115.34924590163934,105.768,,,
32,5,61,115.79026229508196,107.337,,,
32,6,61,115.65234426229509,107.287,,,
32,7,61,115.83173770491804,107.82,,,
32,8,57,115.99956140350878,105.599,,,
32,9,61,115.80785245901639,106.899,,,
32,10,61,115.4829344262295,107.044,,,
32,12,13,112.80346153846153,110.449,,,
32,13,61,115.92580327868853,105.757,,,
32,14,61,115.61788524590163,107.562,,,
32,15,50,116.43126,106.972,,,
32,16,49,116.01338775510204,109.27,,,
32,17,29,120.27803448275863,109.183,,,
32,18,61,115.67522950819672,108.128,,,
32,20,61,115.5175737704918,107.271,,,
32,21,61,116.06352459016392,109.101,,,
32,22,14,112.7922142857143,110.32,,,
33,1,67,82.10137313432836,79.56,,,
33,2,67,81.7315223880597,79.461,,,
33,3,67,81.8505671641791,79.531,,,
33,4,67,80.92376119402985,79.101,,,
33,5,16,80.03475,79.258,,,
33,6,66,82.87027272727272,80.364,,,
33,7,67,81.80562686567164,79.262,,,
33,8,67,81.01928358208956,78.995,,,
33,9,67,81.00261194029851,79.292,,,
33,10,6,92.11933333333333,80.254,,,
33,12,67,81.23077611940299,79.199,,,
33,13,67,81.61268656716419,78.426,,,
33,15,67,81.27849253731343,79.524,,,
33,16,8,83.014625,81.189,,,
33,17,67,81.68213432835822,79.82,,,
33,18,66,82.69837878787878,80.849,,,
33,20,67,81.50894029850745,79.617,,,
33,21,21,83.61685714285714,81.577,,,
33,22,66,82.641,80.575,,,
34,1,56,98.52505357142857,96.325,,,
34,2,56,99.04153571428571,96.498,,,
34,3,55,100.3554909090909,97.246,,,
34,4,56,98.85308928571429,96.659,,,
34,5,49,100.57332653061225,97.302,,,
34,6,56,100.14732142857143,98.019,,,
34,7,56,100.1582142857143,97.452,,,
34,8,56,98.8187142857143,96.483,,,
34,9,56,99.11825,96.854,,,
34,10,56,99.27008928571429,96.727,,,
34,12,56,99.53657142857143,96.996,,,
34,13,56,98.79157142857143,96.591,,,
34,14,56,99.86151785714286,97.753,,,
34,15,2,155.8055,151.999,,,
34,16,13,101.8416153846154,99.683,,,
34,17,56,100.17544642857143,97.68,,,
34,18,55,100.40874545454545,97.773,,,
34,20,56,99.67396428571429,97.212,,,
34,21,55,101.28510909090909,98.372,,,
34,22,56,100.044,97.845,,,
35,1,71,80.14566197183098,74.159,,,
35,2,70,80.8965857142857,74.652,,,
35,3,70,81.30484285714286,74.934,,,
35,4,71,79.78497183098591,74.229,,,
35,5,71,80.3733661971831,74.207,,,
35,6,69,82.35991304347826,75.865,,,
35,7,70,81.50498571428571,74.951,,,
35,8,71,79.82633802816902,74.117,,,
35,9,70,81.2649857142857,74.375,,,
35,10,71,80.22257746478873,74.057,,,
35,13,71,79.59767605633802,73.736,,,
35,15,71,80.56194366197184,74.167,,,
35,16,69,82.19198550724639,75.773,,,
35,17,71,80.71973239436619,75.033,,,
35,18,70,81.45437142857142,74.759,,,
35,20,71,80.13304225352113,74.214,,,
35,21,69,82.74485507246378,75.212,,,
35,22,70,81.7227,75.414,,,
36,1,58,88.7476724137931,86.351,,,
36,2,58,89.09539655172415,86.722,,,
36,3,57,90.03924561403508,86.721,,,
36,4,58,88.55193103448275,86.314,,,
36,5,57,90.59842105263158,87.592,,,
36,8,58,88.42706896551725,85.235,,,
36,9,36,89.0068888888889,86.642,,,
36,11,57,90.69308771929825,88.487,,,
36,13,58,89.57887931034483,87.044,,,
36,14,48,90.9228125,87.706,,,
36,15,57,90.59022807017544,88.034,,,
36,16,56,92.9273392857143,88.687,,,
36,17,57,91.21770175438597,87.501,,,
36,18,57,91.3648947368421,88.387,,,
36,19,56,91.63603571428571,88.489,,,
36,21,58,89.57308620689655,86.892,,,
36,22,57,90.61419298245613,88.098,,,
36,23,57,90.45564912280702,87.796,,,
36,24,57,91.33971929824561,88.282,,,
36,25,48,90.91166666666668,88.303,,,
36,26,28,92.19107142857143,88.953,,,
36,27,10,94.102,90.899,,,
37,1,56,99.15155357142856,96.701,,,
37,2,56,99.44119642857143,97.417,,,
37,3,42,100.181,97.704,,,
37,4,56,98.83803571428571,96.861,,,
37,5,56,100.12401785714286,97.81,,,
37,8,56,99.16551785714286,97.228,,,
37,9,55,101.80463636363636,98.874,,,
37,11,55,101.34065454545454,98.496,,,
37,13,56,99.49348214285715,97.199,,,
37,14,36,100.9486388888889,98.098,,,
37,15,56,100.09039285714286,98.016,,,
37,17,56,100.50867857142856,98.54,,,
37,18,55,101.18294545454545,98.658,,,
37,19,55,101.76621818181819,99.566,,,
37,21,56,100.01014285714285,97.879,,,
37,22,55,101.16983636363636,98.566,,,
37,23,55,101.65227272727272,99.243,,,
37,24,55,101.78658181818182,98.447,,,
37,25,56,100.44382142857144,97.864,,,
37,26,55,101.45201818181819,99.098,,,
37,27,7,109.25542857142857,101.495,,,
38,1,57,98.41885964912281,94.27,,,
38,2,57,98.6201052631579,94.47,,,
38,3,57,99.9549298245614,95.556,,,
38,4,57,98.63054385964912,94.42,,,
38,5,57,99.94607017543859,95.475,,,
38,8,57,98.56761403508773,94.357,,,
38,9,57,99.17621052631578,94.819,,,
38,11,34,102.0815882352941,96.359,,,
38,13,57,98.37745614035087,94.067,,,
38,14,36,102.84713888888889,95.384,,,
38,15,57,99.80501754385965,95.153,,,
38,16,53,106.09641509433962,96.772,,,
38,17,41,101.31714634146341,95.705,,,
38,19,51,100.68529411764706,96.111,,,
38,21,57,99.81080701754387,95.2,,,
38,22,56,100.82339285714285,95.842,,,
38,23,56,100.49971428571429,95.845,,,
38,24,26,110.13238461538461,95.723,,,
38,25,56,100.33760714285714,95.992,,,
38,27,55,102.23309090909092,97.184,,,
39,1,65,84.66184615384616,82.876,,,
39,2,46,87.25015217391304,83.483,,,
39,3,65,85.47335384615384,83.693,,,
39,4,65,84.82593846153846,82.966,,,
39,5,65,85.5132,82.98,,,
39,8,9,90.40311111111112,83.475,,,
39,9,65,85.04376923076923,83.129,,,
39,11,64,86.108453125,84.11,,,
39,13,65,84.5573846153846,82.68,,,
39,14,65,85.45478461538463,83.524,,,
39,15,8,89.7685,86.094,,,
39,16,63,87.451,85.191,,,
39,17,7,90.26314285714285,86.323,,,
39,18,64,86.94690625,84.186,,,
39,19,64,86.517140625,84.291,,,
39,21,64,86.1276875,83.56,,,
39,22,64,86.357203125,84.287,,,
39,23,44,87.18495454545454,84.003,,,
39,24,19,89.57284210526316,85.207,,,
39,25,1,136.74,136.74,,,
39,26,9,87.88344444444444,86.238,,,
39,27,63,88.01987301587302,85.26,,,
40,1,78,77.35158974358976,75.372,,,
40,2,77,78.76753246753246,77.041,,,
40,3,77,79.12827272727272,76.991,,,
40,4,78,77.29908974358975,75.284,,,
40,5,76,79.29781578947367,77.1,,,
40,8,77,78.91064935064935,76.592,,,
40,9,77,78.71528571428571,76.006,,,
40,11,76,79.85486842105263,77.183,,,
40,13,78,78.18516666666667,76.183,,,
40,14,76,79.49482894736843,76.786,,,
40,15,76,79.83503947368422,77.495,,,
40,16,53,80.723,77.678,,,
40,17,17,80.5764117647059,78.998,,,
40,18,77,79.06507792207792,76.802,,,
40,19,76,79.86207894736843,77.223,,,
40,21,77,78.45336363636363,76.254,,,
40,22,77,79.05232467532468,77.08,,,
40,23,76,79.84713157894737,77.231,,,
40,24,1,95.137,95.137,,,
40,25,77,78.85587012987014,76.658,,,
40,26,77,79.03748051948052,76.867,,,
40,27,70,80.89112857142858,77.689,,,
41,1,70,89.30417142857142,76.494,,,
41,2,70,89.36621428571429,76.696,,,
41,3,70,89.6468,77.156,,,
41,4,70,89.61754285714287,76.367,,,
41,5,70,89.4003,78.368,,,
41,8,70,89.48998571428571,76.861,,,
41,9,26,84.98253846153847,77.529,,,
41,11,70,89.5427142857143,78.035,,,
41,13,51,87.28739215686274,76.849,,,
41,14,36,91.03252777777779,78.981,,,
41,15,58,90.44972413793103,79.092,,,
41,16,21,81.41166666666668,79.452,,,
41,17,70,89.63217142857143,77.618,,,
41,19,70,89.65157142857143,78.78,,,
41,21,51,87.64850980392157,77.411,,,
41,22,70,89.73901428571429,78.543,,,
41,23,70,89.63114285714286,77.91,,,
41,24,54,89.06738888888889,79.375,,,
41,25,70,89.38024285714286,77.947,,,
41,26,8,82.418875,80.092,,,
41,27,47,88.48042553191489,79.254,,,
42,1,73,74.93102739726028,73.222,,,
42,2,55,75.7219090909091,73.414,,,
42,3,68,75.8745,74.066,,,
42,4,73,74.95182191780822,73.257,,,
42,5,73,75.49817808219179,73.998,,,
42,8,73,75.14228767123288,73.117,,,
42,11,13,78.23053846153847,76.68,,,
42,13,73,75.10694520547945,73.38,,,
42,15,73,75.84476712328768,74.016,,,
42,16,71,77.17459154929577,74.858,,,
42,17,73,75.8533698630137,74.004,,,
42,18,72,76.98995833333333,74.703,,,
42,19,72,76.85325,74.066,,,
42,20,73,75.85956164383562,73.862,,,
42,21,72,76.44836111111111,74.009,,,
42,24,68,77.22616176470589,75.426,,,
42,25,72,76.82945833333333,74.486,,,
42,26,71,77.1455352112676,75.092,,,
42,27,70,78.23815714285715,75.902,,,
43,1,70,78.37647142857143,76.587,,,
43,2,70,78.6143,76.875,,,
43,3,70,78.89578571428571,77.011,,,
43,4,70,78.72451428571429,76.495,,,
43,5,69,79.93857971014492,77.206,,,
43,8,70,77.91714285714285,76.207,,,
43,9,70,78.51324285714286,77.153,,,
43,11,68,80.40845588235294,77.796,,,
43,13,70,77.95162857142857,76.099,,,
43,14,69,79.53010144927536,77.447,,,
43,15,1,139.632,139.632,,,
43,16,68,80.8022205882353,78.091,,,
43,17,69,79.46878260869565,77.249,,,
43,18,70,78.75835714285715,76.77,,,
43,19,1,104.767,104.767,,,
43,21,70,78.663,76.703,,,
43,22,69,79.43801449275362,77.22,,,
43,23,69,79.11882608695653,76.966,,,
43,25,69,79.59988405797101,77.24,,,
43,26,55,80.04910909090908,77.934,,,
43,27,28,80.61882142857144,78.955,,,
44,1,59,83.77028813559322,81.675,,,
44,2,59,84.05779661016949,81.991,,,
44,3,58,85.34086206896552,82.896,,,
44,4,59,83.14462711864407,81.117,,,
44,5,58,84.6141551724138,82.552,,,
44,8,59,83.10294915254238,80.638,,,
44,9,59,84.00666101694915,82.105,,,
44,11,57,86.27547368421052,83.413,,,
44,13,59,84.01927118644068,80.858,,,
44,14,58,85.31886206896552,83.118,,,
44,15,43,86.75695348837209,83.708,,,
44,16,16,86.5574375,85.015,,,
44,17,8,91.17525,83.767,,,
44,18,58,85.30777586206897,83.581,,,
44,19,35,101.5427142857143,84.144,,,
44,21,58,84.69587931034482,82.136,,,
44,22,58,85.19608620689655,83.387,,,
44,23,22,86.21995454545454,82.51,,,
44,24,53,85.92228301886792,83.628,,,
44,25,58,85.42510344827585,82.693,,,
44,26,29,85.83855172413793,83.57,,,
44,27,57,86.59984210526316,84.39,,,
45,1,59,128.79693220338984,93.401,,,
45,2,60,127.7776,94.354,,,
45,3,2,152.458,133.966,,,
45,4,60,126.4393,93.231,,,
45,5,59,128.7701186440678,94.603,,,
45,8,34,147.5365294117647,93.904,,,
45,9,60,127.81288333333333,94.451,,,
45,11,19,191.35484210526315,97.401,,,
45,13,60,126.57521666666666,92.853,,,
45,14,60,127.6669,94.316,,,
45,15,59,130.1198813559322,94.496,,,
45,16,2,144.3545,142.911,,,
45,17,60,127.53386666666667,94.449,,,
45,18,2,133.2035,126.366,,,
45,19,59,130.0507966101695,95.282,,,
45,21,59,128.80986440677967,94.893,,,
45,22,59,129.5141186440678,95.632,,,
45,23,18,196.14433333333335,96.195,,,
45,24,2,166.5075,130.715,,,
45,25,60,127.53825,94.235,,,
45,26,2,155.489,129.078,,,
45,28,13,235.9886923076923,102.783,,,
46,1,70,82.18558571428571,80.171,,,
46,2,70,82.80171428571428,80.582,,,
46,3,70,83.03042857142856,80.672,,,
46,4,70,82.82641428571429,80.324,,,
46,5,70,83.1585,80.935,,,
46,8,70,82.1958,80.047,,,
46,9,70,82.86581428571428,80.419,,,
46,11,69,83.96452173913043,80.98,,,
46,13,69,83.74820289855072,80.981,,,
46,14,69,83.65333333333332,81.553,,,
46,15,69,83.63036231884058,81.253,,,
46,16,68,85.12944117647059,82.263,,,
46,17,70,83.27602857142857,80.915,,,
46,18,35,85.48254285714286,82.906,,,
46,19,41,84.42924390243901,82.166,,,
46,20,69,84.41530434782608,81.915,,,
46,21,69,83.73878260869564,81.695,,,
46,22,68,85.18354411764706,82.004,,,
46,23,70,82.90942857142856,80.961,,,
46,24,42,85.07419047619047,82.41,,,
46,25,69,83.75591304347826,81.264,,,
46,29,4,90.82,86.741,,,
47,1,58,90.46975862068965,87.963,,,
47,2,58,90.37646551724137,88.319,,,
47,3,58,90.65412068965517,88.536,,,
47,4,58,90.1438275862069,88.07,,,
47,5,58,90.48844827586207,88.603,,,
47,8,58,89.7316551724138,87.295,,,
47,9,58,90.67013793103447,88.918,,,
47,11,57,92.21429824561403,89.916,,,
47,13,58,89.69243103448275,87.922,,,
47,14,58,90.91672413793103,89.068,,,
47,15,57,91.79242105263157,89.459,,,
47,16,53,97.05554716981132,90.617,,,
47,17,9,93.98155555555556,90.808,,,
47,18,57,91.51624561403509,88.873,,,
47,19,57,91.61661403508772,89.658,,,
47,20,57,92.40543859649122,89.983,,,
47,21,58,90.71813793103448,88.793,,,
47,22,57,91.81043859649122,89.513,,,
47,23,57,91.27682456140352,88.924,,,
47,24,57,91.78308771929825,89.563,,,
47,25,58,91.0653275862069,88.737,,,
47,29,56,94.07516071428572,90.951,,,
48,1,53,89.12958490566038,82.936,,,
48,2,53,90.08241509433962,83.681,,,
48,3,53,90.25690566037737,84.472,,,
48,4,53,89.01520754716981,82.871,,,
48,5,53,90.2746603773585,84.226,,,
48,8,53,89.53077358490566,83.37,,,
48,9,53,90.15781132075472,83.908,,,
48,11,52,91.01988461538461,84.669,,,
48,13,10,113.56739999999999,83.971,,,
48,14,1,96.129,96.129,,,
48,15,53,90.48192452830189,84.622,,,
48,16,52,92.09684615384616,85.377,,,
48,17,53,90.44688679245283,84.824,,,
48,18,53,90.3768679245283,84.532,,,
48,19,52,90.94915384615385,85.116,,,
48,20,52,91.24326923076923,85.313,,,
48,21,52,90.75896153846153,84.849,,,
48,22,53,90.46724528301887,84.767,,,
48,23,52,90.97726923076924,84.951,,,
48,24,52,91.14113461538462,85.373,,,
48,25,52,90.87998076923077,85.0,,,
48,29,52,92.32117307692307,85.478,,,
49,1,44,110.51547727272728,108.215,,,
49,2,44,111.15784090909091,108.663,,,
49,3,44,111.72595454545454,109.769,,,
49,4,44,110.30475,108.182,,,
49,5,44,111.913,109.6,,,
49,8,44,109.97877272727273,108.095,,,
49,9,44,111.92561363636364,108.894,,,
49,11,43,113.39127906976744,110.886,,,
49,13,44,110.08547727272727,108.036,,,
49,14,29,113.2365172413793,111.156,,,
49,15,44,112.33452272727273,108.99,,,
49,16,43,113.37627906976743,110.902,,,
49,17,44,111.81147727272727,110.049,,,
49,18,36,114.07386111111111,111.141,,,
49,19,43,114.03913953488373,111.391,,,
49,20,8,119.599375,112.724,,,
49,21,1,157.259,157.259,,,
49,22,43,113.32132558139534,110.678,,,
49,23,44,111.99181818181818,110.022,,,
49,24,43,113.06153488372094,110.73,,,
49,25,34,115.40561764705882,111.27,,,
49,29,43,114.39109302325582,111.648,,,
50,1,67,107.97879104477613,88.193,,,
50,2,65,109.2038,89.084,,,
50,3,49,115.25520408163264,89.926,,,
50,4,41,111.9410243902439,88.511,,,
50,5,67,108.10382089552238,89.655,,,
50,8,67,108.12025373134328,89.619,,,
50,9,67,108.71438805970149,89.021,,,
50,11,65,111.09969230769231,91.507,,,
50,13,67,108.71076119402986,89.588,,,
50,14,67,108.28173134328358,90.086,,,
50,15,66,110.09771212121213,92.414,,,
50,16,67,108.87623880597015,91.891,,,
50,17,45,113.15537777777777,88.94,,,
50,18,66,109.40636363636364,91.951,,,
50,19,54,112.73577777777778,91.803,,,
50,20,46,114.1345,89.057,,,
50,21,67,108.55885074626866,90.387,,,
50,22,67,109.29732835820894,91.06,,,
50,23,55,129.57936363636364,90.865,,,
50,24,67,109.18210447761194,90.653,,,
50,25,19,134.64631578947368,125.636,,,
50,29,66,109.91192424242423,92.13,,,
51,1,30,107.90433333333333,103.131,,,
51,2,56,106.29676785714285,99.325,,,
51,3,54,109.34668518518518,99.233,,,
51,4,56,105.14644642857144,97.991,,,
51,5,56,106.42108928571429,99.331,,,
51,8,56,104.9713392857143,98.285,,,
51,9,33,108.77715151515152,100.926,,,
51,11,55,107.6393090909091,100.126,,,
51,13,56,105.20153571428571,97.454,,,
51,14,56,106.41330357142857,99.64,,,
51,15,55,107.27176363636364,99.911,,,
51,16,24,114.70858333333332,107.603,,,
51,17,56,106.48357142857144,99.371,,,
51,18,56,106.19751785714286,98.913,,,
51,19,11,115.34718181818182,111.765,,,
51,20,56,105.92685714285714,99.89,,,
51,21,56,106.51925,98.9,,,
51,22,55,108.60827272727272,100.516,,,
51,23,25,111.331,104.062,,,
51,24,56,106.28692857142856,99.654,,,
51,25,55,106.96263636363636,99.743,,,
51,29,53,112.33269811320754,100.764,,,
52,1,70,75.705,72.506,,,
52,2,71,75.58573239436619,73.452,,,
52,3,71,75.46645070422535,73.159,,,
52,4,71,75.38435211267605,73.15,,,
52,5,35,78.90031428571429,74.891,,,
52,6,70,76.22835714285715,73.116,,,
52,8,71,74.58126760563381,72.445,,,
52,9,71,75.58066197183098,72.686,,,
52,11,69,77.16302898550725,74.914,,,
52,13,71,74.6022957746479,72.584,,,
52,14,70,76.21167142857142,74.195,,,
52,15,70,75.86757142857144,73.361,,,
52,16,43,88.84976744186046,75.202,,,
52,17,14,75.9915,74.398,,,
52,18,20,76.62205,74.039,,,
52,19,68,78.74975,74.329,,,
52,20,34,78.27288235294118,74.423,,,
52,21,2,105.989,89.298,,,
52,22,40,77.30147500000001,74.742,,,
52,23,70,76.2605,73.368,,,
52,24,69,77.82279710144928,73.643,,,
52,29,2,100.373,90.342,,,
53,2,56,96.36303571428572,93.772,,,
53,3,57,95.60084210526315,92.408,,,
53,4,57,94.4948245614035,92.534,,,
53,8,57,94.83447368421052,92.864,,,
53,11,53,103.27601886792453,97.104,,,
53,13,57,95.72126315789474,92.739,,,
53,14,57,95.8201052631579,93.376,,,
53,15,56,97.34760714285714,94.852,,,
53,17,57,95.23047368421052,92.66,,,
53,18,57,94.84556140350878,92.729,,,
53,21,21,100.94480952380952,94.32,,,
53,22,56,97.18907142857144,93.84,,,
53,23,56,96.86657142857143,94.112,,,
53,24,57,96.00354385964913,93.48,,,
53,26,56,96.46144642857143,93.108,,,
53,30,57,94.51668421052632,92.523,,,
53,31,57,95.14478947368421,92.771,,,
53,32,57,95.66624561403509,93.212,,,
53,33,55,98.46623636363636,95.94,,,
53,34,35,121.72485714285715,98.302,,,
53,35,29,96.1946551724138,93.694,,,
54,2,48,98.14789583333332,95.751,,,
54,3,6,99.39283333333333,97.366,,,
54,4,56,97.23417857142857,94.803,,,
54,11,53,102.95583018867924,100.199,,,
54,13,56,97.92469642857144,95.954,,,
54,14,10,100.7499,98.078,,,
54,15,55,98.94803636363636,96.38,,,
54,17,15,99.64186666666667,96.771,,,
54,18,56,97.32428571428571,95.604,,,
54,21,56,97.15230357142856,95.294,,,
54,22,55,99.1494909090909,96.188,,,
54,23,56,98.603875,95.686,,,
54,24,54,101.21603703703704,97.387,,,
54,26,41,100.03541463414633,97.313,,,
54,27,54,101.33724074074074,98.198,,,
54,30,56,97.93541071428571,95.647,,,
54,31,56,97.855,95.566,,,
54,32,26,133.35996153846153,96.867,,,
54,33,54,102.56003703703703,99.51,,,
54,34,33,106.02,102.833,,,
54,35,56,98.58910714285715,96.002,,,
55,2,57,99.98073684210527,87.7,,,
55,4,57,99.43631578947368,86.189,,,
55,8,57,99.46840350877193,86.045,,,
55,11,55,104.48483636363636,90.574,,,
55,14,57,100.38338596491228,88.25,,,
55,17,22,101.69104545454546,87.8,,,
55,18,56,100.27746428571429,87.799,,,
55,21,57,100.11036842105263,87.561,,,
55,22,57,100.34691228070176,87.69,,,
55,23,57,99.87182456140351,87.81,,,
55,24,37,102.35864864864865,87.988,,,
55,26,57,100.38047368421051,88.367,,,
55,27,56,102.51078571428572,89.238,,,
55,30,32,98.6789375,87.18,,,
55,31,46,105.65219565217392,87.464,,,
55,32,4,131.41875,101.351,,,
55,33,39,107.27356410256411,89.687,,,
55,34,54,106.26727777777778,93.737,,,
55,35,57,100.30568421052632,88.321,,,
56,2,61,89.74788524590163,85.996,,,
56,3,62,89.45420967741934,86.418,,,
56,4,62,88.20293548387097,84.569,,,
56,8,62,88.45177419354839,85.027,,,
56,11,44,93.76695454545454,89.1,,,
56,13,62,88.44487096774193,85.528,,,
56,14,47,90.91485106382979,86.855,,,
56,15,5,104.3934,88.039,,,
56,17,62,88.77782258064516,85.488,,,
56,18,62,88.80840322580646,85.347,,,
56,21,62,88.81751612903226,85.353,,,
56,22,62,89.42479032258065,86.129,,,
56,23,62,88.90317741935483,85.316,,,
56,24,61,89.7725737704918,85.679,,,
56,26,61,89.7986393442623,86.248,,,
56,30,62,88.16912903225806,84.624,,,
56,31,62,88.42506451612903,85.096,,,
56,32,40,90.92085,86.759,,,
56,33,60,92.07436666666666,87.16,,,
56,34,23,132.61721739130437,91.032,,,
56,35,62,89.49767741935483,85.438,,,
57,2,59,97.7658813559322,94.035,,,
57,3,60,97.22216666666667,93.579,,,
57,4,60,96.04193333333333,92.532,,,
57,8,60,96.06073333333333,92.472,,,
57,11,45,101.28644444444444,96.706,,,
57,13,60,96.05353333333333,93.099,,,
57,14,2,130.8375,117.175,,,
57,15,59,97.64369491525423,93.953,,,
57,17,12,103.21616666666667,95.415,,,
57,18,28,98.69735714285714,94.042,,,
57,21,60,97.21468333333334,92.964,,,
57,22,60,97.18918333333333,93.952,,,
57,23,52,97.59844230769231,93.607,,,
57,26,59,97.78616949152541,94.091,,,
57,27,59,99.12755932203389,95.428,,,
57,30,60,95.97941666666667,92.099,,,
57,31,52,97.63446153846154,93.571,,,
57,32,28,99.54707142857143,94.553,,,
57,33,59,99.08679661016949,95.504,,,
57,35,60,97.46881666666667,94.037,,,
57,36,29,102.45389655172414,97.214,,,
58,2,65,80.0156,77.869,,,
58,3,65,80.39598461538462,77.861,,,
58,4,66,78.5115,76.723,,,
58,8,66,79.37324242424243,77.357,,,
58,11,62,83.69753225806451,80.411,,,
58,13,66,78.96390909090908,76.648,,,
58,14,65,80.72319999999999,77.862,,,
58,15,65,80.38801538461539,78.465,,,
58,17,65,80.03656923076923,77.9,,,
58,18,66,79.39554545454546,77.367,,,
58,21,66,78.87439393939394,77.083,,,
58,22,65,79.9115076923077,77.399,,,
58,23,31,83.26587096774193,78.621,,,
58,24,63,80.77333333333333,78.488,,,
58,26,47,80.8614680851064,78.541,,,
58,27,48,89.87566666666667,79.532,,,
58,30,66,78.79183333333333,76.922,,,
58,31,17,80.89482352941177,79.482,,,
58,32,65,80.65255384615385,78.516,,,
58,33,63,82.49128571428571,79.265,,,
58,35,65,80.41395384615385,78.05,,,
58,36,10,86.3982,82.389,,,
59,2,77,81.3572987012987,77.319,,,
59,3,51,82.6731568627451,77.227,,,
59,4,78,79.78353846153847,75.671,,,
59,8,50,79.28444,75.325,,,
59,11,46,81.70234782608696,78.793,,,
59,13,77,81.38345454545454,76.612,,,
59,14,78,80.45402564102564,77.849,,,
59,15,72,80.58475,77.18,,,
59,17,48,77.97460416666667,75.68,,,
59,18,77,81.53550649350649,77.3,,,
59,21,78,80.57933333333332,75.919,,,
59,22,78,80.46734615384615,77.32,,,
59,23,77,81.37653246753247,77.54,,,
59,24,77,81.4168961038961,77.66,,,
59,26,77,81.71696103896105,77.481,,,
59,27,77,81.69838961038961,77.603,,,
59,30,78,80.47366666666667,75.143,,,
59,31,78,79.97029487179488,76.008,,,
59,32,56,81.14860714285714,77.93,,,
59,33,76,82.35311842105263,77.329,,,
59,35,77,81.80218181818182,77.767,,,
59,36,75,83.11065333333333,79.104,,,
60,2,60,87.05868333333333,82.706,,,
60,3,60,87.18225,82.916,,,
60,4,60,85.86545,81.599,,,
60,8,60,86.17665,82.461,,,
60,11,57,91.18229824561404,86.52,,,
60,13,60,86.39143333333334,82.371,,,
60,14,59,88.06244067796611,83.995,,,
60,15,59,87.71961016949153,82.744,,,
60,18,8,102.892,85.207,,,
60,21,60,86.19838333333333,82.238,,,
60,22,59,87.58442372881356,83.224,,,
60,24,59,88.24452542372882,84.221,,,
60,26,1,128.623,128.623,,,
60,27,59,88.5674406779661,83.977,,,
60,30,60,86.09796666666666,81.934,,,
60,31,60,86.94493333333334,82.78,,,
60,32,59,88.33435593220338,83.712,,,
60,33,58,89.10941379310344,84.636,,,
60,35,60,87.17043333333334,82.921,,,
60,36,57,91.63492982456141,87.167,,,
61,2,69,82.46820289855071,77.454,,,
61,3,1,86.579,86.579,,,
61,4,70,81.1044,75.911,,,
61,8,70,81.2303,75.841,,,
61,11,64,86.8323125,80.49,,,
61,13,70,81.464,77.308,,,
61,14,69,82.55343478260869,77.619,,,
61,15,69,82.44755072463768,77.503,,,
61,17,69,82.73708695652175,77.705,,,
61,18,69,82.58452173913044,78.001,,,
61,21,70,81.32838571428572,76.669,,,
61,22,11,87.84645454545455,79.286,,,
61,23,58,86.74513793103448,78.793,,,
61,24,68,84.06320588235293,78.078,,,
61,26,69,82.59036231884058,77.72,,,
61,30,70,81.13455714285715,75.993,,,
61,31,13,87.18515384615384,78.493,,,
61,32,69,82.6519420289855,77.576,,,
61,33,66,86.70568181818183,79.291,,,
61,35,58,80.71296551724137,77.394,,,
61,36,2,112.1265,96.544,,,
62,3,72,79.29370833333333,74.707,,,
62,4,73,78.1316301369863,73.316,,,
62,11,6,115.62983333333332,103.802,,,
62,13,73,77.85182191780822,72.954,,,
62,14,72,79.15290277777778,74.73,,,
62,15,73,78.06579452054795,73.269,,,
62,18,3,124.95733333333332,116.341,,,
62,21,73,77.96978082191781,73.131,,,
62,22,73,78.24267123287672,73.611,,,
62,23,62,78.84062903225806,73.225,,,
62,24,72,79.24109722222222,74.286,,,
62,27,37,84.02335135135135,74.731,,,
62,30,73,77.74245205479451,72.719,,,
62,33,9,108.083,82.036,,,
62,35,23,85.15482608695653,73.934,,,
63,2,69,80.30278260869565,78.809,,,
63,3,68,81.29804411764707,78.796,,,
63,4,70,79.11334285714285,77.77,,,
63,8,70,79.44012857142857,77.717,,,
63,13,70,79.2907,77.141,,,
63,14,69,80.34953623188406,78.978,,,
63,15,39,80.89658974358974,78.036,,,
63,17,53,87.78358490566038,78.859,,,
63,18,61,81.01672131147541,78.51,,,
63,21,70,79.61525714285713,78.057,,,
63,22,18,81.39727777777779,80.094,,,
63,23,70,79.35735714285714,77.809,,,
63,24,69,80.79079710144929,78.241,,,
63,26,69,80.60278260869565,78.674,,,
63,27,68,81.36392647058824,79.356,,,
63,30,70,78.96861428571428,77.111,,,
63,32,69,80.73485507246377,78.968,,,
63,33,11,86.12509090909091,81.663,,,
63,35,69,80.72330434782609,77.906,,,
63,36,67,83.11264179104478,80.113,,,
63,37,70,79.67442857142856,77.625,,,
64,2,9,89.37088888888889,79.264,,,
64,4,67,79.03582089552238,77.256,,,
64,8,67,78.8790895522388,76.475,,,
64,11,38,81.24831578947368,79.413,,,
64,13,67,78.69273134328358,76.392,,,
64,14,66,79.98665151515152,77.811,,,
64,15,67,79.07816417910448,76.807,,,
64,17,59,80.47016949152543,76.812,,,
64,18,67,78.96404477611941,76.818,,,
64,21,67,79.05234328358209,76.981,,,
64,22,18,79.38455555555556,78.029,,,
64,23,67,79.58274626865672,76.763,,,
64,24,66,79.91768181818182,77.407,,,
64,26,66,80.21269696969698,77.45,,,
64,27,66,80.38801515151515,78.247,,,
64,29,1,297.225,297.225,,,
64,30,67,78.68198507462687,76.357,,,
64,32,67,79.40035820895523,77.719,,,
64,33,65,81.20696923076923,78.718,,,
64,35,30,81.42646666666666,78.904,,,
64,37,2,84.08,79.649,,,
65,2,70,96.92518571428572,85.801,,,
65,3,19,102.97505263157895,98.964,,,
65,4,51,99.2194705882353,89.408,,,
65,8,25,97.69972,93.69,,,
65,9,69,98.61253623188406,88.154,,,
65,11,65,103.74883076923078,90.957,,,
65,13,69,98.6188695652174,83.516,,,
65,14,69,98.00079710144928,87.572,,,
65,15,65,99.30798461538461,85.779,,,
65,17,1,121.734,121.734,,,
65,18,70,96.29915714285715,85.143,,,
65,21,18,98.7731111111111,95.55,,,
65,22,70,96.94494285714286,84.678,,,
65,23,69,98.33831884057972,85.247,,,
65,24,25,103.17732000000001,98.858,,,
65,26,66,103.2235606060606,86.249,,,
65,27,67,101.47964179104478,86.117,,,
65,30,67,97.75819402985074,87.834,,,
65,32,6,105.58,98.702,,,
65,33,67,101.42374626865671,88.178,,,
65,37,70,96.73968571428571,84.315,,,
66,2,56,96.38082142857144,90.335,,,
66,3,25,95.58816,90.071,,,
66,4,58,92.0113275862069,88.245,,,
66,8,1,155.779,155.779,,,
66,9,57,93.84789473684211,89.723,,,
66,11,41,131.14182926829267,91.814,,,
66,13,58,91.91520689655172,88.123,,,
66,14,55,93.95665454545454,90.026,,,
66,15,57,93.56494736842106,90.048,,,
66,17,57,93.57338596491228,90.088,,,
66,18,58,92.12786206896553,88.474,,,
66,21,58,92.71855172413792,88.546,,,
66,22,58,92.95027586206898,88.733,,,
66,23,58,92.93825862068965,89.084,,,
66,24,12,94.06575,92.148,,,
66,26,57,93.85368421052632,89.933,,,
66,27,46,94.69943478260869,90.403,,,
66,29,23,96.7051304347826,92.337,,,
66,30,58,92.01272413793103,88.005,,,
66,32,57,93.70671929824562,90.025,,,
66,37,58,92.70672413793103,88.959,,,
67,2,53,85.6091320754717,83.294,,,
67,3,9,95.132,85.362,,,
67,4,43,85.35676744186046,83.121,,,
67,8,53,84.90605660377358,82.559,,,
67,9,53,85.25262264150943,83.111,,,
67,11,51,89.04594117647059,85.676,,,
67,13,53,85.62132075471699,83.003,,,
67,14,52,86.55,84.984,,,
67,15,53,85.59692452830188,83.869,,,
67,17,53,86.12409433962263,84.197,,,
67,18,53,85.37094339622641,83.518,,,
67,21,53,85.3588679245283,83.617,,,
67,22,53,85.55441509433962,83.794,,,
67,23,52,86.60225,84.837,,,
67,24,52,86.57951923076924,84.764,,,
67,26,52,86.57107692307692,85.094,,,
67,27,51,89.45584313725489,85.494,,,
67,29,18,88.68388888888889,86.548,,,
67,30,53,84.75424528301888,82.575,,,
67,32,52,86.46107692307692,84.571,,,
67,33,44,89.56595454545455,84.822,,,
67,37,20,86.72835,83.702,,,
68,2,56,106.15582142857143,99.164,,,
68,3,55,107.15434545454546,100.471,,,
68,4,56,104.56907142857143,97.586,,,
68,8,18,107.47855555555556,104.094,,,
68,9,55,107.60381818181817,100.193,,,
68,11,55,107.73332727272727,100.856,,,
68,13,44,107.19079545454545,99.397,,,
68,14,56,106.36683928571429,100.549,,,
68,15,38,113.03655263157894,104.787,,,
68,17,56,106.363125,99.907,,,
68,18,56,105.80005357142856,99.206,,,
68,21,56,105.30257142857144,99.332,,,
68,22,56,105.92639285714286,99.749,,,
68,23,49,107.78581632653061,99.823,,,
68,24,55,107.13396363636363,101.71,,,
68,26,55,108.24287272727273,99.681,,,
68,27,53,111.88788679245283,101.483,,,
68,29,52,112.673,101.847,,,
68,30,56,104.5133392857143,98.553,,,
68,33,37,110.39967567567568,105.356,,,
68,37,56,105.89078571428571,99.149,,,
68,38,55,107.35390909090908,99.801,,,
69,2,53,96.40581132075471,94.525,,,
69,3,52,96.94828846153847,94.802,,,
69,4,53,94.97005660377359,92.676,,,
69,8,53,95.79262264150942,93.344,,,
69,9,53,96.4216037735849,93.509,,,
69,11,52,98.44630769230768,95.082,,,
69,13,53,95.2747924528302,93.296,,,
69,14,35,98.89091428571429,95.052,,,
69,15,53,95.85150943396226,93.866,,,
69,17,39,97.5218717948718,95.092,,,
69,18,53,95.6134716981132,93.451,,,
69,21,53,95.422,93.564,,,
69,22,52,97.53048076923076,94.071,,,
69,23,53,95.89211320754717,93.607,,,
69,24,52,98.22957692307692,94.131,,,
69,26,48,99.0169375,94.56,,,
69,27,20,99.58895,96.036,,,
69,29,50,101.19632,95.594,,,
69,30,36,94.57005555555556,92.792,,,
69,33,51,98.86229411764707,95.26,,,
69,37,52,97.04005769230768,94.12,,,
69,38,52,97.95673076923076,95.099,,,
70,2,63,79.46179365079365,74.163,,,
70,4,71,77.92125352112677,72.961,,,
70,8,71,78.05991549295774,73.281,,,
70,9,71,78.6111690140845,74.117,,,
70,11,70,78.78175714285715,73.401,,,
70,13,71,77.6584647887324,72.877,,,
70,14,14,95.02364285714286,76.045,,,
70,15,10,101.70710000000001,74.882,,,
70,17,1,103.205,103.205,,,
70,18,71,77.93161971830986,73.053,,,
70,21,71,78.08504225352112,73.121,,,
70,22,71,78.22598591549296,73.391,,,
70,23,9,101.73722222222221,76.835,,,
70,24,70,79.3041,73.687,,,
70,26,70,79.10937142857142,73.862,,,
70,27,70,79.5407857142857,74.591,,,
70,29,69,80.04146376811593,73.379,,,
70,30,71,77.99781690140846,72.162,,,
70,33,69,79.95139130434782,74.41,,,
70,37,71,78.39181690140846,73.817,,,
70,38,70,79.14408571428571,73.7,,,
71,2,42,90.15188095238095,86.854,,,
71,4,57,88.84294736842105,85.683,,,
71,8,57,89.42050877192983,86.255,,,
71,11,55,90.52710909090908,87.877,,,
71,13,57,89.85489473684211,86.893,,,
71,14,57,89.00819298245614,86.69,,,
71,15,57,89.83235087719298,87.116,,,
71,17,57,89.0218245614035,86.493,,,
71,18,56,90.00535714285715,86.26,,,
71,21,57,88.72519298245614,85.994,,,
71,22,57,88.82261403508772,86.233,,,
71,23,56,90.35491071428571,86.536,,,
71,27,16,95.8565625,93.144,,,
71,30,42,90.06380952380952,86.261,,,
71,31,57,89.33980701754386,86.393,,,
71,32,57,89.40935087719298,86.627,,,
71,33,55,92.96083636363636,88.999,,,
71,35,56,90.66808928571429,87.745,,,
71,39,55,91.9823090909091,87.97,,,
71,40,53,96.22730188679246,92.852,,,
72,2,56,98.67721428571429,95.712,,,
72,4,56,98.10242857142856,95.899,,,
72,8,56,99.55921428571429,95.483,,,
72,13,55,100.0984,97.212,,,
72,14,56,99.39783928571428,96.79,,,
72,15,56,98.5368392857143,95.816,,,
72,17,36,98.64758333333333,96.026,,,
72,18,2,102.4875,97.912,,,
72,19,2,107.3965,101.47,,,
72,21,36,98.63272222222221,96.182,,,
72,22,49,100.6335918367347,96.878,,,
72,23,56,99.02839285714286,96.321,,,
72,27,52,106.30184615384616,102.465,,,
72,30,56,99.53078571428571,96.982,,,
72,31,56,98.84583928571429,96.585,,,
72,32,56,99.54591071428571,96.902,,,
72,33,53,104.00092452830188,100.432,,,
72,35,26,100.73676923076924,98.058,,,
72,39,54,103.02518518518518,99.833,,,
72,40,2,109.867,103.558,,,
73,2,25,95.54856,93.055,,,
73,4,57,94.00931578947367,91.713,,,
73,8,57,94.57182456140352,91.822,,,
73,11,27,96.48811111111111,93.124,,,
73,13,56,95.72839285714285,93.326,,,
73,14,56,95.94060714285715,93.417,,,
73,15,57,94.24456140350878,92.324,,,
73,17,57,95.3198596491228,93.087,,,
73,18,46,95.09404347826086,92.411,,,
73,21,4,103.24875,97.036,,,
73,22,56,96.06939285714286,92.976,,,
73,23,57,94.94391228070175,92.683,,,
73,27,53,101.13618867924528,96.913,,,
73,30,12,97.22066666666667,92.886,,,
73,33,55,99.05458181818182,95.744,,,
73,35,54,96.52605555555556,93.458,,,
73,37,57,95.14945614035086,91.447,,,
73,39,2,101.8965,97.533,,,
73,40,54,100.9000925925926,96.432,,,
74,2,62,86.01940322580646,83.917,,,
74,4,62,84.86969354838709,83.133,,,
74,8,9,91.03411111111112,83.296,,,
74,11,62,85.43070967741934,83.368,,,
74,13,61,86.28795081967213,83.602,,,
74,14,61,86.6842950819672,84.641,,,
74,15,62,86.0028870967742,84.022,,,
74,17,62,86.2131935483871,84.419,,,
74,18,62,85.03874193548387,82.604,,,
74,21,5,87.866,85.665,,,
74,22,18,87.29583333333333,84.435,,,
74,23,62,86.41551612903226,84.23,,,
74,24,62,86.22072580645161,83.488,,,
74,25,62,85.3141129032258,83.023,,,
74,27,20,89.4344,87.42,,,
74,30,62,84.87316129032257,81.858,,,
74,33,60,89.03731666666667,84.719,,,
74,35,62,85.90908064516128,84.017,,,
74,39,61,86.96404918032788,84.094,,,
74,40,8,90.417,88.334,,,
75,2,65,80.63706153846154,76.519,,,
75,4,66,79.76487878787879,76.098,,,
75,8,66,79.34590909090909,75.977,,,
75,13,63,81.14307936507936,76.802,,,
75,14,65,80.6033076923077,76.947,,,
75,15,66,80.04207575757576,76.614,,,
75,17,66,80.38442424242425,76.761,,,
75,21,66,80.22372727272727,75.641,,,
75,22,65,80.62593846153847,77.156,,,
75,23,66,80.05377272727272,76.469,,,
75,24,9,92.21244444444444,79.435,,,
75,27,19,96.13184210526316,80.124,,,
75,30,46,83.49241304347825,75.648,,,
75,31,65,80.57001538461539,75.771,,,
75,33,63,83.8262380952381,78.998,,,
75,35,51,81.62190196078431,77.585,,,
75,39,63,84.23769841269842,79.734,,,
75,40,11,110.34490909090908,80.865,,,
76,2,78,81.14657692307692,77.159,,,
76,4,78,81.43644871794872,76.6,,,
76,8,78,80.96866666666668,75.921,,,
76,13,77,82.64367532467533,77.799,,,
76,14,23,78.79004347826087,77.693,,,
76,15,77,82.78184415584415,76.812,,,
76,17,78,81.20564102564103,76.971,,,
76,21,77,83.13785714285714,76.776,,,
76,22,78,81.45033333333333,76.916,,,
76,23,78,81.44529487179487,77.07,,,
76,24,59,82.1099152542373,78.03,,,
76,27,73,87.39808219178082,80.237,,,
76,30,78,81.44588461538461,75.842,,,
76,31,78,81.4385,77.403,,,
76,33,75,85.21366666666667,80.747,,,
76,35,77,82.78788311688312,77.482,,,
76,39,18,91.45633333333333,82.019,,,
76,40,29,86.79896551724137,79.037,,,
77,2,59,93.61381355932204,91.124,,,
77,4,59,93.33301694915255,90.711,,,
77,8,58,93.24781034482758,90.94,,,
77,11,58,94.97070689655172,91.889,,,
77,13,58,95.7371551724138,92.329,,,
77,14,59,93.86840677966102,91.306,,,
77,15,59,94.53794915254238,91.779,,,
77,18,59,94.95650847457627,91.955,,,
77,21,59,94.21322033898305,91.708,,,
77,22,59,93.64740677966101,91.028,,,
77,23,33,95.5190909090909,91.724,,,
77,24,59,94.54537288135593,91.971,,,
77,27,57,98.23291228070175,95.047,,,
77,30,59,94.18801694915254,91.503,,,
77,31,59,94.319,91.807,,,
77,33,58,96.40296551724137,93.425,,,
77,35,58,95.4415172413793,92.583,,,
77,39,58,96.41856896551725,93.292,,,
77,40,56,98.84217857142856,95.536,,,
78,2,43,78.05383720930232,75.752,,,
78,4,38,76.58639473684211,74.727,,,
78,8,70,78.98985714285715,74.384,,,
78,11,40,127.40075,76.044,,,
78,13,70,79.77755714285715,76.008,,,
78,14,69,80.64239130434783,76.414,,,
78,15,62,79.78620967741935,75.872,,,
78,17,70,79.7867,75.401,,,
78,18,46,77.18176086956521,75.189,,,
78,21,32,76.74728125,74.89,,,
78,22,70,79.56818571428572,75.48,,,
78,23,69,80.49595652173913,75.827,,,
78,27,67,82.78673134328358,78.462,,,
78,30,70,79.0061,74.868,,,
78,31,52,79.93746153846153,74.576,,,
78,32,69,80.73860869565218,76.299,,,
78,33,67,82.63488059701493,77.344,,,
78,35,69,80.74471014492754,75.945,,,
78,39,24,80.82420833333333,77.015,,,
78,40,39,82.43810256410256,78.709,,,
79,22,73,73.76305479452054,71.649,,,
79,27,71,76.45505633802817,73.907,,,
79,30,73,73.74220547945205,71.497,,,
79,33,72,74.87255555555556,73.237,,,
79,39,72,75.30490277777778,73.37,,,
79,40,71,76.67449295774648,74.49,,,
80,2,66,83.71612121212121,78.102,,,
80,4,70,78.31761428571428,76.502,,,
80,8,70,78.48625714285714,76.423,,,
80,11,69,80.32330434782608,77.929,,,
80,13,30,95.29583333333333,77.805,,,
80,14,69,80.03910144927536,77.611,,,
80,15,69,79.5711884057971,77.792,,,
80,17,68,80.83233823529412,78.395,,,
80,18,69,79.50685507246378,77.408,,,
80,21,69,79.69950724637681,77.511,,,
80,22,69,80.00568115942029,77.96,,,
80,23,69,79.88921739130436,78.103,,,
80,27,37,83.65672972972973,81.077,,,
80,30,70,79.48781428571428,77.714,,,
80,31,46,79.1333695652174,76.656,,,
80,32,1,89.654,89.654,,,
80,33,67,82.48107462686566,80.004,,,
80,35,69,79.95184057971015,77.841,,,
80,39,66,83.78445454545455,80.156,,,
80,40,33,84.85309090909091,81.451,,,
81,2,59,86.99425423728813,83.36,,,
81,4,60,84.53878333333334,81.228,,,
81,8,60,84.73373333333333,80.502,,,
81,11,58,88.31294827586207,82.551,,,
81,13,59,86.29442372881357,82.466,,,
81,14,59,87.00838983050848,83.089,,,
81,15,60,85.84065,82.112,,,
81,17,59,86.88761016949152,83.291,,,
81,18,60,85.1642,81.993,,,
81,21,60,84.79169999999999,81.159,,,
81,22,60,85.76925,82.302,,,
81,23,60,85.81333333333333,81.96,,,
81,27,57,89.81138596491228,86.182,,,
81,30,60,85.7485,81.675,,,
81,31,60,84.49313333333333,80.7,,,
81,32,59,87.07150847457628,83.147,,,
81,33,58,88.82920689655172,84.247,,,
81,35,59,87.06008474576271,83.21,,,
81,39,10,93.9619,85.257,,,
81,40,56,90.73801785714285,86.489,,,
82,2,66,79.10121212121213,76.607,,,
82,4,67,77.44177611940299,75.235,,,
82,8,35,76.8966,74.873,,,
82,11,66,79.151,76.725,,,
82,13,67,78.28610447761194,76.288,,,
82,14,67,78.22834328358209,76.233,,,
82,15,64,79.8275625,76.474,,,
82,17,55,94.36754545454545,76.803,,,
82,18,67,77.80628358208956,75.843,,,
82,21,67,78.19680597014926,75.89,,,
82,22,66,78.7170303030303,76.528,,,
82,23,67,78.22150746268657,76.073,,,
82,27,65,80.95509230769231,78.425,,,
82,30,67,78.21326865671642,76.099,,,
82,31,67,77.77862686567164,75.878,,,
82,32,67,78.48383582089552,76.236,,,
82,33,64,82.231328125,78.106,,,
82,35,64,81.41034375,77.122,,,
82,38,63,82.5657142857143,79.025,,,
82,39,64,82.154390625,78.212,,,
83,2,70,84.48467142857143,82.053,,,
83,4,69,85.44155072463768,82.884,,,
83,8,70,83.50788571428572,81.219,,,
83,11,69,85.02133333333333,82.399,,,
83,13,63,93.9501746031746,83.048,,,
83,15,70,84.28247142857143,81.842,,,
83,17,69,84.83046376811593,82.453,,,
83,18,70,84.34834285714285,82.406,,,
83,21,69,85.3231884057971,82.506,,,
83,22,69,85.42378260869565,82.768,,,
83,23,70,84.02401428571429,81.873,,,
83,27,59,100.25664406779661,85.956,,,
83,30,70,84.01618571428573,81.476,,,
83,31,41,84.112,81.237,,,
83,33,66,89.18722727272728,84.774,,,
83,35,56,86.99294642857143,83.118,,,
83,38,26,88.55426923076924,85.646,,,
83,39,67,87.91662686567165,84.446,,,
84,2,29,93.11893103448276,87.353,,,
84,4,58,87.81143103448275,85.524,,,
84,8,58,87.49058620689655,85.03,,,
84,11,58,89.38691379310345,85.858,,,
84,13,28,90.24139285714286,86.514,,,
84,14,58,88.6853448275862,86.417,,,
84,15,58,88.44610344827585,86.178,,,
84,17,20,97.4682,86.791,,,
84,18,58,88.16824137931034,85.79,,,
84,21,58,88.14529310344828,85.604,,,
84,22,57,89.07849122807016,86.635,,,
84,23,57,89.62470175438597,87.025,,,
84,27,48,98.89635416666667,89.392,,,
84,30,32,140.8015,86.991,,,
84,31,58,87.82912068965517,84.77,,,
84,32,58,88.72544827586208,86.374,,,
84,33,55,93.0014909090909,89.035,,,
84,35,57,89.61484210526316,86.967,,,
84,38,55,92.52621818181818,89.229,,,
84,39,55,92.75547272727273,89.286,,,
85,4,53,84.36109433962264,82.146,,,
85,8,53,84.74403773584905,81.504,,,
85,11,52,86.3866153846154,83.341,,,
85,13,53,85.7372075471698,83.365,,,
85,14,52,86.36828846153847,83.867,,,
85,15,53,84.95179245283019,82.831,,,
85,17,52,86.0696923076923,82.935,,,
85,18,53,85.51498113207546,83.161,,,
85,21,53,84.65347169811321,82.587,,,
85,22,52,86.03019230769232,83.466,,,
85,23,53,85.14309433962264,83.076,,,
85,27,51,88.75911764705883,84.966,,,
85,30,53,86.12696226415095,83.584,,,
85,31,53,84.31432075471699,81.828,,,
85,32,52,86.0453653846154,83.633,,,
85,33,51,87.8875294117647,84.81,,,
85,35,52,85.95963461538462,83.892,,,
85,38,51,88.11188235294118,85.193,,,
85,39,50,90.91784,85.146,,,
85,42,53,85.15664150943397,82.87,,,
86,4,44,123.40202272727272,116.131,,,
86,8,44,122.75670454545454,113.81,,,
86,11,13,134.69653846153847,117.534,,,
86,13,43,126.80606976744187,117.748,,,
86,14,18,130.97783333333334,118.451,,,
86,15,34,126.99414705882353,116.953,,,
86,17,44,124.32868181818182,112.287,,,
86,18,44,123.48572727272727,113.323,,,
86,21,10,120.0697,117.117,,,
86,22,44,124.53252272727272,112.59,,,
86,23,44,124.74702272727272,111.453,,,
86,27,42,130.85783333333333,121.627,,,
86,30,13,134.6883076923077,117.444,,,
86,31,40,123.54585,115.988,,,
86,32,43,125.93697674418604,112.582,,,
86,33,43,125.628,117.886,,,
86,35,44,124.74386363636363,114.251,,,
86,38,41,132.35746341463414,121.148,,,
86,39,43,126.83651162790697,115.885,,,
86,42,39,126.39551282051283,117.541,,,
87,4,71,75.85090140845071,72.653,,,
87,8,71,75.5366338028169,72.268,,,
87,11,70,77.22182857142857,74.394,,,
87,13,70,77.38035714285715,74.343,,,
87,15,69,77.45978260869565,73.57,,,
87,17,45,119.57126666666666,73.59,,,
87,18,70,76.63287142857142,73.746,,,
87,21,71,76.06749295774648,73.19,,,
87,22,71,76.47530985915493,73.192,,,
87,23,70,76.64775714285715,73.724,,,
87,27,69,78.64026086956521,75.527,,,
87,30,71,76.00340845070423,72.8,,,
87,31,71,75.50104225352112,72.65,,,
87,32,70,76.69552857142857,73.8,,,
87,33,55,78.96543636363637,75.113,,,
87,35,70,77.39212857142857,74.054,,,
87,38,34,80.20773529411765,75.792,,,
87,39,68,78.97829411764707,74.906,,,
88,4,53,101.1258113207547,91.599,,,
88,8,53,100.79645283018867,91.54,,,
88,11,52,102.74901923076924,94.186,,,
88,13,53,101.88152830188679,93.232,,,
88,14,53,101.39269811320754,93.023,,,
88,15,9,133.57044444444443,97.428,,,
88,17,53,101.21671698113208,93.022,,,
88,18,53,101.35318867924529,92.754,,,
88,21,53,100.8272641509434,92.522,,,
88,22,53,101.94047169811321,93.133,,,
88,23,53,101.73132075471699,92.795,,,
88,27,49,109.38371428571429,96.039,,,
88,30,53,101.43567924528301,92.763,,,
88,32,53,101.77616981132076,93.499,,,
88,33,52,104.64901923076924,95.458,,,
88,35,53,102.3666603773585,93.288,,,
88,38,51,104.97598039215687,96.574,,,
88,39,51,105.7248431372549,95.887,,,
88,42,9,132.8491111111111,96.711,,,
89,4,56,107.02889285714285,93.536,,,
89,8,56,107.10058928571429,93.242,,,
89,11,34,115.35664705882353,95.587,,,
89,13,56,107.67889285714286,94.094,,,
89,14,56,107.81901785714285,94.585,,,
89,15,55,110.11712727272727,95.347,,,
89,17,56,107.6867857142857,94.271,,,
89,18,56,107.76548214285714,94.766,,,
89,21,56,107.49521428571428,93.563,,,
89,22,56,108.68625,95.011,,,
89,23,56,107.48203571428571,94.035,,,
89,27,51,112.4878431372549,97.215,,,
89,30,22,106.10863636363636,95.877,,,
89,31,24,111.356875,94.501,,,
89,32,56,107.59744642857143,93.727,,,
89,33,56,108.5404642857143,96.563,,,
89,35,56,108.09991071428571,94.713,,,
89,38,55,108.96867272727273,96.894,,,
89,39,28,108.98632142857143,97.398,,,
89,42,55,108.43358181818182,94.56,,,
90,2,43,92.3167906976744,87.503,,,
90,4,58,87.76603448275863,85.088,,,
90,8,9,89.70855555555556,87.936,,,
90,11,57,89.21001754385965,86.077,,,
90,13,44,89.73275,86.846,,,
90,14,57,88.79256140350878,86.328,,,
90,15,57,88.71552631578948,86.275,,,
90,17,29,89.80741379310345,85.952,,,
90,18,58,88.38543103448275,85.982,,,
90,21,57,89.86094736842105,86.282,,,
90,22,58,87.40279310344827,84.179,,,
90,23,58,88.21,85.824,,,
90,30,58,87.16822413793103,84.125,,,
90,31,58,88.34987931034483,85.286,,,
90,32,56,90.60935714285715,87.84,,,
90,43,56,90.74575,87.82,,,
90,44,56,91.48085714285715,87.807,,,
90,45,55,91.9392,88.523,,,
90,46,43,118.96551162790698,90.161,,,
90,47,13,100.32792307692308,90.621,,,
91,2,34,103.82370588235294,97.433,,,
91,4,56,98.84583928571429,95.888,,,
91,8,40,98.002925,95.156,,,
91,11,52,99.12021153846153,95.679,,,
91,13,55,99.76718181818183,96.57,,,
91,14,56,98.58192857142856,95.852,,,
91,15,56,98.30089285714286,95.039,,,
91,17,23,103.15826086956521,96.922,,,
91,18,56,97.84032142857143,94.967,,,
91,21,55,100.81138181818181,96.675,,,
91,22,56,97.87689285714285,95.35,,,
91,23,27,98.63922222222222,95.607,,,
91,30,56,97.63375,94.819,,,
91,31,56,97.72342857142857,94.223,,,
91,32,55,100.49141818181818,97.031,,,
91,43,55,99.88352727272726,96.544,,,
91,44,55,101.05487272727272,95.951,,,
91,45,54,102.65068518518518,99.527,,,
91,46,53,103.57716981132076,99.911,,,
91,47,52,105.21428846153847,100.123,,,
92,2,56,96.1675357142857,93.284,,,
92,4,57,94.17598245614035,90.654,,,
92,8,7,95.73085714285715,93.527,,,
92,11,57,94.16377192982456,91.101,,,
92,13,56,95.34221428571429,92.69,,,
92,14,50,94.71416,91.861,,,
92,15,57,93.80857894736843,91.421,,,
92,17,56,94.98669642857143,92.277,,,
92,18,57,93.71161403508772,90.96,,,
92,21,56,95.25919642857143,92.329,,,
92,22,57,93.26740350877192,90.876,,,
92,23,57,94.26368421052632,90.781,,,
92,30,57,93.24342105263158,90.252,,,
92,31,56,95.52380357142856,90.977,,,
92,32,56,95.79733928571429,92.533,,,
92,43,56,95.24133928571429,92.319,,,
92,44,56,95.02232142857143,92.401,,,
92,45,55,96.91910909090909,94.032,,,
92,46,52,103.84863461538461,95.13,,,
92,47,44,98.23922727272728,94.555,,,
93,2,48,86.54508333333332,83.381,,,
93,4,62,83.92458064516129,81.65,,,
93,8,61,84.92268852459017,82.5,,,
93,11,56,84.82705357142856,81.929,,,
93,13,61,85.14511475409837,82.895,,,
93,14,61,85.56311475409836,82.951,,,
93,15,62,84.1271935483871,81.666,,,
93,17,61,85.71181967213116,82.931,,,
93,18,62,83.69954838709677,81.201,,,
93,21,61,84.93873770491804,82.654,,,
93,22,62,84.13472580645161,81.873,,,
93,23,62,84.44193548387096,81.689,,,
93,30,62,83.54306451612904,80.411,,,
93,31,62,83.8917258064516,81.87,,,
93,32,60,86.91489999999999,83.647,,,
93,43,32,85.9030625,83.108,,,
93,44,61,85.54901639344263,82.861,,,
93,45,6,87.19283333333333,85.457,,,
93,46,22,89.91536363636364,86.857,,,
93,47,58,89.6568275862069,86.075,,,
94,2,33,82.74018181818182,78.971,,,
94,4,66,80.08777272727272,77.556,,,
94,8,65,81.49633846153846,78.842,,,
94,11,66,80.22981818181817,77.678,,,
94,13,65,81.188,78.819,,,
94,14,65,81.4526,79.175,,,
94,15,66,80.07780303030303,78.178,,,
94,17,65,81.5006,78.617,,,
94,18,65,80.93132307692308,77.495,,,
94,21,66,80.75680303030302,79.062,,,
94,22,66,79.78986363636363,77.887,,,
94,23,66,80.70674242424244,78.548,,,
94,30,66,79.5885,77.45,,,
94,31,46,81.303,78.262,,,
94,32,43,82.14425581395348,79.142,,,
94,43,65,81.58866153846154,79.112,,,
94,44,33,82.39375757575758,79.199,,,
94,45,51,83.87654901960785,79.896,,,
94,46,31,86.08087096774194,82.323,,,
94,47,17,86.57088235294117,83.39,,,
95,2,75,85.57694666666667,78.262,,,
95,4,41,83.10885365853657,75.226,,,
95,8,27,87.49007407407407,76.203,,,
95,11,2,84.1745,81.368,,,
95,13,76,84.4556447368421,77.151,,,
95,14,2,85.1165,80.56,,,
95,15,77,82.4233896103896,74.87,,,
95,17,11,101.76381818181818,77.466,,,
95,18,77,82.42984415584415,75.22,,,
95,21,2,86.291,80.804,,,
95,22,77,83.40736363636363,75.763,,,
95,23,69,86.70663768115942,77.588,,,
95,30,45,85.2344,74.439,,,
95,31,76,83.82642105263157,75.395,,,
95,43,76,84.45727631578949,76.232,,,
95,44,74,86.38135135135134,76.494,,,
95,45,12,100.92575,79.415,,,
95,46,15,98.40573333333333,81.592,,,
95,47,71,89.45635211267606,81.886,,,
96,2,59,94.86738983050847,92.121,,,
96,4,60,93.60146666666665,91.065,,,
96,8,9,93.10477777777778,91.67,,,
96,11,47,93.78280851063829,90.004,,,
96,13,59,94.86174576271188,92.729,,,
96,14,25,94.645,92.337,,,
96,15,60,93.47956666666667,91.131,,,
96,17,60,93.85511666666667,91.893,,,
96,18,60,92.96056666666667,90.457,,,
96,21,60,93.80914999999999,91.413,,,
96,22,60,92.88483333333333,90.101,,,
96,30,60,92.58501666666666,89.468,,,
96,31,59,94.35210169491525,91.424,,,
96,32,59,95.44213559322034,92.804,,,
96,44,59,95.31750847457627,92.506,,,
96,45,58,96.31039655172414,92.772,,,
96,46,57,98.39263157894737,95.555,,,
96,47,57,98.78526315789473,94.666,,,
97,2,68,78.68464705882353,75.89,,,
97,4,44,75.90620454545454,74.179,,,
97,8,69,77.46615942028986,74.752,,,
97,10,68,78.67969117647058,76.3,,,
97,11,48,77.98597916666667,75.076,,,
97,13,62,78.75054838709677,75.56,,,
97,14,69,77.55995652173914,75.478,,,
97,17,6,94.4295,76.739,,,
97,18,70,76.07445714285714,74.246,,,
97,21,69,77.17321739130435,75.078,,,
97,22,70,75.85587142857142,73.622,,,
97,23,70,75.79807142857143,74.04,,,
97,30,70,75.7829,73.63,,,
97,31,70,76.08575714285713,74.295,,,
97,32,67,79.75002985074627,75.731,,,
97,43,69,77.53101449275361,75.652,,,
97,44,69,77.8541884057971,76.045,,,
97,46,30,81.37306666666666,78.025,,,
97,47,66,81.30086363636363,77.516,,,
98,2,43,91.69546511627907,73.095,,,
98,4,8,100.887125,71.236,,,
98,8,72,84.1348611111111,71.248,,,
98,11,73,82.90342465753425,70.727,,,
98,14,72,84.5073888888889,72.155,,,
98,15,73,83.07476712328767,71.187,,,
98,17,60,86.1045,72.14,,,
98,18,26,101.96892307692308,71.025,,,
98,21,65,86.77106153846154,72.129,,,
98,22,73,82.64197260273973,70.399,,,
98,23,9,98.142,71.982,,,
98,30,73,82.60156164383562,70.412,,,
98,31,57,86.02656140350878,71.255,,,
98,43,17,112.05994117647059,72.872,,,
98,44,73,83.11572602739726,70.933,,,
98,47,70,86.355,74.097,,,
99,2,68,80.61933823529411,78.627,,,
99,4,70,77.52088571428571,75.551,,,
99,8,70,77.91947142857143,75.791,,,
99,11,15,77.8022,76.809,,,
99,13,69,79.27750724637681,77.388,,,
99,14,70,77.90932857142857,76.303,,,
99,15,70,77.86021428571429,76.248,,,
99,17,70,78.15038571428572,75.956,,,
99,18,70,77.86595714285714,75.971,,,
99,21,69,79.07701449275362,76.699,,,
99,22,70,77.85364285714286,76.035,,,
99,30,70,77.4019,75.377,,,
99,31,70,78.02217142857143,76.14,,,
99,32,69,78.67007246376811,76.852,,,
99,43,69,79.41598550724639,76.937,,,
99,44,68,79.97964705882353,77.069,,,
99,45,67,81.16265671641791,77.641,,,
99,46,65,82.40875384615384,78.932,,,
99,47,31,82.93819354838709,79.659,,,
99,48,70,78.23284285714286,76.07,,,
100,2,59,86.9445593220339,81.72,,,
100,4,60,85.12558333333332,80.442,,,
100,8,60,84.74716666666667,79.554,,,
100,11,60,85.27393333333333,80.79,,,
100,13,60,85.11205,80.484,,,
100,14,60,85.03946666666666,80.547,,,
100,15,39,82.92494871794872,80.655,,,
100,17,60,85.10668333333334,80.768,,,
100,18,60,84.88971666666666,79.488,,,
100,21,60,84.92646666666666,79.813,,,
100,22,60,84.76356666666666,79.296,,,
100,30,60,84.71166666666667,78.739,,,
100,31,60,84.91455,79.968,,,
100,32,59,86.7961186440678,80.956,,,
100,43,59,86.77801694915254,80.768,,,
100,44,16,85.2494375,83.131,,,
100,45,47,88.07621276595745,82.146,,,
100,46,56,91.29326785714285,84.296,,,
100,47,29,88.12258620689656,84.317,,,
100,48,60,85.28338333333333,80.434,,,
101,2,42,81.08164285714285,76.903,,,
101,4,66,76.53331818181817,74.265,,,
101,8,13,76.55992307692308,73.78,,,
101,11,66,76.99530303030302,74.585,,,
101,13,65,77.76924615384615,76.248,,,
101,14,66,76.57695454545454,74.558,,,
101,15,66,77.35009090909091,74.386,,,
101,17,66,76.90842424242425,74.883,,,
101,18,66,76.41266666666667,74.117,,,
101,21,66,77.30227272727272,75.635,,,
101,22,66,77.39545454545454,74.963,,,
101,30,66,76.28557575757576,73.783,,,
101,31,66,76.63489393939393,74.446,,,
101,32,66,77.32463636363637,75.045,,,
101,42,66,76.92127272727272,74.586,,,
101,43,38,77.72907894736842,75.145,,,
101,44,65,77.99001538461539,74.247,,,
101,45,63,79.9770634920635,76.058,,,
101,46,62,82.40572580645161,78.372,,,
101,47,62,81.40451612903226,78.76,,,
102,2,68,84.69130882352941,81.518,,,
102,4,70,82.439,80.275,,,
102,8,13,87.3783846153846,81.678,,,
102,11,69,82.99439130434783,81.03,,,
102,13,21,87.89133333333334,81.856,,,
102,14,69,83.4152463768116,81.134,,,
102,15,41,83.7109756097561,80.705,,,
102,17,69,83.79333333333332,80.825,,,
102,18,70,82.76528571428571,80.425,,,
102,21,69,83.38543478260868,81.022,,,
102,22,70,81.86895714285714,79.213,,,
102,30,70,81.80187142857142,79.071,,,
102,31,70,82.69634285714285,80.715,,,
102,32,68,85.2592794117647,82.53,,,
102,41,31,86.06806451612903,82.525,,,
102,42,69,83.01084057971015,80.501,,,
102,44,69,84.03007246376811,81.31,,,
102,45,48,85.5175,82.927,,,
102,46,66,87.97927272727271,84.601,,,
102,47,65,88.6829076923077,84.855,,,
103,2,40,139.481225,110.471,,,
103,4,11,134.37818181818182,105.87,,,
103,8,44,126.25622727272727,105.108,,,
103,13,44,126.5404090909091,107.624,,,
103,14,44,126.66463636363636,106.579,,,
103,15,44,126.7588409090909,105.898,,,
103,18,29,119.64324137931035,107.151,,,
103,21,44,126.57677272727273,106.758,,,
103,22,44,126.35556818181817,105.666,,,
103,30,44,126.32740909090909,105.503,,,
103,31,37,128.3404054054054,106.547,,,
103,32,44,126.58836363636364,107.509,,,
103,41,41,127.837,107.576,,,
103,42,31,121.24267741935483,106.74,,,
103,44,44,126.68106818181818,107.765,,,
103,47,28,123.89578571428571,111.031,,,
104,2,52,87.81523076923077,84.166,,,
104,4,40,85.9978,82.881,,,
104,8,13,87.89276923076923,83.365,,,
104,11,53,85.5437358490566,82.66,,,
104,13,52,86.96669230769231,82.941,,,
104,14,53,85.8846603773585,82.889,,,
104,15,53,86.50498113207547,82.855,,,
104,17,53,86.32469811320755,83.09,,,
104,18,53,85.4461320754717,82.671,,,
104,21,53,85.92224528301887,82.615,,,
104,22,53,85.2537358490566,81.046,,,
104,30,53,85.27915094339622,81.361,,,
104,31,53,85.86415094339623,82.929,,,
104,32,52,87.312,83.432,,,
104,41,53,86.81092452830188,83.41,,,
104,42,53,85.89056603773584,82.246,,,
104,45,33,88.30921212121213,84.061,,,
104,46,29,91.32079310344828,86.371,,,
104,47,50,90.47946,86.356,,,
105,2,55,97.82269090909091,94.717,,,
105,4,56,96.1594642857143,93.625,,,
105,8,56,95.60516071428572,92.876,,,
105,10,55,98.39523636363636,94.931,,,
105,11,56,96.55733928571429,93.533,,,
105,13,56,97.00892857142857,93.483,,,
105,14,56,97.01855357142857,93.727,,,
105,17,55,97.31874545454545,94.893,,,
105,18,56,95.59741071428572,92.935,,,
105,21,56,96.74792857142856,93.52,,,
105,22,56,95.57892857142856,92.455,,,
105,23,37,97.28762162162162,93.546,,,
105,30,55,97.49658181818182,92.238,,,
105,31,56,96.38594642857143,93.108,,,
105,32,11,99.68918181818182,96.888,,,
105,35,55,97.32196363636363,94.95,,,
105,41,35,98.5642,94.269,,,
105,44,55,97.83718181818182,94.603,,,
105,46,38,102.66857894736843,97.377,,,
105,47,53,102.61596226415095,97.578,,,
106,2,52,98.26109615384615,95.524,,,
106,4,53,96.31607547169811,94.279,,,
106,8,53,96.34616981132075,93.92,,,
106,10,51,100.17435294117648,96.667,,,
106,11,53,96.2031320754717,93.742,,,
106,13,53,97.29511320754717,93.614,,,
106,14,38,96.88518421052632,93.917,,,
106,15,52,97.60586538461538,94.626,,,
106,17,20,101.00415,94.229,,,
106,18,53,95.9744716981132,93.819,,,
106,21,53,96.66530188679245,93.85,,,
106,22,38,97.22571052631578,92.73,,,
106,23,53,95.86949056603774,93.467,,,
106,30,53,95.60349056603773,92.796,,,
106,31,53,96.64777358490566,93.779,,,
106,32,52,98.09657692307692,95.261,,,
106,35,52,97.48025,95.29,,,
106,44,51,99.43119607843137,94.438,,,
106,46,50,102.41798,99.352,,,
106,47,41,103.21875609756098,99.434,,,
107,2,15,82.95633333333333,75.855,,,
107,4,71,75.07547887323943,72.118,,,
107,8,71,74.40102816901408,71.562,,,
107,10,69,77.4423768115942,73.905,,,
107,11,71,75.09435211267606,71.941,,,
107,13,71,75.26423943661972,72.066,,,
107,14,70,75.69864285714286,72.522,,,
107,15,70,75.88858571428571,72.435,,,
107,17,23,78.62469565217393,73.197,,,
107,18,3,87.118,84.44,,,
107,21,71,75.28581690140845,71.877,,,
107,22,71,74.72605633802817,71.672,,,
107,23,71,75.08719718309858,71.764,,,
107,30,71,75.09967605633803,71.763,,,
107,31,71,74.3866338028169,71.473,,,
107,32,69,76.69755072463768,72.891,,,
107,35,70,75.4960142857143,72.21,,,
107,41,70,76.23257142857143,72.961,,,
107,46,67,79.0824328358209,74.756,,,
107,47,67,78.8377014925373,74.743,,,
108,2,20,112.95075,93.519,,,
108,4,58,98.74479310344827,88.17,,,
108,8,58,98.12613793103448,87.724,,,
108,14,58,97.9676551724138,88.272,,,
108,15,58,98.63663793103447,88.638,,,
108,17,15,107.83253333333334,89.697,,,
108,18,58,99.10513793103448,88.6,,,
108,21,52,100.02340384615384,89.274,,,
108,22,5,98.7644,97.086,,,
108,23,58,98.75636206896552,88.617,,,
108,30,58,98.13113793103447,87.759,,,
108,31,58,98.11722413793103,87.942,,,
108,35,58,99.09758620689655,88.77,,,
108,42,52,100.65584615384616,89.217,,,
108,43,7,102.93757142857143,93.753,,,
108,44,31,106.22748387096775,89.694,,,
108,49,58,98.72503448275862,89.096,,,
108,50,57,101.29168421052633,91.785,,,
108,51,16,108.377875,93.139,,,
108,52,6,102.93066666666667,96.644,,,
109,2,55,101.3508,98.528,,,
109,4,56,100.11075,97.078,,,
109,8,56,98.96776785714286,96.764,,,
109,14,2,101.7065,98.021,,,
109,15,55,100.82345454545454,97.484,,,
109,17,35,101.87945714285713,98.464,,,
109,18,55,100.88507272727273,98.413,,,
109,22,56,99.66930357142857,96.542,,,
109,23,56,100.53966071428572,98.071,,,
109,30,55,100.88136363636363,96.412,,,
109,31,53,104.89594339622641,97.787,,,
109,42,42,103.96890476190477,98.572,,,
109,43,55,102.39954545454546,98.156,,,
109,44,12,100.17358333333333,98.176,,,
109,49,55,102.371,99.287,,,
109,50,52,107.28626923076924,99.667,,,
109,51,41,105.94624390243902,99.752,,,
109,52,55,102.39481818181818,99.665,,,
110,2,8,140.1965,131.396,,,
110,4,54,101.55733333333333,83.77,,,
110,8,54,101.45727777777778,84.104,,,
110,14,54,101.5897037037037,83.132,,,
110,15,54,102.29027777777777,85.036,,,
110,17,53,102.13677358490567,84.956,,,
110,18,32,108.25046875,86.042,,,
110,21,54,101.43977777777778,83.454,,,
110,22,46,103.80734782608695,82.032,,,
110,23,54,102.15322222222223,84.778,,,
110,30,26,109.45207692307692,84.04,,,
110,31,24,111.66466666666668,85.814,,,
110,35,54,101.73707407407407,82.713,,,
110,42,24,111.78433333333332,87.99,,,
110,43,53,104.07581132075471,87.08,,,
110,44,17,116.24317647058824,90.494,,,
110,49,54,101.59981481481482,83.089,,,
110,50,30,109.79696666666666,88.01,,,
110,51,15,117.9046,88.023,,,
110,52,17,116.29158823529411,89.159,,,
111,2,61,87.11008196721312,85.329,,,
111,4,62,86.06043548387098,83.844,,,
111,8,62,85.38612903225805,82.81,,,
111,14,62,85.50756451612904,83.2,,,
111,15,61,87.75855737704917,85.444,,,
111,17,54,88.26744444444444,84.258,,,
111,18,61,86.77165573770492,83.972,,,
111,21,57,87.43547368421052,84.73,,,
111,22,62,85.39272580645161,82.775,,,
111,23,62,85.49775806451613,83.265,,,
111,30,62,85.3557741935484,82.491,,,
111,31,62,86.08595161290323,82.946,,,
111,35,19,87.77378947368422,84.108,,,
111,42,60,89.39735,84.733,,,
111,43,61,87.563,84.705,,,
111,44,61,87.07880327868853,85.123,,,
111,49,61,87.12801639344262,84.874,,,
111,50,38,89.12081578947368,86.835,,,
111,51,23,89.86652173913043,86.354,,,
111,52,51,88.3318431372549,85.539,,,
112,2,63,89.69558730158731,82.568,,,
112,4,65,86.65613846153846,80.476,,,
112,14,17,99.0584117647059,82.577,,,
112,17,64,88.17075,81.967,,,
112,18,63,89.68106349206349,81.3,,,
112,21,43,92.23353488372094,82.9,,,
112,22,65,86.84513846153845,80.143,,,
112,23,64,88.059234375,80.798,,,
112,30,65,86.56819999999999,80.307,,,
112,31,65,87.52238461538461,81.448,,,
112,35,12,107.87116666666667,82.175,,,
112,43,64,88.06484375,80.935,,,
112,44,41,89.86536585365855,80.803,,,
112,49,38,92.31565789473684,81.791,,,
112,50,62,91.56085483870969,82.942,,,
112,51,63,90.42971428571428,83.222,,,
112,52,63,89.48560317460318,82.719,,,
113,2,46,77.07278260869565,70.516,,,
113,4,44,75.52104545454546,70.526,,,
113,8,69,73.16304347826086,69.423,,,
113,14,69,73.98011594202899,69.626,,,
113,15,68,74.69175,70.358,,,
113,17,68,74.4079705882353,68.966,,,
113,18,69,73.72653623188407,69.828,,,
113,21,60,75.40631666666667,71.019,,,
113,22,69,73.17157971014493,68.913,,,
113,23,68,74.30520588235294,70.246,,,
113,30,69,73.11431884057971,68.337,,,
113,31,32,76.38596875,70.112,,,
113,35,68,74.93891176470589,69.764,,,
113,42,68,74.77567647058824,69.978,,,
113,43,68,74.86860294117648,70.466,,,
113,44,6,93.10516666666668,73.097,,,
113,51,67,75.88862686567164,71.267,,,
113,52,68,74.92864705882353,70.659,,,
114,2,76,81.08343421052632,76.835,,,
114,4,78,79.17001282051282,75.397,,,
114,8,78,78.71297435897436,74.545,,,
114,14,78,79.23380769230769,75.439,,,
114,15,78,79.23053846153847,75.679,,,
114,17,16,88.7489375,78.004,,,
114,21,77,80.59762337662337,76.647,,,
114,22,78,79.38815384615384,75.307,,,
114,23,78,79.07087179487179,74.768,,,
114,30,78,78.72730769230769,74.707,,,
114,31,78,78.70525641025641,74.902,,,
114,35,63,80.94620634920635,76.292,,,
114,42,10,93.2645,79.437,,,
114,43,77,80.57794805194806,76.282,,,
114,44,74,83.6073918918919,77.777,,,
114,50,28,84.93617857142857,79.146,,,
114,51,29,84.98686206896552,79.169,,,
114,52,76,81.41618421052632,77.208,,,
115,2,47,80.62440425531915,77.769,,,
115,4,70,78.25817142857143,76.04,,,
115,8,70,79.20132857142858,76.699,,,
115,14,47,79.86663829787234,77.088,,,
115,15,22,90.76786363636363,78.696,,,
115,17,69,79.78739130434782,77.592,,,
115,18,51,80.47680392156863,77.562,,,
115,21,20,80.32675,77.186,,,
115,22,70,79.11217142857143,76.368,,,
115,23,70,78.20535714285714,76.599,,,
115,30,70,78.19415714285715,76.378,,,
115,31,70,78.2135142857143,76.349,,,
115,35,14,84.486,79.78,,,
115,42,66,81.8605303030303,77.324,,,
115,43,64,79.886265625,77.787,,,
115,44,69,79.99701449275362,77.904,,,
115,49,6,83.973,80.043,,,
115,50,68,81.0985294117647,78.521,,,
115,51,60,81.05458333333333,78.039,,,
115,52,20,81.58205000000001,79.453,,,
116,2,59,97.13701694915254,94.541,,,
116,4,60,95.82255,93.307,,,
116,8,25,94.7436,92.621,,,
116,14,56,95.79442857142857,93.236,,,
116,15,37,95.33521621621621,93.348,,,
116,17,59,96.51240677966102,94.191,,,
116,18,59,96.76669491525423,94.208,,,
116,21,58,98.7526724137931,94.656,,,
116,22,60,95.38825,93.2,,,
116,23,60,94.72703333333334,92.826,,,
116,30,60,95.82973333333334,92.904,,,
116,31,60,95.00738333333334,93.094,,,
116,35,51,98.58545098039215,95.1,,,
116,42,59,97.47193220338984,94.915,,,
116,43,53,97.54428301886792,93.398,,,
116,44,37,97.14051351351353,93.583,,,
116,49,59,97.45989830508475,93.994,,,
116,50,57,100.14933333333333,97.365,,,
116,51,58,99.18837931034483,96.709,,,
116,52,58,98.33420689655172,95.328,,,
117,2,68,80.64360294117648,78.994,,,
117,4,43,78.66297674418604,77.029,,,
117,8,70,78.38942857142857,76.609,,,
117,14,70,78.42145714285714,75.981,,,
117,15,45,79.6223111111111,77.025,,,
117,17,70,78.79418571428572,77.068,,,
117,18,21,80.167,77.149,,,
117,21,42,80.81657142857144,79.093,,,
117,22,69,78.98776811594203,77.104,,,
117,23,70,77.8459,75.698,,,
117,30,70,78.12544285714286,76.303,,,
117,31,70,78.04322857142857,75.512,,,
117,35,69,79.60156521739131,77.786,,,
117,42,69,79.61450724637682,77.416,,,
117,43,69,79.72802898550725,77.87,,,
117,44,69,79.23397101449275,77.398,,,
117,49,68,80.29639705882353,78.099,,,
117,50,66,83.27557575757577,78.754,,,
117,51,67,81.481776119403,79.588,,,
117,52,67,81.95949253731344,79.345,,,
118,2,58,91.85594827586208,84.537,,,
118,4,52,90.1965,82.819,,,
118,8,60,88.8035,82.911,,,
118,14,60,89.23968333333333,82.692,,,
118,15,60,89.34368333333333,82.797,,,
118,17,59,90.15630508474577,83.833,,,
118,18,60,89.38386666666666,83.912,,,
118,21,44,93.40863636363636,84.823,,,
118,22,60,88.62589999999999,82.236,,,
118,23,60,89.5931,82.943,,,
118,30,60,89.05336666666666,83.024,,,
118,31,60,88.71693333333333,82.938,,,
118,35,60,89.68538333333333,83.705,,,
118,42,32,93.05340625,83.158,,,
118,43,60,89.37731666666667,83.528,,,
118,44,60,89.71268333333333,83.463,,,
118,49,60,89.71863333333333,83.933,,,
118,50,58,91.73087931034483,87.021,,,
118,51,58,91.79589655172414,85.859,,,
118,52,59,90.14057627118643,85.087,,,
119,2,65,82.31195384615384,78.036,,,
119,4,67,80.56885074626865,76.06,,,
119,14,67,80.5108656716418,76.003,,,
119,15,67,80.5646119402985,75.74,,,
119,17,64,81.95353125,77.754,,,
119,18,66,81.87015151515152,77.43,,,
119,21,60,86.89760000000001,78.145,,,
119,23,1,111.691,111.691,,,
119,30,66,81.3310606060606,76.081,,,
119,31,67,79.53386567164179,74.917,,,
119,35,65,82.20412307692308,78.235,,,
119,43,66,81.03683333333333,76.051,,,
119,44,66,80.96656060606061,75.883,,,
119,49,1,141.895,141.895,,,
119,50,23,88.22047826086957,80.399,,,
119,51,6,156.35683333333336,79.441,,,
119,53,62,86.14685483870969,80.171,,,
120,2,69,86.54230434782608,84.267,,,
120,4,70,84.878,82.565,,,
120,8,70,85.11754285714287,82.372,,,
120,14,70,85.68564285714285,83.193,,,
120,15,69,86.19044927536233,84.1,,,
120,17,70,85.91575714285715,83.156,,,
120,18,69,86.812115942029,83.376,,,
120,21,28,88.22160714285714,85.081,,,
120,22,19,87.17047368421052,84.583,,,
120,23,70,85.38685714285714,82.319,,,
120,30,69,86.19657971014493,83.207,,,
120,31,70,85.37138571428572,82.095,,,
120,35,14,89.50135714285715,85.278,,,
120,43,68,87.86332352941176,83.04,,,
120,44,33,86.88060606060607,84.414,,,
120,47,34,89.55382352941176,86.464,,,
120,49,47,87.11108510638297,84.45,,,
120,50,67,89.30732835820895,86.559,,,
120,51,42,87.33354761904762,84.936,,,
120,53,66,90.82963636363637,87.641,,,
121,2,52,86.3711153846154,84.225,,,
121,4,52,86.33244230769232,83.195,,,
121,8,53,84.39003773584905,82.032,,,
121,14,45,84.84926666666667,82.427,,,
121,17,52,86.28196153846153,83.778,,,
121,18,24,86.97591666666668,83.225,,,
121,21,52,87.26942307692308,85.133,,,
121,22,53,84.3711886792453,82.171,,,
121,30,53,84.14788679245284,81.832,,,
121,31,53,84.24777358490566,82.126,,,
121,35,52,85.96357692307693,83.039,,,
121,43,3,89.025,86.148,,,
121,44,35,88.75202857142857,83.303,,,
121,47,51,88.15437254901961,85.549,,,
121,48,53,84.6741320754717,82.413,,,
121,49,50,86.22346,83.518,,,
121,50,27,94.38896296296296,85.816,,,
121,51,2,155.4835,119.265,,,
121,53,51,88.73680392156862,86.127,,,
122,2,73,77.7041095890411,73.085,,,
122,4,44,80.39590909090909,71.525,,,
122,8,73,77.18157534246576,71.617,,,
122,14,45,83.54266666666668,72.009,,,
122,15,73,77.59350684931508,72.015,,,
122,17,21,75.29842857142856,73.099,,,
122,18,41,78.34548780487805,73.038,,,
122,21,72,78.96434722222222,73.63,,,
122,22,2,77.8765,73.905,,,
122,23,21,75.80609523809524,71.655,,,
122,30,73,76.93146575342465,71.473,,,
122,31,72,78.9456111111111,71.595,,,
122,35,63,80.84512698412698,73.538,,,
122,43,71,80.11339436619718,73.231,,,
122,44,27,84.7792962962963,73.34,,,
122,49,73,77.45152054794521,73.338,,,
122,50,69,81.40502898550724,75.257,,,
122,51,71,79.58160563380281,73.324,,,
122,52,48,84.58579166666667,74.687,,,
122,53,69,82.07828985507247,74.737,,,
123,2,53,97.58305660377358,94.991,,,
123,4,17,96.82805882352942,94.255,,,
123,8,53,96.65713207547171,94.488,,,
123,11,53,97.42330188679246,95.29,,,
123,14,53,96.66711320754717,93.416,,,
123,15,53,97.09456603773585,94.546,,,
123,17,53,97.78769811320754,94.635,,,
123,18,53,97.07262264150943,94.605,,,
123,21,33,98.45469696969698,95.824,,,
123,22,53,96.44798113207547,93.703,,,
123,23,52,98.31444230769232,93.408,,,
123,30,53,97.57037735849057,93.553,,,
123,31,9,102.63233333333334,93.83,,,
123,43,53,97.51956603773584,95.192,,,
123,44,53,97.61484905660377,95.023,,,
123,49,9,101.86177777777777,96.601,,,
123,50,51,101.17931372549019,97.869,,,
123,51,52,98.90355769230769,95.014,,,
123,52,51,100.40729411764707,96.662,,,
123,53,50,102.42626,98.754,,,
124,8,58,99.34237931034482,88.541,,,
124,11,12,135.90716666666665,95.197,,,
124,14,33,110.17133333333332,91.186,,,
124,15,8,128.457875,94.233,,,
124,17,56,104.089375,93.296,,,
124,30,58,98.91020689655173,88.628,,,
124,31,58,99.23136206896552,89.143,,,
124,35,27,110.79877777777779,93.54,,,
124,37,53,109.00232075471699,91.539,,,
124,49,16,132.5178125,93.534,,,
124,56,57,102.27863157894737,92.548,,,
124,59,15,174.11746666666667,95.052,,,
124,62,55,104.9989090909091,94.653,,,
124,63,56,104.13728571428571,92.225,,,
125,2,55,102.79287272727272,100.575,,,
125,8,24,102.32916666666667,99.8,,,
125,11,54,105.16166666666668,101.181,,,
125,13,55,104.02441818181818,101.324,,,
125,14,15,104.35666666666667,101.455,,,
125,15,9,109.68866666666668,103.702,,,
125,17,34,106.72705882352942,103.125,,,
125,18,56,102.19067857142856,100.011,,,
125,21,53,108.54149056603774,101.41,,,
125,22,39,101.85020512820512,98.931,,,
125,23,56,100.94485714285715,98.369,,,
125,30,56,102.04832142857144,98.754,,,
125,31,56,101.65376785714285,98.049,,,
125,35,55,104.58614545454546,102.373,,,
125,37,54,105.19246296296296,100.675,,,
125,44,9,105.98244444444444,103.567,,,
125,49,54,106.36092592592593,100.267,,,
125,56,30,107.28506666666667,102.323,,,
125,59,20,103.88364999999999,101.891,,,
125,62,29,108.75137931034483,103.19,,,
125,63,53,108.2847358490566,99.649,,,
125,66,55,104.32883636363637,101.321,,,
126,2,61,80.14613114754098,77.782,,,
126,8,67,78.50640298507463,76.529,,,
126,11,69,79.8862463768116,77.32,,,
126,13,41,80.94073170731707,79.188,,,
126,14,71,78.34891549295774,76.67,,,
126,15,60,78.74448333333333,77.063,,,
126,17,68,81.72991176470589,78.386,,,
126,18,71,78.45839436619718,76.396,,,
126,21,6,90.75383333333333,77.511,,,
126,22,16,77.667875,76.511,,,
126,23,71,77.52466197183098,76.224,,,
126,30,71,77.51638028169015,76.235,,,
126,31,71,78.46797183098592,76.079,,,
126,35,68,79.76345588235294,77.131,,,
126,37,70,79.71010000000001,77.575,,,
126,44,25,80.29128,78.705,,,
126,49,25,81.56528,77.568,,,
126,56,70,79.45445714285714,77.569,,,
126,59,19,112.68231578947368,78.814,,,
126,62,67,82.59740298507462,78.837,,,
126,63,70,79.38677142857144,77.398,,,
126,66,40,81.787025,77.868,,,
127,2,61,88.58340983606557,85.301,,,
127,8,44,87.4465,85.483,,,
127,11,5,95.3744,90.158,,,
127,13,61,88.31404918032787,86.279,,,
127,14,61,87.73275409836066,85.896,,,
127,15,61,88.48463934426229,86.354,,,
127,17,60,90.55153333333334,87.914,,,
127,18,62,87.64812903225805,85.761,,,
127,21,19,90.25721052631579,88.741,,,
127,22,62,86.59187096774194,84.17,,,
127,23,62,86.62167741935484,84.718,,,
127,30,62,86.30304838709677,84.281,,,
127,31,62,87.02441935483871,85.04,,,
127,35,61,88.21208196721312,85.959,,,
127,37,30,89.69596666666666,87.104,,,
127,44,44,89.43375,86.189,,,
127,49,25,88.426,86.537,,,
127,56,45,89.53886666666666,87.461,,,
127,59,50,89.26356,86.783,,,
127,63,26,91.70303846153847,88.46,,,
128,2,65,84.56426153846154,82.86,,,
128,8,4,90.86725,83.524,,,
128,11,10,85.6483,84.198,,,
128,13,65,84.75313846153846,82.186,,,
128,14,65,84.19390769230769,81.931,,,
128,15,63,85.2745873015873,82.155,,,
128,18,60,85.38213333333333,82.607,,,
128,21,5,90.2062,84.493,,,
128,23,63,86.0008253968254,82.697,,,
128,30,65,83.53816923076923,80.355,,,
128,31,65,84.08630769230768,81.74,,,
128,35,64,84.91228125,82.827,,,
128,37,2,91.506,85.944,,,
128,44,43,84.99409302325581,82.872,,,
128,49,65,84.77553846153847,82.32,,,
128,56,41,87.17985365853659,84.187,,,
128,59,40,87.716,83.507,,,
128,63,64,85.993703125,82.524,,,
128,66,64,85.329765625,83.16,,,
129,2,27,77.18766666666667,72.18,,,
129,8,5,76.199,74.028,,,
129,11,26,80.09057692307692,73.119,,,
129,13,7,78.80357142857143,74.052,,,
129,14,71,80.03146478873239,71.223,,,
129,15,44,84.91606818181818,72.626,,,
129,17,69,82.09413043478261,71.819,,,
129,18,71,80.03930985915494,71.209,,,
129,21,71,80.02150704225352,71.284,,,
129,22,71,79.32033802816902,69.32,,,
129,23,71,79.57760563380282,69.862,,,
129,30,71,79.31777464788733,69.298,,,
129,31,71,79.56749295774648,69.853,,,
129,35,70,80.17511428571429,70.823,,,
129,44,22,74.57081818181818,72.594,,,
129,49,69,81.7872463768116,71.201,,,
129,56,38,87.08186842105263,72.602,,,
129,59,2,83.898,81.891,,,
129,62,42,87.68509523809524,74.441,,,
129,63,71,80.29559154929578,71.591,,,
129,66,71,80.29973239436619,71.456,,,
130,2,76,83.5541052631579,80.927,,,
130,8,41,87.48029268292683,80.426,,,
130,11,22,84.09336363636363,82.148,,,
130,13,63,85.17593650793651,81.057,,,
130,14,78,81.26993589743589,79.36,,,
130,15,77,82.4133116883117,80.445,,,
130,17,76,84.03809210526316,79.968,,,
130,18,51,84.21243137254902,80.72,,,
130,21,77,82.42062337662338,79.12,,,
130,22,77,82.5578051948052,78.023,,,
130,23,78,82.2628717948718,79.489,,,
130,30,78,81.2833846153846,78.652,,,
130,31,46,81.87671739130435,80.346,,,
130,35,44,86.87840909090909,82.037,,,
130,37,76,83.7293552631579,80.953,,,
130,44,51,84.20872549019609,81.916,,,
130,49,77,82.55249350649352,79.601,,,
130,56,76,83.71932894736842,81.059,,,
130,59,76,84.44235526315789,80.117,,,
130,62,29,86.43313793103448,82.784,,,
130,63,69,83.31469565217392,79.479,,,
130,66,15,84.07866666666668,82.25,,,
131,2,69,81.96447826086957,77.265,,,
131,8,70,80.76677142857143,76.553,,,
131,11,69,81.63437681159421,77.336,,,
131,13,69,81.52273913043479,77.017,,,
131,14,70,80.24632857142858,76.369,,,
131,15,70,80.92941428571429,77.128,,,
131,17,69,81.85853623188406,77.807,,,
131,18,65,81.78960000000001,77.747,,,
131,21,70,80.84175714285713,76.658,,,
131,22,70,80.33132857142857,76.1,,,
131,23,70,80.96612857142858,76.446,,,
131,30,70,80.23015714285715,75.971,,,
131,31,56,80.87205357142857,75.96,,,
131,35,8,82.641375,80.084,,,
131,37,29,87.70175862068965,78.964,,,
131,44,69,81.5184347826087,77.202,,,
131,49,69,82.52017391304348,77.892,,,
131,56,41,83.71882926829268,77.813,,,
131,59,16,90.6890625,79.125,,,
131,62,68,83.0827205882353,78.466,,,
131,63,41,85.10936585365855,77.539,,,
131,66,45,85.2946,78.263,,,
132,2,59,96.93544067796611,94.224,,,
132,8,60,95.89768333333333,93.159,,,
132,11,58,99.86010344827585,95.029,,,
132,13,59,96.91966101694915,94.683,,,
132,14,27,96.20122222222221,94.583,,,
132,15,59,96.9478813559322,94.246,,,
132,17,58,99.1535,95.88,,,
132,18,60,96.40616666666668,93.676,,,
132,21,26,102.57103846153846,97.011,,,
132,22,60,95.12376666666667,92.785,,,
132,23,60,96.23981666666667,93.856,,,
132,30,60,95.12866666666667,92.226,,,
132,31,27,96.19737037037036,94.635,,,
132,35,59,97.96183050847458,94.809,,,
132,37,59,97.94983050847458,95.644,,,
132,44,59,97.32632203389831,94.609,,,
132,49,59,97.981,94.503,,,
132,56,41,99.90109756097561,96.662,,,
132,59,59,97.94028813559322,95.391,,,
132,62,48,101.5803125,96.932,,,
132,63,51,98.88288235294118,95.267,,,
132,66,59,98.14644067796611,95.503,,,
133,2,59,93.62377966101694,84.996,,,
133,8,44,97.02056818181818,85.409,,,
133,11,50,96.18128,85.804,,,
133,13,59,93.94371186440678,85.058,,,
133,14,58,95.82675862068965,85.492,,,
133,15,29,99.51406896551724,86.519,,,
133,17,9,90.49111111111111,88.321,,,
133,18,54,96.82012962962963,86.074,,,
133,21,59,93.64032203389831,85.104,,,
133,22,60,91.99321666666665,83.083,,,
133,23,59,93.72913559322035,84.586,,,
133,30,60,91.75025,83.826,,,
133,31,60,92.27793333333334,85.469,,,
133,35,59,93.49174576271187,84.949,,,
133,37,58,96.09891379310345,85.54,,,
133,44,59,93.5906779661017,85.063,,,
133,49,20,95.06345,88.111,,,
133,56,23,97.19860869565217,87.781,,,
133,59,28,98.36385714285714,87.328,,,
133,63,15,95.46513333333333,86.723,,,
134,2,71,78.69084507042254,76.847,,,
134,8,72,76.818625,75.406,,,
134,11,23,78.62730434782608,77.565,,,
134,13,48,78.8703125,77.029,,,
134,14,72,77.24738888888889,75.045,,,
134,15,49,77.94920408163264,76.3,,,
134,17,71,79.0117042253521,77.087,,,
134,18,71,78.05621126760563,75.957,,,
134,23,72,77.38345833333332,75.584,,,
134,30,72,76.80329166666667,75.311,,,
134,31,72,77.36822222222222,75.697,,,
134,35,35,78.50697142857143,76.667,,,
134,37,70,79.2552857142857,76.515,,,
134,44,29,83.19462068965517,76.278,,,
134,56,52,78.07057692307693,76.456,,,
134,62,68,81.52620588235294,78.998,,,
134,63,48,79.27079166666667,77.295,,,
134,66,65,79.0285076923077,77.304,,,
135,2,66,80.40992424242424,78.062,,,
135,8,59,81.13749152542373,77.895,,,
135,11,66,80.79584848484848,78.448,,,
135,13,66,80.53836363636363,78.562,,,
135,14,66,79.8904696969697,77.53,,,
135,15,36,81.48547222222221,78.28,,,
135,17,23,82.51091304347825,79.485,,,
135,18,24,82.23504166666667,79.695,,,
135,21,59,81.06627118644067,78.053,,,
135,22,67,79.03392537313434,76.845,,,
135,23,67,78.90364179104478,76.513,,,
135,30,67,78.68773134328357,76.462,,,
135,31,67,78.84449253731343,76.693,,,
135,35,27,84.3747037037037,79.4,,,
135,44,39,80.72507692307693,78.405,,,
135,49,18,96.27783333333333,79.995,,,
135,56,57,82.43359649122807,78.859,,,
135,59,48,81.83775,79.084,,,
135,63,66,80.87089393939394,78.497,,,
135,66,23,81.33539130434782,79.587,,,
136,2,76,80.50210526315789,78.185,,,
136,8,77,79.72051948051947,76.926,,,
136,11,76,80.65221052631578,78.247,,,
136,13,77,80.29367532467532,78.458,,,
136,14,77,79.82858441558442,77.29,,,
136,15,76,80.48932894736842,78.438,,,
136,17,75,82.41549333333333,79.567,,,
136,18,30,80.32336666666667,79.455,,,
136,19,58,82.91168965517242,79.347,,,
136,21,77,80.23123376623377,78.578,,,
136,22,77,79.33767532467532,76.891,,,
136,23,77,79.51112987012986,77.783,,,
136,30,77,79.34331168831169,76.207,,,
136,31,76,80.66648684210527,78.163,,,
136,35,20,81.20555,79.861,,,
136,37,75,82.03688000000001,79.646,,,
136,44,76,81.21989473684211,78.126,,,
136,56,23,81.05778260869565,78.889,,,
136,63,75,82.03110666666667,79.408,,,
136,66,75,82.04982666666666,79.937,,,
137,2,43,113.57744186046511,111.013,,,
137,8,35,112.13348571428571,109.764,,,
137,11,43,113.75751162790698,110.886,,,
137,13,37,113.527,110.595,,,
137,14,44,111.36345454545454,109.398,,,
137,15,35,112.62002857142858,110.235,,,
137,17,4,115.84575,112.469,,,
137,18,10,112.289,111.223,,,
137,19,17,115.19617647058824,111.878,,,
137,21,38,113.12581578947368,110.969,,,
137,22,44,110.96843181818183,108.196,,,
137,23,44,112.20622727272728,109.681,,,
137,30,44,110.9235,107.176,,,
137,31,44,111.34270454545454,109.293,,,
137,35,44,112.73838636363637,109.787,,,
137,37,37,112.96235135135134,110.221,,,
137,44,39,113.70015384615384,110.275,,,
137,56,44,112.68190909090909,110.829,,,
137,63,44,112.69188636363637,110.832,,,
137,66,43,113.56025581395348,111.479,,,
138,2,53,87.9627924528302,85.867,,,
138,8,29,86.48803448275862,85.219,,,
138,11,52,88.58134615384616,85.392,,,
138,13,16,88.90325,87.77,,,
138,14,53,87.71754716981133,84.962,,,
138,15,53,87.51322641509434,85.368,,,
138,17,20,88.7695,87.104,,,
138,18,53,87.69343396226415,85.849,,,
138,21,53,87.7523396226415,85.215,,,
138,22,53,86.41475471698114,83.657,,,
138,23,4,87.2615,85.717,,,
138,30,53,86.41956603773585,84.242,,,
138,31,33,87.42645454545455,85.094,,,
138,35,53,87.94435849056605,85.883,,,
138,37,15,88.9076,87.6,,,
138,44,53,87.70703773584906,85.335,,,
138,56,53,87.40681132075471,85.579,,,
138,62,47,98.26544680851063,87.401,,,
138,63,52,88.16038461538461,85.971,,,
138,66,13,92.30107692307692,87.23,,,
139,2,72,76.3986388888889,74.557,,,
139,8,50,76.03064,73.819,,,
139,11,72,76.63791666666667,74.556,,,
139,14,73,75.01004109589041,73.481,,,
139,15,73,75.68193150684931,74.026,,,
139,17,38,77.1353947368421,75.367,,,
139,18,72,76.28802777777778,74.265,,,
139,21,72,76.09919444444444,74.025,,,
139,22,73,74.90320547945205,72.738,,,
139,23,71,77.53288732394367,73.26,,,
139,30,73,74.90335616438355,72.754,,,
139,31,73,75.03897260273973,72.798,,,
139,35,73,75.7006301369863,73.848,,,
139,37,27,77.4844074074074,75.498,,,
139,44,72,76.86276388888889,74.263,,,
139,49,71,77.05584507042254,74.796,,,
139,56,72,76.61044444444444,74.19,,,
139,62,46,77.87654347826087,75.347,,,
139,63,71,77.09169014084506,74.672,,,
139,66,71,77.29530985915494,74.882,,,
140,2,52,100.43894230769232,98.534,,,
140,8,53,98.92433962264151,96.848,,,
140,11,53,100.0451320754717,97.84,,,
140,13,3,103.58566666666667,99.954,,,
140,14,7,104.03814285714286,98.251,,,
140,15,32,99.93509375,98.0,,,
140,17,51,102.77603921568628,100.232,,,
140,18,52,100.39725,98.046,,,
140,21,37,100.97654054054054,98.217,,,
140,22,53,98.49443396226415,96.345,,,
140,23,48,98.77064583333333,96.59,,,
140,30,53,98.4848679245283,96.125,,,
140,31,53,99.16930188679245,96.757,,,
140,35,27,100.79629629629629,98.058,,,
140,37,39,101.52097435897436,98.836,,,
140,44,8,168.52225,102.082,,,
140,56,52,101.02440384615385,98.647,,,
140,62,14,103.47292857142857,100.937,,,
140,63,52,100.6485,97.761,,,
141,2,58,103.0691724137931,90.317,,,
141,4,56,105.93055357142856,92.043,,,
141,8,58,103.2875172413793,90.229,,,
141,14,58,101.86639655172415,88.838,,,
141,15,38,110.34015789473683,90.432,,,
141,18,52,107.95001923076923,92.001,,,
141,21,55,107.8272909090909,92.407,,,
141,22,58,102.41420689655172,89.06,,,
141,23,4,97.11525,94.406,,,
141,30,58,101.83677586206898,88.214,,,
141,31,40,107.44664999999999,89.606,,,
141,35,4,97.1935,94.432,,,
141,44,58,103.33763793103448,90.199,,,
141,49,58,103.09206896551724,90.266,,,
141,50,57,105.10973684210526,91.999,,,
141,54,57,104.4279649122807,90.903,,,
141,55,57,104.68235087719297,91.03,,,
141,56,57,105.2080350877193,91.267,,,
141,57,25,116.59616,89.612,,,
141,58,3,104.988,98.249,,,
141,59,2,104.4815,96.689,,,
142,2,3,109.61666666666667,105.328,,,
142,4,52,124.23757692307692,105.585,,,
142,14,55,117.8792,102.839,,,
142,15,54,119.60725925925925,103.559,,,
142,18,53,121.97998113207547,104.891,,,
142,21,31,130.6510322580645,106.982,,,
142,22,55,117.7902,102.037,,,
142,23,55,118.23698181818182,101.503,,,
142,30,55,117.36001818181819,101.833,,,
142,31,3,115.03666666666668,103.926,,,
142,35,3,108.43566666666668,103.47,,,
142,44,1,114.538,114.538,,,
142,49,55,118.20625454545454,102.119,,,
142,50,55,118.84292727272728,103.029,,,
142,54,54,121.0809074074074,103.697,,,
142,55,54,120.73020370370371,103.853,,,
142,56,3,116.27866666666667,111.532,,,
142,57,55,118.24376363636364,100.962,,,
142,58,51,126.65654901960785,106.016,,,
142,59,3,111.493,107.294,,,
142,60,53,122.86943396226415,103.991,,,
143,2,70,85.01795714285714,78.064,,,
143,4,25,84.50772,79.765,,,
143,8,55,84.6265090909091,77.816,,,
143,14,71,83.67371830985915,76.498,,,
143,15,70,85.62041428571429,77.632,,,
143,18,64,93.76590625,79.846,,,
143,21,70,85.79947142857142,77.83,,,
143,22,2,109.9955,101.286,,,
143,23,54,90.6734074074074,75.693,,,
143,30,71,83.90138028169014,76.545,,,
143,31,38,79.06923684210527,76.593,,,
143,35,70,85.87104285714287,77.106,,,
143,44,70,85.58194285714286,76.732,,,
143,49,63,84.54484126984127,77.522,,,
143,50,37,81.18335135135135,78.875,,,
143,54,30,81.84693333333334,78.759,,,
143,55,70,85.91608571428571,77.609,,,
143,56,52,83.91742307692307,77.132,,,
143,58,68,88.0079117647059,79.734,,,
143,59,15,85.03033333333333,79.449,,,
143,60,54,85.0272037037037,78.176,,,
144,2,61,89.51314754098361,87.35,,,
144,4,5,93.742,91.671,,,
144,8,17,89.8695294117647,88.604,,,
144,14,62,87.88982258064517,85.569,,,
144,15,62,89.19959677419355,87.358,,,
144,18,60,91.74351666666666,89.096,,,
144,21,31,91.6413870967742,89.644,,,
144,22,62,88.38037096774194,86.117,,,
144,23,62,87.81962903225806,85.524,,,
144,30,24,92.20025,87.229,,,
144,31,48,91.398625,86.385,,,
144,35,30,89.90483333333333,87.614,,,
144,44,61,90.22277049180329,87.582,,,
144,49,61,89.34065573770492,87.243,,,
144,50,6,92.27383333333333,90.403,,,
144,54,60,91.184,87.932,,,
144,55,61,90.47222950819672,88.369,,,
144,56,42,90.06540476190476,87.854,,,
144,57,62,88.40535483870968,86.308,,,
144,58,50,95.55704,91.725,,,
144,59,60,90.9623,88.956,,,
144,60,28,92.02617857142856,88.954,,,
145,2,65,85.00303076923078,82.738,,,
145,4,63,86.90050793650795,84.423,,,
145,8,65,85.27864615384615,83.049,,,
145,14,65,84.84492307692308,82.091,,,
145,15,65,84.83933846153846,83.087,,,
145,18,62,88.64493548387097,85.406,,,
145,21,63,87.97014285714286,85.298,,,
145,22,49,85.63802040816327,81.72,,,
145,23,20,83.48685,82.362,,,
145,30,65,84.05084615384615,81.151,,,
145,31,65,84.67756923076924,82.841,,,
145,35,65,84.8143076923077,82.513,,,
145,37,5,89.1098,85.932,,,
145,44,65,85.05047692307691,82.475,,,
145,49,5,89.16539999999999,86.158,,,
145,50,63,86.89368253968254,83.965,,,
145,54,64,86.606125,83.794,,,
145,55,64,85.9505625,83.668,,,
145,56,48,85.29608333333333,82.568,,,
145,57,64,83.3523125,81.368,,,
145,58,62,89.14708064516128,85.791,,,
145,59,8,90.67775,84.74,,,
146,2,69,76.78878260869566,71.388,,,
146,4,38,79.61989473684211,74.432,,,
146,8,71,74.75380281690141,71.284,,,
146,14,71,74.16798591549296,70.843,,,
146,15,14,89.08342857142857,74.082,,,
146,18,60,77.79018333333333,73.498,,,
146,21,3,110.06266666666667,92.63,,,
146,22,71,74.20357746478874,71.009,,,
146,23,10,87.1244,73.888,,,
146,30,71,74.19883098591549,71.03,,,
146,31,41,75.74839024390243,71.14,,,
146,35,70,76.07294285714286,71.718,,,
146,37,48,78.34508333333333,73.978,,,
146,44,71,74.92538028169014,72.204,,,
146,50,70,75.5511,72.423,,,
146,54,69,77.04071014492753,72.642,,,
146,55,69,76.87121739130436,73.13,,,
146,56,70,75.61021428571429,72.088,,,
146,57,1,446.036,446.036,,,
146,58,25,80.369,75.212,,,
146,59,17,80.70529411764706,73.587,,,
147,4,54,85.7437037037037,82.956,,,
147,8,73,89.00390410958904,80.705,,,
147,14,77,83.78484415584416,79.424,,,
147,15,30,84.16656666666667,82.345,,,
147,18,77,84.37624675324676,81.58,,,
147,21,43,83.77230232558139,81.646,,,
147,22,78,82.60246153846153,80.329,,,
147,23,57,82.98850877192983,80.975,,,
147,30,78,82.59693589743588,79.77,,,
147,31,2,88.671,85.773,,,
147,35,78,83.01301282051283,80.417,,,
147,37,18,86.10938888888889,83.483,,,
147,44,13,140.3022307692308,84.719,,,
147,49,49,83.65559183673469,80.81,,,
147,50,77,84.61116883116884,81.732,,,
147,54,24,88.642125,84.206,,,
147,55,77,84.00846753246753,81.151,,,
147,56,78,82.9905,80.681,,,
147,57,15,88.38346666666666,81.682,,,
147,58,56,88.14305357142857,84.57,,,
147,59,76,85.59428947368421,82.053,,,
148,2,1,91.894,91.894,,,
148,4,7,85.17457142857144,82.413,,,
148,8,69,83.18315942028985,79.309,,,
148,14,54,83.8705925925926,79.745,,,
148,15,63,83.69369841269841,79.414,,,
148,18,17,87.31264705882353,81.124,,,
148,22,19,81.75426315789473,79.722,,,
148,23,69,82.19597101449276,77.205,,,
148,30,69,82.48923188405797,78.176,,,
148,31,19,81.723,80.159,,,
148,35,34,85.8189705882353,79.782,,,
148,37,68,83.56504411764706,79.006,,,
148,41,68,83.77620588235294,80.078,,,
148,44,38,92.90218421052631,79.856,,,
148,50,65,83.58387692307693,79.257,,,
148,54,68,83.88913235294117,79.841,,,
148,55,69,83.21676811594203,79.328,,,
148,56,1,92.21,92.21,,,
148,57,69,82.78542028985507,78.148,,,
148,58,66,86.41862121212121,82.312,,,
148,59,24,87.96770833333333,80.767,,,
149,2,54,83.16005555555556,80.976,,,
149,4,65,83.5971846153846,80.937,,,
149,8,66,82.09828787878787,80.498,,,
149,14,67,80.71219402985074,78.883,,,
149,15,44,81.71388636363636,79.484,,,
149,18,65,83.22564615384616,80.069,,,
149,21,66,82.783,80.729,,,
149,22,67,81.01819402985073,78.537,,,
149,23,67,80.83685074626865,78.498,,,
149,30,67,80.33916417910449,78.612,,,
149,31,67,80.40210447761194,78.354,,,
149,35,66,81.79819696969697,79.797,,,
149,37,66,81.77190909090909,79.737,,,
149,44,23,82.77252173913043,81.314,,,
149,49,48,82.14935416666667,79.892,,,
149,50,58,83.18712068965517,81.154,,,
149,54,65,82.8874,79.105,,,
149,55,64,82.118234375,80.049,,,
149,56,67,81.32719402985074,78.674,,,
149,57,67,81.30734328358209,79.273,,,
149,58,7,86.0037142857143,83.778,,,
149,59,29,83.86731034482759,81.188,,,
150,2,71,79.28540845070422,77.538,,,
150,4,65,81.4779076923077,79.199,,,
150,8,71,79.46847887323943,77.311,,,
150,14,72,78.23252777777778,76.088,,,
150,15,72,78.94334722222222,77.369,,,
150,18,68,80.56889705882352,78.359,,,
150,21,71,79.98642253521128,77.968,,,
150,22,72,78.22245833333332,76.181,,,
150,23,72,78.139375,76.585,,,
150,30,72,77.99494444444444,76.286,,,
150,31,52,78.35336538461539,76.355,,,
150,35,5,79.3348,78.181,,,
150,37,70,80.97997142857143,77.508,,,
150,44,71,79.58842253521127,78.25,,,
150,49,71,79.53873239436619,77.54,,,
150,50,70,80.77614285714286,78.662,,,
150,54,71,79.93319718309859,78.253,,,
150,55,70,80.64261428571429,78.817,,,
150,56,54,79.25038888888889,77.304,,,
150,58,69,81.79757971014493,79.608,,,
150,59,17,79.77094117647059,79.181,,,
151,2,59,87.23016949152542,84.765,,,
151,4,57,90.24221052631579,87.091,,,
151,8,59,87.06369491525423,84.563,,,
151,14,2,95.7195,88.908,,,
151,18,58,89.6825172413793,86.963,,,
151,21,58,89.3084827586207,86.798,,,
151,22,60,86.55085000000001,84.445,,,
151,23,36,87.48322222222222,85.188,,,
151,30,60,86.12360000000001,83.928,,,
151,31,60,86.70903333333334,84.437,,,
151,35,59,87.73281355932204,85.809,,,
151,37,58,89.09727586206897,85.739,,,
151,49,59,87.69738983050847,85.029,,,
151,50,58,88.82556896551725,86.394,,,
151,54,6,91.998,89.252,,,
151,55,58,88.90229310344827,86.497,,,
151,56,59,87.90449152542372,84.544,,,
151,57,60,85.56283333333333,83.405,,,
151,59,58,89.3328448275862,86.695,,,
152,4,44,108.67420454545454,105.908,,,
152,8,16,107.609875,104.365,,,
152,14,27,104.60955555555556,103.571,,,
152,15,34,107.01658823529411,103.74,,,
152,18,45,105.85171111111111,104.051,,,
152,21,45,105.80777777777779,103.999,,,
152,22,45,105.422,102.638,,,
152,23,45,104.39717777777777,102.048,,,
152,30,23,103.90730434782608,102.853,,,
152,31,24,104.45004166666668,101.808,,,
152,35,45,105.79286666666667,103.448,,,
152,41,7,116.50142857142856,105.591,,,
152,44,45,106.12,103.329,,,
152,50,44,107.06143181818183,104.681,,,
152,54,23,106.79460869565217,104.683,,,
152,55,45,105.86273333333334,104.135,,,
152,56,16,108.258625,104.415,,,
152,57,13,104.64630769230769,103.516,,,
152,58,26,110.13934615384616,106.013,,,
152,59,44,107.05390909090909,104.785,,,
153,2,76,80.67532894736843,78.165,,,
153,4,37,84.35664864864866,81.533,,,
153,8,76,80.74165789473685,78.216,,,
153,14,77,79.3975974025974,77.054,,,
153,15,75,81.62747999999999,79.134,,,
153,18,34,84.23711764705882,79.475,,,
153,21,67,82.52516417910448,79.471,,,
153,22,77,79.3901038961039,77.274,,,
153,23,77,79.9917142857143,77.233,,,
153,30,77,79.34642857142856,77.436,,,
153,31,76,81.19117105263157,78.03,,,
153,35,75,81.57610666666667,79.494,,,
153,37,75,81.6604,78.186,,,
153,44,58,100.83812068965517,79.222,,,
153,49,63,83.08479365079366,80.046,,,
153,50,74,82.91252702702702,80.401,,,
153,54,8,84.711625,81.912,,,
153,55,53,81.74647169811321,78.536,,,
153,57,77,80.25932467532468,76.723,,,
153,58,63,85.64050793650794,81.379,,,
153,59,11,84.18127272727273,82.045,,,
154,14,36,113.75277777777778,111.608,,,
154,15,36,115.13016666666667,111.996,,,
154,18,17,115.94605882352941,113.409,,,
154,21,36,114.24288888888888,111.725,,,
154,22,36,114.98675,111.776,,,
154,23,36,115.13855555555556,111.058,,,
154,30,36,113.47227777777778,109.758,,,
154,31,1,125.821,125.821,,,
154,35,36,115.277,112.372,,,
154,37,1,229.381,229.381,,,
154,44,35,117.30688571428571,112.533,,,
154,49,35,116.75594285714286,114.051,,,
154,50,35,117.09988571428572,114.095,,,
154,55,31,115.02216129032257,111.828,,,
154,57,36,114.47469444444444,111.741,,,
154,58,32,129.44196875,116.484,,,
154,59,35,118.09219999999999,115.196,,,
155,2,52,89.52146153846154,86.825,,,
155,4,51,91.70866666666667,87.709,,,
155,8,53,88.70943396226416,86.656,,,
155,14,6,89.1575,87.323,,,
155,15,52,89.09013461538461,86.365,,,
155,18,4,101.39725,88.268,,,
155,21,52,89.334,87.283,,,
155,22,53,87.23901886792453,85.221,,,
155,23,53,87.46845283018868,85.073,,,
155,30,53,87.61290566037736,85.525,,,
155,31,53,87.14137735849057,85.657,,,
155,35,53,88.6973962264151,86.657,,,
155,37,53,88.55616981132076,86.381,,,
155,44,52,89.16165384615384,86.386,,,
155,49,28,89.65346428571429,87.394,,,
155,50,25,89.986,87.945,,,
155,56,14,92.31492857142857,89.262,,,
155,57,19,89.50494736842106,87.627,,,
155,59,46,90.2023695652174,88.578,,,
155,61,52,89.892,87.643,,,
155,62,44,93.38163636363637,90.605,,,
156,2,73,77.20323287671232,75.169,,,
156,4,36,78.21625,76.694,,,
156,8,2,98.8105,86.103,,,
156,14,73,76.3682602739726,74.641,,,
156,15,72,77.48431944444444,75.659,,,
156,18,72,77.69456944444444,75.252,,,
156,21,72,77.57422222222222,75.457,,,
156,22,71,76.43722535211268,74.629,,,
156,23,36,77.45719444444444,74.706,,,
156,30,73,76.35460273972603,74.841,,,
156,31,38,76.84486842105262,74.448,,,
156,35,45,79.47986666666667,76.68,,,
156,37,72,77.85480555555556,75.758,,,
156,44,72,77.84027777777779,75.919,,,
156,49,72,77.72744444444444,75.296,,,
156,50,44,78.88584090909092,76.342,,,
156,55,73,76.98990410958905,75.199,,,
156,56,73,77.19553424657535,75.139,,,
156,57,73,76.20328767123287,74.481,,,
156,59,72,78.11443055555556,76.068,,,
156,61,72,78.25311111111111,76.155,,,
156,62,38,82.32021052631579,77.079,,,
157,2,52,101.23661538461539,98.647,,,
157,4,52,102.14317307692308,99.153,,,
157,8,5,102.4696,99.991,,,
157,14,53,99.5577358490566,97.313,,,
157,15,5,102.5248,100.225,,,
157,18,53,100.95094339622642,98.526,,,
157,21,47,102.02217021276596,98.361,,,
157,22,53,99.80833962264151,96.97,,,
157,23,53,99.81924528301887,96.944,,,
157,30,53,99.11883018867924,97.133,,,
157,31,53,99.1783396226415,96.45,,,
157,35,52,101.30782692307692,98.887,,,
157,37,45,102.21386666666668,99.182,,,
157,44,51,103.15850980392156,99.299,,,
157,49,52,102.14790384615384,98.24,,,
157,50,51,105.88507843137255,101.383,,,
157,55,52,101.22723076923077,98.857,,,
157,56,24,101.447,98.62,,,
157,57,53,99.78937735849057,97.298,,,
157,59,51,104.56190196078431,100.94,,,
157,61,42,107.1497619047619,99.827,,,
157,62,50,106.6219,102.915,,,
158,2,56,100.89464285714286,94.111,,,
158,14,11,114.959,93.653,,,
158,15,35,99.14125714285714,93.223,,,
158,18,46,99.04689130434782,93.351,,,
158,21,58,98.0543448275862,93.449,,,
158,22,58,97.47244827586208,91.481,,,
158,23,58,97.62062068965517,92.525,,,
158,25,58,98.0845172413793,93.459,,,
158,30,58,97.27563793103448,91.752,,,
158,35,58,98.04196551724138,93.185,,,
158,37,6,98.63333333333333,95.663,,,
158,41,58,98.07681034482758,93.435,,,
158,48,57,100.22845614035087,93.231,,,
158,49,39,99.7761282051282,92.11,,,
158,50,16,117.994125,94.834,,,
158,55,27,102.62048148148148,95.088,,,
158,56,6,98.8,95.789,,,
158,57,18,102.70977777777779,92.433,,,
158,60,40,102.75269999999999,95.241,,,
158,63,58,98.06225862068965,93.471,,,
158,64,41,102.6738780487805,92.977,,,
158,65,1,132.97,132.97,,,
159,2,9,81.96866666666668,79.765,,,
159,14,71,77.45877464788732,75.633,,,
159,15,71,78.42325352112677,76.375,,,
159,18,70,78.78615714285715,76.379,,,
159,21,71,77.96012676056338,76.002,,,
159,22,27,79.28362962962963,75.632,,,
159,23,70,78.51889999999999,76.398,,,
159,25,6,91.70783333333333,81.821,,,
159,30,71,77.39818309859155,74.755,,,
159,35,16,80.4178125,78.379,,,
159,37,70,79.23578571428571,76.967,,,
159,41,69,79.64466666666667,76.658,,,
159,48,31,79.57883870967743,77.174,,,
159,49,71,77.99350704225353,75.192,,,
159,50,70,79.03517142857143,76.975,,,
159,55,11,80.57881818181818,78.381,,,
159,56,20,79.16364999999999,77.792,,,
159,57,30,77.49146666666665,75.456,,,
159,60,69,80.02304347826086,77.38,,,
159,65,51,79.95101960784314,77.696,,,
160,2,22,93.55145454545455,89.35,,,
160,14,62,89.5287741935484,87.014,,,
160,15,58,90.64308620689656,88.754,,,
160,18,5,94.2556,91.912,,,
160,21,61,91.11998360655738,88.884,,,
160,22,62,90.146,87.899,,,
160,23,45,90.09277777777778,87.339,,,
160,25,61,91.0260655737705,89.18,,,
160,30,62,88.70606451612903,86.774,,,
160,35,61,90.47280327868853,88.816,,,
160,37,49,91.6550612244898,89.37,,,
160,41,61,91.48537704918033,88.787,,,
160,48,5,94.4202,91.524,,,
160,49,4,94.754,91.503,,,
160,50,59,93.30620338983051,88.842,,,
160,55,25,93.8468,89.719,,,
160,56,61,90.59054098360656,88.387,,,
160,57,62,88.72490322580646,86.523,,,
160,60,60,93.03203333333335,90.03,,,
160,63,61,90.48093442622951,88.336,,,
160,64,61,90.65675409836066,87.814,,,
160,65,61,91.11018032786885,89.049,,,
161,2,51,91.26429411764707,88.803,,,
161,14,60,88.83513333333333,87.093,,,
161,15,60,90.15635,87.824,,,
161,18,60,89.79778333333334,87.631,,,
161,21,59,90.3942372881356,88.116,,,
161,22,35,89.49105714285714,87.496,,,
161,23,60,89.52366666666667,86.998,,,
161,25,59,90.7858813559322,88.487,,,
161,30,60,89.16708333333332,86.428,,,
161,35,56,90.36055357142857,88.093,,,
161,37,26,92.2776923076923,88.867,,,
161,41,36,91.13380555555557,87.655,,,
161,48,59,91.09232203389831,88.557,,,
161,49,54,90.4918888888889,87.286,,,
161,50,20,94.81975,89.546,,,
161,55,59,90.83367796610169,88.388,,,
161,56,59,90.9186779661017,88.009,,,
161,57,60,88.85975,86.217,,,
161,60,59,91.20116949152542,88.665,,,
161,63,59,90.76386440677966,88.178,,,
161,64,59,90.84625423728814,88.037,,,
161,65,59,90.86827118644068,88.001,,,
162,2,62,91.21183870967742,86.663,,,
162,14,65,86.94547692307691,84.684,,,
162,15,64,88.736140625,85.806,,,
162,18,61,87.78009836065574,84.729,,,
162,21,64,88.24153125,86.352,,,
162,22,65,87.14618461538461,85.288,,,
162,23,65,87.27232307692307,85.326,,,
162,25,64,88.5538125,86.147,,,
162,30,65,87.4365076923077,84.517,,,
162,35,21,87.62990476190477,86.701,,,
162,37,1,99.009,99.009,,,
162,41,64,88.07490625,86.241,,,
162,48,63,89.58922222222222,85.915,,,
162,49,65,87.95869230769232,85.183,,,
162,50,25,88.1172,87.152,,,
162,55,1,98.729,98.729,,,
162,56,64,88.57009375,86.239,,,
162,57,65,86.6983076923077,84.47,,,
162,60,63,90.07684126984127,87.538,,,
162,63,64,88.06446875,85.896,,,
162,65,64,89.04846875,86.685,,,
163,14,66,92.84498484848484,82.289,,,
163,18,62,94.39906451612903,83.688,,,
163,21,66,93.05389393939393,83.255,,,
163,22,66,92.86872727272728,82.339,,,
163,23,29,92.85403448275862,83.802,,,
163,25,61,94.35018032786884,83.485,,,
163,30,67,91.34786567164178,82.269,,,
163,35,46,93.39082608695652,83.39,,,
163,37,66,93.29298484848485,83.125,,,
163,41,51,95.1379019607843,84.62,,,
163,48,47,95.24702127659575,84.018,,,
163,49,2,89.867,84.937,,,
163,50,29,92.84020689655172,83.369,,,
163,55,65,95.38315384615385,83.898,,,
163,56,29,92.83572413793102,84.008,,,
163,57,67,91.55416417910448,82.288,,,
163,60,65,94.8431076923077,84.772,,,
163,63,27,93.13596296296296,84.346,,,
163,64,65,94.64164615384615,84.798,,,
163,65,61,94.30060655737705,84.715,,,
164,2,77,86.23011688311688,83.261,,,
164,14,78,84.20785897435897,81.787,,,
164,15,36,84.88,83.466,,,
164,18,16,88.045,85.74,,,
164,21,78,84.44532051282052,81.905,,,
164,22,78,84.41156410256411,81.91,,,
164,23,37,84.99797297297297,83.769,,,
164,25,18,87.6,85.484,,,
164,30,55,84.0762,81.912,,,
164,35,77,85.81914285714285,83.393,,,
164,41,48,86.71875,83.514,,,
164,48,21,87.44504761904761,84.351,,,
164,49,70,84.43192857142857,82.123,,,
164,50,60,86.63466666666667,84.486,,,
164,55,29,85.3085172413793,83.949,,,
164,56,78,85.05303846153846,82.424,,,
164,57,77,85.36128571428571,81.571,,,
164,60,22,87.28572727272729,85.039,,,
164,63,78,85.24343589743589,82.634,,,
164,64,30,86.64823333333334,84.59,,,
164,65,76,87.40982894736842,83.245,,,
165,2,34,83.71755882352942,81.096,,,
165,14,69,88.90621739130435,79.947,,,
165,15,69,88.89855072463769,80.479,,,
165,18,68,89.31680882352941,80.781,,,
165,21,69,88.22721739130435,80.399,,,
165,22,69,88.00705797101449,79.235,,,
165,23,64,88.141328125,80.52,,,
165,25,69,89.16249275362318,80.625,,,
165,30,69,88.00453623188406,79.812,,,
165,35,64,88.168875,80.533,,,
165,37,48,85.50154166666667,80.842,,,
165,41,69,89.02562318840579,80.686,,,
165,48,64,88.835484375,80.547,,,
165,49,32,82.52740625,81.11,,,
165,50,69,88.76117391304348,80.693,,,
165,55,38,83.57736842105263,80.889,,,
165,56,66,93.47781818181818,80.693,,,
165,57,69,88.27353623188407,79.049,,,
165,60,68,90.65375,81.196,,,
165,63,42,83.10007142857144,80.696,,,
165,64,69,89.30227536231885,80.494,,,
165,65,14,83.9775,82.369,,,
166,2,71,83.96364788732394,81.115,,,
166,14,72,81.74358333333333,79.479,,,
166,15,72,82.79365277777778,81.071,,,
166,18,71,83.13939436619718,81.151,,,
166,21,71,83.16181690140846,80.958,,,
166,22,72,82.19370833333333,80.225,,,
166,23,72,82.63220833333332,80.908,,,
166,25,34,84.28191176470588,82.481,,,
166,30,58,81.84096551724137,79.656,,,
166,35,72,82.59527777777778,80.857,,,
166,37,45,85.09566666666667,81.506,,,
166,41,16,83.564875,82.563,,,
166,48,70,84.85461428571429,82.42,,,
166,49,71,83.12823943661971,81.255,,,
166,50,25,84.12128,82.498,,,
166,55,70,84.84745714285714,82.293,,,
166,56,70,84.08561428571429,79.708,,,
166,57,72,81.94841666666667,79.746,,,
166,60,31,84.77816129032257,82.639,,,
166,63,71,83.739,81.725,,,
166,64,71,83.94716901408451,81.753,,,
166,65,20,86.2253,81.901,,,
167,2,41,77.37860975609756,73.593,,,
167,14,71,74.7655352112676,71.783,,,
167,18,70,76.02855714285714,72.964,,,
167,22,71,75.02271830985914,71.887,,,
167,23,52,88.99025,72.811,,,
167,25,70,76.19375714285714,73.317,,,
167,35,70,75.97827142857143,72.63,,,
167,37,32,76.40178125,73.49,,,
167,41,58,76.84070689655172,72.855,,,
167,48,70,76.17371428571428,73.626,,,
167,49,4,91.2565,76.588,,,
167,50,14,82.1685,74.227,,,
167,54,69,76.97907246376812,74.098,,,
167,55,41,77.38519512195123,74.039,,,
167,57,71,74.58898591549296,71.837,,,
167,60,68,77.88036764705882,73.733,,,
167,63,70,76.04187142857143,73.674,,,
167,64,70,76.1828,72.955,,,
167,65,70,76.04867142857142,73.613,,,
168,2,40,114.8564,107.14,,,
168,14,45,114.56857777777779,104.579,,,
168,15,45,115.2293111111111,105.754,,,
168,18,45,114.60228888888888,107.073,,,
168,22,45,114.09817777777778,104.3,,,
168,23,45,114.7848,106.685,,,
168,25,31,113.12087096774194,107.269,,,
168,35,45,115.15455555555556,106.374,,,
168,37,45,114.7444,106.243,,,
168,41,37,113.1795945945946,107.248,,,
168,48,33,112.80530303030302,107.158,,,
168,49,39,113.81566666666667,104.614,,,
168,50,39,114.22297435897435,107.156,,,
168,55,29,111.4778275862069,107.001,,,
168,56,45,115.86848888888888,107.57,,,
168,57,45,114.26377777777778,104.698,,,
168,60,45,116.08715555555555,107.448,,,
168,63,45,114.70066666666668,107.129,,,
168,64,29,111.44993103448276,106.639,,,
168,65,12,108.86375,107.332,,,
169,2,22,85.44054545454546,83.644,,,
169,14,77,82.36784415584415,80.641,,,
169,15,76,83.68786842105263,81.483,,,
169,18,76,83.75743421052633,81.423,,,
169,21,31,93.51503225806451,82.933,,,
169,22,77,82.83150649350648,80.52,,,
169,23,77,82.91306493506494,81.211,,,
169,25,76,84.30073684210527,81.483,,,
169,30,77,82.36085714285714,80.762,,,
169,35,75,84.48912,81.163,,,
169,37,73,86.85693150684932,83.82,,,
169,41,75,85.56058666666667,82.633,,,
169,48,74,86.00159459459461,83.388,,,
169,49,77,83.14244155844156,80.64,,,
169,50,75,84.98646666666666,82.366,,,
169,55,11,113.22754545454545,84.106,,,
169,56,76,83.69771052631579,81.572,,,
169,57,77,82.25803896103895,80.028,,,
169,60,68,86.7467794117647,83.912,,,
169,63,76,84.20732894736842,81.372,,,
169,64,62,83.9326129032258,81.491,,,
169,65,67,85.66149253731344,82.439,,,
170,2,12,135.96675,118.831,,,
170,14,44,121.31306818181818,114.131,,,
170,15,4,148.89325,127.154,,,
170,18,44,121.46381818181818,115.425,,,
170,21,8,143.283875,122.148,,,
170,22,32,123.07875,113.803,,,
170,23,44,121.19522727272728,115.473,,,
170,25,43,123.93458139534884,116.726,,,
170,30,44,120.3545,114.252,,,
170,35,44,121.97440909090909,115.511,,,
170,37,42,126.14930952380952,116.77,,,
170,41,43,123.39506976744187,117.269,,,
170,48,43,124.51583720930232,117.261,,,
170,49,44,121.60177272727272,114.966,,,
170,50,43,125.37483720930233,117.432,,,
170,55,32,124.0888125,115.954,,,
170,56,44,122.41020454545455,115.603,,,
170,57,44,120.32940909090908,114.469,,,
170,60,42,127.9005,117.263,,,
170,63,44,122.34463636363637,115.11,,,
170,64,44,122.46856818181817,115.153,,,
170,65,44,122.32504545454546,115.603,,,
171,2,15,130.32966666666667,89.58,,,
171,18,10,144.55829999999997,103.666,,,
171,21,52,102.15134615384616,86.731,,,
171,23,53,100.07679245283019,86.636,,,
171,25,53,100.35969811320754,86.869,,,
171,30,53,99.08750943396225,85.663,,,
171,35,14,132.5767142857143,88.038,,,
171,41,53,100.39492452830189,86.433,,,
171,48,52,101.323,88.131,,,
171,50,53,100.21841509433962,87.033,,,
171,55,51,103.3864705882353,87.978,,,
171,57,53,99.1593962264151,85.595,,,
171,60,52,101.64701923076923,88.299,,,
171,63,52,101.08626923076923,87.297,,,
171,64,52,101.19921153846153,87.215,,,
171,65,1,258.026,258.026,,,
172,2,72,80.5182638888889,76.074,,,
172,14,73,79.72186301369864,74.711,,,
172,15,12,95.01383333333332,84.77,,,
172,18,14,88.80914285714286,82.977,,,
172,21,44,83.51756818181818,76.234,,,
172,22,73,79.49316438356165,74.822,,,
172,23,58,81.96708620689655,75.598,,,
172,25,72,80.53802777777778,75.56,,,
172,30,73,79.32716438356164,74.901,,,
172,35,73,79.57286301369864,75.117,,,
172,37,45,82.5688,76.276,,,
172,41,73,80.035301369863,75.812,,,
172,48,72,80.89784722222223,76.044,,,
172,49,73,79.56508219178082,75.521,,,
172,50,34,82.5879117647059,76.252,,,
172,55,64,80.962078125,76.124,,,
172,56,73,80.30134246575342,75.675,,,
172,57,25,83.60892,75.773,,,
172,60,59,82.0038813559322,76.711,,,
172,63,18,88.293,80.244,,,
172,64,72,80.43755555555556,75.305,,,
172,65,72,80.55459722222221,75.812,,,
173,2,41,108.2988780487805,102.356,,,
173,14,53,103.08205660377358,100.058,,,
173,15,52,105.38998076923076,100.967,,,
173,18,53,103.3797924528302,100.699,,,
173,21,52,105.40003846153847,102.416,,,
173,22,53,103.25709433962264,100.218,,,
173,23,41,103.30307317073171,100.9,,,
173,25,37,106.21975675675677,102.795,,,
173,30,53,101.76292452830188,99.443,,,
173,35,52,103.87792307692308,100.739,,,
173,37,52,105.32365384615385,102.079,,,
173,41,52,104.73465384615385,100.98,,,
173,48,46,105.9365,102.815,,,
173,49,29,103.42513793103448,101.185,,,
173,50,9,107.096,102.786,,,
173,55,19,103.83105263157894,102.737,,,
173,56,52,103.92551923076924,101.154,,,
173,57,53,101.79758490566037,99.189,,,
173,60,51,107.67943137254902,103.997,,,
173,63,52,105.17011538461539,101.634,,,
173,64,52,105.3008846153846,101.002,,,
173,65,52,103.89548076923077,101.226,,,
174,14,56,102.76726785714285,99.529,,,
174,15,55,106.11441818181818,101.262,,,
174,18,18,107.73538888888889,102.226,,,
174,21,55,104.81372727272728,100.925,,,
174,22,56,103.08355357142857,99.302,,,
174,23,43,106.31711627906977,101.729,,,
174,25,56,104.34908928571429,100.312,,,
174,30,56,102.75419642857143,99.064,,,
174,35,56,104.01655357142856,100.16,,,
174,41,46,105.02756521739131,100.498,,,
174,48,36,106.93827777777778,101.928,,,
174,49,7,123.61885714285714,104.557,,,
174,50,55,104.9342909090909,101.104,,,
174,55,55,105.77221818181819,101.634,,,
174,56,56,104.05005357142856,100.292,,,
174,57,56,103.384,98.543,,,
174,60,50,107.54038,103.147,,,
174,63,55,104.74009090909091,100.896,,,
174,65,48,105.16208333333333,100.764,,,
175,14,13,94.86538461538461,93.603,,,
175,15,25,106.53536,94.98,,,
175,21,57,100.61540350877192,93.657,,,
175,22,57,100.98871929824561,92.894,,,
175,23,57,100.15214035087719,93.407,,,
175,25,28,106.44735714285714,96.068,,,
175,30,56,102.08044642857143,92.112,,,
175,35,13,96.94492307692308,94.771,,,
175,37,57,101.50835087719298,95.22,,,
175,41,48,103.00647916666667,94.756,,,
175,44,23,102.73078260869565,95.91,,,
175,48,25,106.51388,97.454,,,
175,49,57,100.04712280701754,93.378,,,
175,56,57,100.02912280701754,93.56,,,
175,57,21,108.96452380952381,93.309,,,
175,64,27,105.70696296296296,94.748,,,
175,68,57,101.54294736842105,95.877,,,
175,69,42,104.11780952380953,97.073,,,
175,70,20,102.2893,97.146,,,
176,14,22,93.68095454545454,79.31,,,
176,15,21,86.70323809523809,80.969,,,
176,21,38,81.60373684210526,80.484,,,
176,22,42,81.07369047619048,79.477,,,
176,23,71,81.44873239436619,79.395,,,
176,25,70,82.45744285714285,80.145,,,
176,30,72,80.12097222222222,78.616,,,
176,35,49,83.4589387755102,80.727,,,
176,37,52,83.37901923076923,81.698,,,
176,44,71,82.16011267605633,79.386,,,
176,48,69,84.37849275362318,81.731,,,
176,49,71,81.08277464788733,79.009,,,
176,55,27,82.77892592592593,78.897,,,
176,56,71,81.45215492957746,78.816,,,
176,57,72,80.05256944444444,78.448,,,
176,64,42,82.31735714285715,80.833,,,
176,65,15,91.85860000000001,80.324,,,
176,68,69,83.62423188405796,81.598,,,
176,70,43,85.8706046511628,81.473,,,
176,71,10,85.70960000000001,81.14,,,
176,72,31,82.90790322580645,81.225,,,
177,14,62,90.79124193548387,89.199,,,
177,21,61,92.90167213114754,90.977,,,
177,22,61,92.24132786885247,90.564,,,
177,23,28,91.86457142857144,90.737,,,
177,25,5,96.3072,93.337,,,
177,30,62,90.72245161290323,88.547,,,
177,37,5,96.16239999999999,93.328,,,
177,44,48,94.90933333333332,90.081,,,
177,48,59,95.86630508474576,93.175,,,
177,49,46,91.89326086956521,90.229,,,
177,55,61,93.00091803278688,90.442,,,
177,56,46,91.25719565217392,89.726,,,
177,57,17,89.7595294117647,89.145,,,
177,63,59,93.69654237288137,91.007,,,
177,64,49,97.82016326530612,90.908,,,
177,65,58,92.71756896551724,91.238,,,
177,68,29,95.72658620689656,91.587,,,
177,69,59,95.48040677966102,92.851,,,
177,70,58,92.84556896551724,90.254,,,
177,71,61,92.25621311475409,90.14,,,
178,14,36,85.11286111111112,82.883,,,
178,15,77,85.7901948051948,83.646,,,
178,21,77,85.3598051948052,83.473,,,
178,22,71,85.31987323943662,83.583,,,
178,23,54,87.40196296296297,82.837,,,
178,25,77,85.55583116883116,83.236,,,
178,30,78,84.254,82.288,,,
178,35,32,85.74096875,83.537,,,
178,37,30,89.72526666666667,86.914,,,
178,44,40,87.48827499999999,84.48,,,
178,48,24,89.73016666666668,86.864,,,
178,49,78,84.94642307692308,82.471,,,
178,55,50,87.1987,83.417,,,
178,56,78,84.64471794871795,82.572,,,
178,57,78,84.73455128205129,82.259,,,
178,63,36,86.96966666666667,84.787,,,
178,64,49,86.07926530612245,82.637,,,
178,65,32,86.83225,84.919,,,
178,68,36,88.38508333333333,86.482,,,
178,69,10,91.4013,88.691,,,
178,70,76,86.70413157894737,83.294,,,
178,71,3,93.99666666666667,88.848,,,
179,14,65,87.07543076923076,85.487,,,
179,15,64,88.5004375,86.505,,,
179,21,64,89.41725,87.098,,,
179,22,64,88.5455625,86.006,,,
179,23,65,88.32112307692307,86.52,,,
179,25,64,89.5241875,87.029,,,
179,30,65,87.14630769230769,84.982,,,
179,35,40,87.95689999999999,86.675,,,
179,37,63,90.17885714285714,87.409,,,
179,44,24,93.78525,87.175,,,
179,49,35,88.41302857142857,86.894,,,
179,55,27,88.47755555555557,86.542,,,
179,56,65,87.4438,85.343,,,
179,57,65,86.97946153846154,85.209,,,
179,63,64,89.391640625,87.004,,,
179,64,40,88.363325,86.315,,,
179,65,40,89.235625,87.442,,,
179,68,62,91.59562903225806,89.184,,,
179,69,50,91.75614,89.632,,,
179,70,24,88.80495833333333,87.248,,,
179,71,64,88.5163125,86.348,,,
180,14,69,88.41639130434783,80.961,,,
180,21,69,88.35520289855071,81.345,,,
180,22,14,105.5687142857143,83.785,,,
180,23,69,88.37853623188407,82.002,,,
180,30,29,88.94524137931035,80.709,,,
180,35,34,89.4730294117647,82.283,,,
180,37,22,93.33109090909092,83.28,,,
180,41,2,112.423,101.808,,,
180,44,68,89.7155588235294,82.1,,,
180,48,68,89.70467647058824,82.888,,,
180,49,65,87.55052307692308,81.284,,,
180,56,69,88.36991304347826,80.382,,,
180,57,69,88.34388405797101,81.047,,,
180,64,69,88.39765217391304,81.864,,,
180,65,69,88.38452173913043,82.078,,,
180,68,41,90.82707317073171,82.792,,,
180,69,67,91.01586567164179,83.394,,,
180,70,50,90.12397999999999,83.442,,,
180,71,14,98.7942857142857,83.953,,,
181,14,9,80.59644444444444,79.227,,,
181,15,72,99.47380555555556,81.33,,,
181,21,42,102.66285714285715,81.423,,,
181,22,72,99.27465277777777,80.878,,,
181,23,72,99.30302777777779,80.313,,,
181,25,25,88.73264,81.409,,,
181,30,72,99.33644444444444,81.014,,,
181,35,25,87.7026,81.461,,,
181,37,71,101.25290140845071,82.535,,,
181,41,72,99.90426388888889,80.881,,,
181,44,72,99.48436111111111,81.403,,,
181,48,25,89.90872,82.844,,,
181,49,72,98.67143055555556,80.994,,,
181,55,24,85.125875,80.848,,,
181,56,72,99.3506111111111,80.328,,,
181,57,72,98.8254861111111,79.758,,,
181,64,6,84.0485,82.629,,,
181,65,4,91.9185,85.608,,,
181,68,71,101.14197183098591,82.664,,,
181,69,71,100.63691549295775,82.9,,,
181,70,26,90.85976923076923,81.983,,,
181,71,31,108.04606451612904,82.021,,,
182,14,60,92.5024,88.846,,,
182,15,60,93.70315,90.964,,,
182,21,60,93.41263333333333,90.296,,,
182,22,60,93.64556666666667,89.493,,,
182,23,60,92.95925,89.414,,,
182,25,60,93.70445,90.625,,,
182,35,29,94.26313793103448,91.342,,,
182,41,41,95.58668292682927,90.611,,,
182,44,60,93.84393333333334,90.793,,,
182,48,58,95.89331034482758,91.612,,,
182,49,60,92.96555000000001,89.33,,,
182,55,59,94.7931186440678,90.334,,,
182,56,60,92.53288333333333,88.782,,,
182,57,35,97.11585714285715,88.309,,,
182,64,60,93.39645,89.819,,,
182,65,60,93.79755,90.103,,,
182,68,58,96.4663275862069,92.442,,,
182,69,6,105.24283333333332,92.409,,,
182,70,60,93.7878,90.522,,,
182,71,60,93.14583333333333,89.252,,,
183,14,71,74.54578873239437,72.855,,,
183,15,70,75.83630000000001,74.112,,,
183,21,68,75.7570294117647,73.579,,,
183,22,55,75.28936363636363,73.278,,,
183,23,8,78.48925,76.173,,,
183,25,71,75.476,73.654,,,
183,35,34,76.48870588235293,73.977,,,
183,37,38,77.53334210526316,74.914,,,
183,41,63,76.18223809523809,74.063,,,
183,44,70,76.0005,73.465,,,
183,48,70,76.64465714285714,74.517,,,
183,49,71,75.28508450704226,73.176,,,
183,55,49,75.59069387755102,73.228,,,
183,56,71,74.54138028169014,72.787,,,
183,57,71,74.85521126760563,72.107,,,
183,63,70,75.93924285714286,73.481,,,
183,64,71,75.5404366197183,73.093,,,
183,65,67,80.00879104477612,72.641,,,
183,68,25,77.14052000000001,75.361,,,
183,69,68,78.50276470588236,74.622,,,
183,70,35,76.52754285714286,74.381,,,
183,71,70,75.85271428571428,73.96,,,
184,14,45,109.67593333333333,105.27,,,
184,15,10,111.1216,109.285,,,
184,21,7,115.56414285714285,107.785,,,
184,22,6,116.66883333333332,107.788,,,
184,23,45,109.58673333333334,108.083,,,
184,25,45,110.04282222222223,108.455,,,
184,37,37,112.06175675675676,110.534,,,
184,41,20,112.58245,109.179,,,
184,44,45,109.96606666666666,106.823,,,
184,48,45,111.70915555555555,109.894,,,
184,49,45,109.41753333333334,107.619,,,
184,55,45,110.88633333333333,108.334,,,
184,56,45,109.30208888888889,107.687,,,
184,57,25,109.68104,107.433,,,
184,63,45,109.32446666666667,107.945,,,
184,65,40,110.102,108.408,,,
184,68,15,112.38146666666665,110.286,,,
184,69,44,112.14027272727272,109.942,,,
184,70,21,112.09185714285715,109.835,,,
184,71,13,111.4083846153846,108.925,,,
185,14,77,83.02911688311687,80.699,,,
185,15,76,84.26597368421052,81.936,,,
185,21,52,83.56665384615384,81.469,,,
185,22,77,83.472,81.707,,,
185,23,76,84.38540789473684,81.745,,,
185,25,77,83.69542857142856,81.539,,,
185,35,60,85.1122,81.975,,,
185,37,75,85.57450666666666,83.52,,,
185,41,75,85.19726666666666,81.343,,,
185,44,76,84.56088157894737,82.587,,,
185,48,74,86.70278378378379,84.807,,,
185,49,77,83.31624675324676,80.991,,,
185,55,74,84.0742027027027,80.83,,,
185,56,77,83.25667532467533,81.01,,,
185,57,77,82.90306493506493,80.71,,,
185,63,75,85.18303999999999,82.681,,,
185,64,19,84.10710526315789,82.452,,,
185,65,76,84.86511842105263,82.455,,,
185,68,26,88.02792307692307,85.483,,,
185,69,75,85.46776,83.456,,,
185,70,10,88.6099,84.297,,,
185,71,77,83.62677922077923,81.18,,,
186,14,44,116.88765909090908,114.088,,,
186,15,44,119.07297727272729,116.367,,,
186,21,44,118.983,117.037,,,
186,22,44,118.72270454545455,116.131,,,
186,23,44,117.98009090909092,115.964,,,
186,25,44,119.56368181818182,117.526,,,
186,35,43,119.76055813953488,117.619,,,
186,37,35,122.00302857142857,118.48,,,
186,41,33,126.57409090909091,118.918,,,
186,44,44,119.19545454545454,116.681,,,
186,48,43,120.45481395348837,116.789,,,
186,49,44,117.6475,115.412,,,
186,55,44,118.56602272727272,116.016,,,
186,56,44,117.90920454545454,115.582,,,
186,57,44,117.12559090909092,113.955,,,
186,63,44,118.16604545454545,115.299,,,
186,64,19,121.2327894736842,118.179,,,
186,65,27,119.72488888888888,117.094,,,
186,69,33,120.96209090909092,117.929,,,
186,70,44,118.41088636363637,115.786,,,
186,71,44,118.13575,114.954,,,
187,14,53,87.5672641509434,85.832,,,
187,15,29,89.8045172413793,86.493,,,
187,21,1,100.305,100.305,,,
187,22,53,87.55760377358492,85.825,,,
187,23,53,87.28669811320755,85.579,,,
187,25,11,91.8319090909091,88.338,,,
187,35,53,88.01358490566038,86.338,,,
187,37,35,96.5834,88.516,,,
187,41,25,90.32516,86.945,,,
187,44,52,88.28034615384615,85.953,,,
187,49,53,87.22496226415095,85.917,,,
187,55,53,88.02115094339622,85.911,,,
187,56,53,87.74198113207547,86.387,,,
187,57,29,87.00344827586207,86.06,,,
187,63,53,87.45009433962264,85.63,,,
187,64,1,99.37,99.37,,,
187,65,40,88.562525,86.253,,,
187,68,35,93.03431428571429,89.216,,,
187,69,23,90.40143478260869,88.914,,,
187,70,53,87.75415094339623,86.047,,,
187,71,53,88.28645283018868,86.342,,,
188,14,37,92.69410810810811,81.835,,,
188,15,66,92.98383333333332,83.742,,,
188,21,48,94.38289583333332,82.244,,,
188,22,66,92.98757575757575,82.96,,,
188,23,66,93.23972727272728,82.237,,,
188,35,61,94.34918032786885,82.564,,,
188,37,52,98.77515384615384,84.857,,,
188,41,65,94.29098461538462,83.067,,,
188,44,65,94.43229230769231,83.905,,,
188,48,66,93.62830303030303,83.657,,,
188,49,32,92.56975,82.082,,,
188,55,35,94.27248571428571,83.097,,,
188,56,66,93.6514696969697,82.332,,,
188,57,66,93.59490909090908,81.282,,,
188,63,44,99.16561363636363,83.404,,,
188,65,66,92.64112121212122,83.01,,,
188,68,42,99.09585714285714,84.848,,,
188,69,53,95.30718867924529,83.745,,,
188,70,10,110.8092,84.3,,,
189,14,14,104.34307142857143,102.94,,,
189,21,52,113.35696153846153,100.96,,,
189,22,56,104.12125,100.81,,,
189,23,7,107.96857142857144,106.418,,,
189,25,56,104.63264285714286,101.95,,,
189,30,56,103.56310714285715,100.267,,,
189,35,48,105.22477083333332,101.769,,,
189,37,30,107.22543333333333,103.885,,,
189,41,6,110.735,106.444,,,
189,44,5,110.8148,106.874,,,
189,48,55,106.00101818181818,102.49,,,
189,49,56,104.16746428571429,100.631,,,
189,55,56,104.51610714285715,101.328,,,
189,56,56,103.54453571428571,101.254,,,
189,57,56,103.71851785714286,101.103,,,
189,64,44,105.14495454545454,101.639,,,
189,65,56,103.8577142857143,101.383,,,
189,68,7,131.7287142857143,106.441,,,
189,69,15,115.54860000000001,106.367,,,
189,70,55,106.48132727272727,102.056,,,
190,14,39,106.561,102.106,,,
190,15,3,107.56966666666668,104.304,,,
190,21,47,107.03687234042553,104.379,,,
190,22,52,105.65875,103.496,,,
190,23,53,105.25054716981133,102.567,,,
190,25,52,106.06365384615384,103.963,,,
190,30,53,103.46792452830188,101.319,,,
190,35,52,105.88684615384615,103.898,,,
190,37,51,107.83290196078431,105.556,,,
190,41,52,107.0026153846154,104.869,,,
190,44,19,106.76173684210526,103.188,,,
190,48,31,107.43119354838709,105.359,,,
190,49,53,105.2343396226415,102.972,,,
190,55,52,105.59809615384616,103.669,,,
190,56,53,105.1787358490566,103.297,,,
190,57,53,103.37330188679246,101.577,,,
190,64,52,106.46655769230769,104.112,,,
190,65,52,105.64138461538461,103.706,,,
190,68,43,108.8679534883721,106.15,,,
190,69,43,109.54872093023256,105.377,,,
190,71,21,108.61571428571429,103.939,,,
191,14,58,94.94306896551724,92.356,,,
191,15,26,97.30523076923076,94.885,,,
191,21,43,97.66218604651164,94.319,,,
191,23,1,110.966,110.966,,,
191,25,57,97.43177192982456,94.738,,,
191,30,5,98.2712,95.774,,,
191,35,57,97.378,95.661,,,
191,44,57,97.76221052631578,94.319,,,
191,49,57,96.74849122807016,93.554,,,
191,55,41,98.0899268292683,94.878,,,
191,56,57,96.76742105263158,93.79,,,
191,57,58,94.93096551724138,91.649,,,
191,63,23,98.82691304347826,96.032,,,
191,64,2,108.092,99.916,,,
191,65,57,97.38543859649123,95.624,,,
191,68,1,113.124,113.124,,,
191,71,57,97.45428070175439,94.196,,,
191,73,25,109.85996,98.116,,,
191,74,22,102.29090909090908,96.475,,,
191,75,8,114.290375,99.676,,,
191,76,1,112.353,112.353,,,
192,14,72,81.01179166666667,79.646,,,
192,15,17,85.44141176470589,82.933,,,
192,21,71,82.24752112676056,80.01,,,
192,22,56,83.45985714285715,81.758,,,
192,25,72,81.93333333333332,79.863,,,
192,30,72,81.83747222222222,79.627,,,
192,35,71,82.30497183098592,80.129,,,
192,44,63,82.76777777777778,80.449,,,
192,49,71,82.17528169014085,80.271,,,
192,55,71,82.56659154929577,80.623,,,
192,56,71,82.36880281690141,80.378,,,
192,57,72,80.99648611111111,79.337,,,
192,63,18,85.00605555555556,83.565,,,
192,64,26,84.95019230769232,82.969,,,
192,65,67,83.79189552238806,81.456,,,
192,68,19,84.5968947368421,83.226,,,
192,71,70,83.56647142857143,81.035,,,
192,73,52,86.19580769230768,83.342,,,
192,74,44,85.4908409090909,83.293,,,
192,75,3,88.99766666666667,84.475,,,
192,76,70,83.73885714285714,80.991,,,
193,14,72,91.61008333333334,88.468,,,
193,15,70,93.69111428571428,90.876,,,
193,21,72,91.73073611111111,88.507,,,
193,22,70,93.4764857142857,90.408,,,
193,23,22,95.90259090909092,91.541,,,
193,25,72,91.44875,88.179,,,
193,30,72,90.50243055555556,88.272,,,
193,35,52,91.52457692307692,89.694,,,
193,44,65,91.99787692307693,89.201,,,
193,49,71,92.72919718309859,89.592,,,
193,55,72,91.58973611111111,89.0,,,
193,56,72,91.30444444444444,88.933,,,
193,57,72,90.82047222222222,88.261,,,
193,63,18,94.81427777777778,92.519,,,
193,64,13,95.23338461538461,93.35,,,
193,65,46,92.02267391304348,89.857,,,
193,68,70,94.51345714285713,91.057,,,
193,71,71,92.3628309859155,89.31,,,
193,73,68,96.02263235294117,93.091,,,
193,74,63,94.66661904761905,90.992,,,
193,75,69,95.04663768115942,91.168,,,
193,76,17,95.79776470588234,92.808,,,
194,14,62,91.36440322580646,89.497,,,
194,15,34,94.64976470588235,92.361,,,
194,21,17,93.00817647058824,91.969,,,
194,23,60,94.57983333333333,91.837,,,
194,25,17,98.49105882352941,91.562,,,
194,30,62,91.43785483870968,89.345,,,
194,35,62,92.24488709677419,89.726,,,
194,44,56,93.27448214285714,90.481,,,
194,49,62,92.61403225806451,90.283,,,
194,55,61,92.96218032786885,90.391,,,
194,56,62,92.1995,89.923,,,
194,57,17,92.4724705882353,90.115,,,
194,63,60,95.9311,91.267,,,
194,64,18,96.052,92.988,,,
194,65,12,94.85291666666667,92.215,,,
194,68,40,94.925525,92.43,,,
194,71,57,94.20919298245613,90.859,,,
194,73,48,97.22214583333333,94.491,,,
194,74,60,95.80476666666667,93.443,,,
194,75,27,96.81181481481482,93.889,,,
194,76,8,103.111625,95.069,,,
195,14,65,86.57016923076922,84.778,,,
195,15,63,89.31569841269842,86.394,,,
195,21,28,87.37935714285715,85.851,,,
195,22,64,88.038046875,86.532,,,
195,23,63,89.3596507936508,86.533,,,
195,25,65,87.38707692307692,85.343,,,
195,30,65,87.14947692307692,84.625,,,
195,35,64,88.049171875,86.407,,,
195,44,60,88.48671666666667,86.502,,,
195,49,63,89.24688888888889,86.011,,,
195,55,63,89.33311111111111,85.668,,,
195,56,28,87.36957142857143,85.778,,,
195,57,65,86.42495384615384,84.275,,,
195,63,21,88.94695238095238,87.767,,,
195,64,20,93.4619,87.638,,,
195,65,64,88.0960625,86.354,,,
195,68,63,90.12096825396826,88.066,,,
195,71,46,88.74376086956522,86.501,,,
195,74,63,90.19306349206349,87.601,,,
195,75,63,90.17980952380952,87.767,,,
195,76,63,89.53973015873017,87.203,,,
196,14,17,84.84864705882353,82.955,,,
196,15,56,88.80764285714285,86.501,,,
196,21,78,85.83423076923077,83.594,,,
196,22,11,89.66481818181818,87.719,,,
196,23,44,89.16770454545454,86.228,,,
196,25,42,86.2037380952381,83.97,,,
196,30,76,88.64197368421051,83.189,,,
196,35,77,87.25728571428571,84.381,,,
196,44,49,89.2075918367347,84.874,,,
196,49,9,88.05133333333333,86.777,,,
196,55,72,86.85869444444444,84.539,,,
196,56,78,86.21760256410256,84.457,,,
196,57,78,85.6871153846154,82.948,,,
196,63,78,86.461,84.582,,,
196,64,77,87.36041558441559,84.456,,,
196,65,77,87.74267532467532,85.053,,,
196,68,76,88.83821052631579,86.506,,,
196,71,76,88.25676315789474,86.091,,,
196,75,76,88.26955263157895,86.054,,,
196,76,30,88.18576666666667,86.637,,,
197,14,18,98.92572222222222,80.852,,,
197,21,69,88.0292463768116,80.942,,,
197,22,69,88.96910144927536,82.239,,,
197,25,69,88.70417391304348,81.694,,,
197,30,69,87.78776811594203,79.379,,,
197,35,63,96.4222857142857,81.233,,,
197,44,39,92.76146153846153,81.669,,,
197,49,20,98.07464999999999,82.43,,,
197,56,69,88.65817391304347,81.327,,,
197,63,18,99.56083333333333,84.451,,,
197,64,68,90.28473529411765,81.814,,,
197,65,18,99.47777777777777,83.466,,,
197,71,42,99.09540476190476,81.933,,,
197,73,68,90.25545588235293,83.418,,,
197,74,53,92.16856603773584,82.939,,,
197,75,68,89.52848529411764,82.907,,,
197,76,68,89.51041176470589,82.867,,,
198,14,70,81.32024285714286,77.523,,,
198,15,55,83.74038181818182,79.869,,,
198,21,70,82.187,79.307,,,
198,22,69,82.41862318840579,80.651,,,
198,23,68,84.4512794117647,79.052,,,
198,25,70,81.25022857142856,79.32,,,
198,30,71,80.07080281690142,77.77,,,
198,35,71,81.01397183098592,78.913,,,
198,44,69,82.65092753623189,79.953,,,
198,49,68,81.56975,79.229,,,
198,50,69,82.92465217391305,80.849,,,
198,55,70,81.34758571428571,79.66,,,
198,56,71,80.34650704225352,78.956,,,
198,57,71,80.34892957746479,78.493,,,
198,63,69,83.23646376811594,81.502,,,
198,64,69,83.52456521739131,81.765,,,
198,65,70,81.96308571428571,79.771,,,
198,68,60,83.30636666666666,80.299,,,
198,71,19,83.41531578947368,79.49,,,
198,73,16,83.7601875,82.435,,,
198,74,41,84.99934146341464,82.761,,,
198,75,65,83.86415384615384,81.883,,,
199,14,37,99.6934054054054,96.12,,,
199,15,37,108.20537837837837,104.083,,,
199,21,59,109.33130508474576,98.424,,,
199,22,39,106.56469230769231,100.097,,,
199,23,59,109.73010169491525,97.389,,,
199,25,59,109.31191525423729,97.982,,,
199,30,60,107.04085,95.704,,,
199,35,59,110.18440677966102,97.199,,,
199,44,40,105.83664999999999,102.346,,,
199,49,15,99.008,96.884,,,
199,50,38,106.12428947368421,101.114,,,
199,55,53,108.67179245283019,97.202,,,
199,56,60,107.5275,96.53,,,
199,57,60,107.41526666666667,95.961,,,
199,63,27,103.35044444444443,98.16,,,
199,64,45,114.19291111111112,97.887,,,
199,65,27,102.708,97.343,,,
199,68,56,115.31691071428571,101.629,,,
199,71,13,99.2283076923077,97.223,,,
199,73,29,108.40606896551725,100.948,,,
199,74,29,108.41996551724138,104.7,,,
199,75,58,112.17858620689655,103.755,,,
200,14,71,76.75176056338029,72.878,,,
200,15,70,78.4791,75.709,,,
200,21,21,80.04928571428572,74.044,,,
200,22,8,89.905125,76.822,,,
200,23,71,77.39071830985915,73.972,,,
200,25,70,77.98015714285715,74.04,,,
200,30,71,77.22787323943662,73.029,,,
200,35,71,77.42660563380281,73.73,,,
200,49,16,82.8165,75.446,,,
200,50,51,79.56980392156864,75.61,,,
200,55,21,81.05847619047618,74.791,,,
200,56,71,77.29666197183099,74.066,,,
200,57,71,76.67726760563382,73.412,,,
200,63,1,117.393,117.393,,,
200,64,3,112.48066666666668,100.264,,,
200,65,70,77.95555714285715,74.639,,,
200,71,71,77.71422535211266,74.135,,,
200,73,69,81.27817391304347,76.1,,,
200,74,30,81.63380000000001,75.769,,,
200,75,70,78.63304285714287,75.575,,,
201,14,45,107.74246666666666,106.116,,,
201,15,44,110.31170454545455,108.446,,,
201,21,45,108.42246666666666,106.831,,,
201,22,27,109.63585185185185,107.544,,,
201,23,45,108.39384444444444,106.35,,,
201,25,45,109.02175555555556,106.88,,,
201,30,45,108.01328888888888,106.381,,,
201,35,45,107.79026666666667,106.274,,,
201,44,44,111.64279545454545,107.775,,,
201,49,45,108.46153333333334,106.89,,,
201,50,24,111.10266666666668,109.147,,,
201,55,45,108.80791111111111,106.964,,,
201,56,45,108.43631111111111,106.459,,,
201,57,45,107.73297777777778,106.252,,,
201,63,44,110.76002272727273,108.899,,,
201,64,2,117.1675,111.259,,,
201,65,37,109.1318918918919,107.345,,,
201,68,44,110.62204545454546,108.608,,,
201,71,45,107.89266666666667,106.317,,,
201,74,43,115.24325581395348,110.314,,,
201,75,36,111.20694444444443,109.424,,,
202,14,77,82.27251948051948,80.546,,,
202,15,28,85.75660714285715,83.318,,,
202,21,76,83.63628947368422,81.06,,,
202,22,54,86.08229629629629,83.294,,,
202,23,76,83.88568421052632,80.875,,,
202,25,69,83.52042028985507,81.479,,,
202,30,77,82.15001298701299,79.286,,,
202,35,77,82.72720779220779,80.078,,,
202,44,74,85.54054054054055,82.538,,,
202,49,77,82.88390909090909,80.356,,,
202,50,74,85.86364864864865,83.644,,,
202,55,76,83.44686842105263,81.439,,,
202,56,13,83.12638461538461,80.984,,,
202,57,76,83.28859210526316,80.545,,,
202,63,18,85.0856111111111,83.716,,,
202,64,74,85.50368918918919,83.429,,,
202,65,76,83.94815789473684,81.329,,,
202,68,74,86.05597297297297,82.495,,,
202,71,77,82.86527272727272,80.68,,,
202,74,13,87.57146153846153,85.45,,,
202,75,74,87.3747027027027,83.573,,,
203,14,39,159.7746923076923,130.95,,,
203,15,42,149.57692857142857,131.701,,,
203,21,26,137.35930769230768,129.528,,,
203,23,44,141.55318181818183,128.399,,,
203,30,25,134.8638,123.766,,,
203,35,16,136.0010625,127.825,,,
203,49,44,142.26477272727274,126.284,,,
203,50,8,143.184875,132.425,,,
203,55,44,141.69654545454543,127.597,,,
203,56,25,137.43676000000002,126.561,,,
203,64,44,142.70659090909092,131.331,,,
203,68,10,141.2438,132.327,,,
203,71,44,141.532,125.63,,,
203,74,17,149.0795294117647,139.996,,,
203,75,39,163.10435897435897,133.23,,,
204,14,16,87.130625,85.959,,,
204,15,50,92.94796000000001,86.285,,,
204,21,52,89.07215384615384,86.659,,,
204,22,52,90.42403846153847,87.77,,,
204,23,53,88.12875471698113,86.194,,,
204,25,24,89.09375,87.62,,,
204,30,53,87.35230188679246,85.483,,,
204,35,37,88.40751351351352,86.479,,,
204,44,15,119.7344,88.395,,,
204,49,52,89.06084615384616,86.656,,,
204,50,39,90.87620512820513,88.583,,,
204,55,53,88.51969811320754,86.84,,,
204,56,53,88.06884905660378,86.359,,,
204,57,53,88.40269811320755,85.139,,,
204,63,32,90.1054375,87.866,,,
204,64,10,91.4953,89.124,,,
204,65,12,90.73533333333333,89.092,,,
204,68,52,90.30076923076923,87.726,,,
204,71,53,88.61056603773585,86.73,,,
204,73,51,92.0110980392157,89.393,,,
204,74,51,91.7615294117647,89.093,,,
204,75,13,91.71823076923077,89.853,,,
205,14,67,83.11870149253731,80.715,,,
205,15,6,87.4925,85.328,,,
205,21,67,83.52461194029851,81.506,,,
205,22,65,85.36323076923077,83.412,,,
205,23,53,86.01803773584905,81.881,,,
205,25,67,83.57580597014926,81.778,,,
205,30,67,82.64180597014926,81.001,,,
205,35,66,83.95080303030302,81.701,,,
205,44,65,85.38264615384615,82.931,,,
205,49,67,83.50801492537313,81.394,,,
205,50,65,85.73547692307692,83.944,,,
205,55,66,84.08219696969698,81.979,,,
205,56,67,83.47719402985074,81.667,,,
205,57,67,82.60879104477613,80.45,,,
205,63,65,85.74483076923077,83.552,,,
205,64,6,87.57,85.285,,,
205,65,37,84.38672972972974,82.712,,,
205,68,65,85.80413846153846,83.392,,,
205,71,66,83.98471212121213,81.741,,,
205,73,36,86.93980555555557,84.161,,,
205,74,56,99.48157142857143,84.024,,,
205,75,65,85.79369230769231,84.21,,,
206,14,51,103.3372156862745,100.905,,,
206,15,48,106.51391666666667,103.164,,,
206,21,51,104.78111764705882,102.335,,,
206,22,25,108.05536000000001,104.947,,,
206,23,13,104.26630769230769,102.965,,,
206,25,50,105.15346000000001,103.447,,,
206,30,31,103.15303225806451,100.19,,,
206,35,51,104.28241176470588,102.273,,,
206,44,50,106.00653999999999,103.073,,,
206,49,51,104.243,102.331,,,
206,50,21,108.66714285714285,105.84,,,
206,55,51,104.6782156862745,102.357,,,
206,56,51,102.9220980392157,100.87,,,
206,57,51,102.79482352941176,100.426,,,
206,63,14,106.40314285714285,105.304,,,
206,64,2,111.499,106.099,,,
206,65,50,105.26072,102.858,,,
206,68,28,108.0810357142857,105.673,,,
206,71,51,104.23582352941176,102.275,,,
206,74,28,108.82753571428572,105.792,,,
206,75,40,107.5067,104.158,,,
207,14,58,93.59858620689656,91.412,,,
207,15,55,98.78967272727273,95.959,,,
207,21,14,96.25428571428571,94.147,,,
207,22,49,96.1300612244898,93.386,,,
207,23,1,108.323,108.323,,,
207,30,58,93.94420689655172,91.067,,,
207,44,58,94.63837931034483,91.762,,,
207,49,55,93.60870909090909,90.585,,,
207,50,2,104.4815,97.038,,,
207,55,34,94.0630294117647,91.976,,,
207,57,58,93.98094827586208,91.509,,,
207,63,42,104.53471428571429,94.194,,,
207,64,54,101.31614814814814,94.465,,,
207,75,56,97.70619642857143,94.171,,,
207,76,36,98.30430555555556,95.257,,,
207,77,58,93.99239655172414,91.624,,,
207,78,58,95.25444827586207,92.784,,,
207,79,32,97.5411875,94.918,,,
208,14,71,81.27887323943662,78.925,,,
208,15,71,81.88874647887323,80.105,,,
208,21,72,80.93929166666668,78.611,,,
208,22,16,82.5359375,80.788,,,
208,23,52,81.65259615384616,78.441,,,
208,30,72,80.56556944444444,78.773,,,
208,35,72,80.09708333333333,78.397,,,
208,44,72,80.3175,79.094,,,
208,49,72,81.14433333333332,78.707,,,
208,50,70,82.51275714285714,80.274,,,
208,55,72,80.56958333333333,78.754,,,
208,56,70,82.5794142857143,79.275,,,
208,57,72,80.555875,78.649,,,
208,63,71,82.2610985915493,80.376,,,
208,64,15,82.17880000000001,80.406,,,
208,65,72,80.80419444444443,79.008,,,
208,71,68,81.6980294117647,79.91,,,
208,75,71,82.32709859154929,79.657,,,
208,77,72,80.15527777777778,78.509,,,
208,78,71,81.37523943661971,78.73,,,
208,79,67,86.22840298507462,79.96,,,
209,15,71,95.89359154929578,90.593,,,
209,21,24,99.41991666666667,90.278,,,
209,22,24,101.449125,89.913,,,
209,23,72,93.52505555555557,88.382,,,
209,35,72,93.35715277777778,88.028,,,
209,44,18,101.51272222222222,89.09,,,
209,49,5,130.7114,91.832,,,
209,50,43,96.63681395348837,89.541,,,
209,55,72,94.00102777777778,88.827,,,
209,56,72,93.37075,88.288,,,
209,57,72,93.77869444444444,89.076,,,
209,63,71,95.47212676056337,89.931,,,
209,64,50,97.67246,91.111,,,
209,65,72,93.77269444444444,89.296,,,
209,71,33,98.504,90.649,,,
209,75,49,97.72516326530612,89.865,,,
209,76,66,95.38483333333333,89.834,,,
209,77,72,93.79316666666668,87.981,,,
209,78,63,97.0005396825397,88.41,,,
209,79,37,99.07764864864865,91.869,,,
210,14,38,89.77942105263158,86.067,,,
210,21,62,89.42033870967742,86.62,,,
210,22,32,90.429,87.741,,,
210,23,17,90.05917647058824,87.217,,,
210,30,62,88.09532258064516,85.537,,,
210,35,40,89.16397500000001,85.997,,,
210,44,61,90.43826229508197,88.064,,,
210,49,62,88.07537096774193,85.531,,,
210,50,60,91.19568333333333,88.886,,,
210,55,61,89.80431147540983,87.091,,,
210,56,62,89.33896774193549,86.811,,,
210,57,61,89.8120655737705,86.791,,,
210,63,60,91.08556666666667,88.189,,,
210,64,53,91.44530188679245,87.793,,,
210,65,18,90.061,87.594,,,
210,71,11,94.63754545454546,89.237,,,
210,75,11,94.60763636363637,90.554,,,
210,76,2,103.8145,96.71,,,
210,77,4,99.85625,93.513,,,
210,78,61,90.15403278688525,86.753,,,
210,79,59,93.45613559322034,89.554,,,
211,14,1,131.201,131.201,,,
211,15,7,127.52514285714285,120.038,,,
211,21,61,118.446,114.806,,,
211,22,62,117.08,113.495,,,
211,23,10,118.07560000000001,113.43,,,
211,30,62,116.22022580645161,113.315,,,
211,35,16,122.8443125,115.218,,,
211,44,62,117.90412903225806,115.309,,,
211,49,39,120.13992307692308,113.504,,,
211,50,60,120.33661666666667,115.045,,,
211,55,16,119.88075,115.451,,,
211,56,62,117.54454838709677,114.202,,,
211,57,1,135.786,135.786,,,
211,63,61,118.33188524590163,114.968,,,
211,65,9,119.31955555555557,115.84,,,
211,71,1,137.648,137.648,,,
211,75,36,120.70283333333333,116.906,,,
211,76,61,119.87732786885246,115.303,,,
211,77,60,120.73601666666666,115.841,,,
211,78,24,131.41908333333333,116.94,,,
211,79,60,121.82686666666667,116.101,,,
212,14,64,85.400625,82.34,,,
212,15,62,88.05416129032258,84.213,,,
212,21,64,85.947859375,82.242,,,
212,22,37,86.59356756756758,83.564,,,
212,23,50,86.87534,82.784,,,
212,30,64,85.216796875,82.295,,,
212,35,64,84.935875,82.534,,,
212,44,64,85.0265625,82.422,,,
212,49,64,85.938046875,82.841,,,
212,50,63,86.72187301587302,84.517,,,
212,55,64,85.13171875,83.096,,,
212,56,63,87.0684603174603,82.839,,,
212,57,64,85.698140625,83.241,,,
212,63,35,88.38445714285713,84.775,,,
212,64,53,86.9466603773585,83.716,,,
212,65,64,85.37315625,83.178,,,
212,71,17,86.12529411764706,83.761,,,
212,75,34,87.16935294117647,83.516,,,
212,76,63,87.59877777777778,85.3,,,
212,77,64,85.96196875,83.106,,,
212,79,11,89.41872727272728,86.273,,,
212,81,62,87.90462903225806,84.647,,,
213,14,54,87.0073888888889,79.635,,,
213,15,32,88.1416875,82.712,,,
213,21,54,86.36787037037037,81.013,,,
213,22,33,89.13712121212122,82.366,,,
213,23,14,92.5497857142857,82.372,,,
213,25,35,87.12217142857142,81.048,,,
213,30,54,86.30825925925926,80.171,,,
213,35,1,88.356,88.356,,,
213,44,51,86.41633333333333,80.945,,,
213,49,54,86.37803703703703,79.997,,,
213,50,42,86.87573809523809,81.902,,,
213,55,54,86.35575925925926,80.679,,,
213,63,46,87.06373913043478,81.622,,,
213,64,53,87.94711320754718,82.434,,,
213,65,54,86.39559259259259,80.709,,,
213,71,53,87.97322641509433,82.435,,,
213,75,54,86.9879074074074,82.077,,,
213,79,5,89.065,84.294,,,
213,81,53,88.03945283018868,82.659,,,
214,14,71,83.38821126760563,79.317,,,
214,15,70,85.23547142857143,79.417,,,
214,21,71,84.7358309859155,79.225,,,
214,22,36,82.36230555555557,78.781,,,
214,23,72,83.61615277777778,79.225,,,
214,25,60,81.49886666666667,78.684,,,
214,30,72,82.36794444444443,77.91,,,
214,35,72,83.50383333333333,78.649,,,
214,49,72,82.69484722222222,78.136,,,
214,50,15,83.44239999999999,82.034,,,
214,55,72,83.51704166666667,79.055,,,
214,56,72,83.40684722222223,79.029,,,
214,57,18,80.91083333333333,80.153,,,
214,58,5,85.7672,82.325,,,
214,63,61,83.49001639344263,80.385,,,
214,64,58,84.172,80.557,,,
214,65,71,84.16740845070423,80.845,,,
214,71,69,86.24027536231884,80.434,,,
214,75,7,83.16385714285714,80.662,,,
214,76,33,83.08836363636364,79.912,,,
214,79,70,85.74247142857143,80.534,,,
214,82,40,86.456175,79.849,,,
215,14,59,90.04905084745762,86.475,,,
215,15,58,91.28996551724137,86.61,,,
215,21,58,91.13303448275862,86.119,,,
215,22,37,92.3915945945946,87.877,,,
215,23,59,90.06008474576271,85.872,,,
215,25,59,89.71120338983052,86.429,,,
215,30,38,91.52252631578948,84.475,,,
215,35,59,89.51974576271188,85.082,,,
215,50,45,93.20944444444444,89.137,,,
215,55,59,89.69271186440677,86.26,,,
215,56,44,90.15668181818182,85.236,,,
215,57,52,89.7885,85.988,,,
215,58,58,92.55306896551724,89.1,,,
215,63,44,92.56168181818182,88.053,,,
215,64,29,93.3956551724138,87.111,,,
215,65,42,93.84088095238094,86.232,,,
215,71,59,90.76638983050847,86.471,,,
215,75,57,90.75822807017543,86.778,,,
215,76,50,92.37234,87.586,,,
215,82,58,91.8824827586207,87.783,,,
216,14,1,142.326,142.326,,,
216,15,45,108.58246666666666,106.733,,,
216,21,40,109.2894,106.274,,,
216,22,33,109.70424242424244,107.074,,,
216,23,45,108.64535555555555,106.127,,,
216,30,45,108.36828888888888,106.603,,,
216,35,33,108.79969696969698,107.044,,,
216,49,1,193.699,193.699,,,
216,50,44,111.95088636363637,110.159,,,
216,55,45,108.75028888888889,105.917,,,
216,56,1,196.256,196.256,,,
216,57,45,108.52924444444444,106.831,,,
216,63,33,112.05512121212122,109.611,,,
216,64,8,111.131875,108.836,,,
216,65,8,111.10875,109.184,,,
216,71,44,110.66529545454546,106.56,,,
216,75,45,109.7504,107.939,,,
216,76,27,110.71533333333333,108.189,,,
216,77,45,107.9788,105.747,,,
216,79,23,111.27934782608696,110.161,,,
216,82,44,110.88293181818182,107.908,,,
217,14,65,82.38001538461539,80.329,,,
217,15,77,83.4117012987013,81.074,,,
217,21,42,82.68661904761905,79.366,,,
217,22,29,83.53282758620689,81.409,,,
217,23,77,82.8294025974026,79.651,,,
217,30,77,82.82662337662337,79.684,,,
217,35,77,82.43050649350648,79.066,,,
217,49,29,81.15279310344827,78.372,,,
217,50,61,85.00618032786885,81.676,,,
217,55,76,83.63844736842105,80.573,,,
217,56,76,82.78727631578948,79.527,,,
217,57,12,82.167,80.161,,,
217,58,75,85.06625333333332,81.874,,,
217,63,75,85.07672,81.578,,,
217,64,53,83.84354716981133,80.317,,,
217,65,77,82.69602597402599,80.606,,,
217,71,77,82.5484155844156,79.648,,,
217,75,77,82.96962337662337,80.003,,,
217,76,5,97.949,81.628,,,
217,77,77,83.42283116883117,79.923,,,
217,79,76,83.5361447368421,80.672,,,
217,81,7,86.84971428571428,81.167,,,
218,14,19,143.17763157894737,119.169,,,
218,15,42,135.7777857142857,115.152,,,
218,21,44,128.48795454545456,114.688,,,
218,22,8,165.801375,136.804,,,
218,23,21,143.82085714285714,117.784,,,
218,30,44,127.87993181818182,115.34,,,
218,35,44,128.8368181818182,112.692,,,
218,49,44,128.61054545454544,113.874,,,
218,50,25,138.865,119.409,,,
218,55,44,130.19829545454544,115.348,,,
218,56,43,129.95023255813953,115.29,,,
218,57,44,128.58120454545454,114.175,,,
218,58,18,147.43488888888888,122.753,,,
218,63,43,130.87302325581396,116.919,,,
218,64,44,129.83290909090908,113.652,,,
218,65,44,128.76686363636364,113.615,,,
218,71,42,131.95273809523812,114.074,,,
218,75,5,182.4162,139.161,,,
218,76,43,131.1339534883721,115.726,,,
218,77,44,129.3285909090909,113.649,,,
218,79,42,133.09573809523812,115.413,,,
218,81,44,130.21134090909092,114.818,,,
219,14,53,87.25677358490566,85.975,,,
219,15,53,88.43990566037736,86.718,,,
219,21,53,87.36754716981133,85.96,,,
219,22,52,89.91676923076923,87.571,,,
219,23,39,91.03141025641025,85.909,,,
219,30,53,87.47339622641509,85.863,,,
219,35,53,87.37783018867924,85.715,,,
219,49,53,87.33871698113208,85.6,,,
219,50,12,90.73983333333332,88.227,,,
219,55,53,87.29332075471699,86.067,,,
219,56,53,87.58958490566037,85.655,,,
219,57,53,88.18833962264151,84.808,,,
219,58,50,93.10494,89.116,,,
219,63,33,89.66990909090909,88.004,,,
219,64,4,93.8715,88.569,,,
219,65,38,88.42673684210527,86.572,,,
219,71,46,88.56630434782608,87.081,,,
219,75,53,88.45162264150943,86.383,,,
219,76,31,89.25229032258065,87.447,,,
219,77,53,87.49207547169812,85.653,,,
219,79,8,92.379625,89.133,,,
219,81,52,89.13342307692308,87.257,,,
220,14,71,74.06912676056338,72.207,,,
220,15,58,74.3233275862069,72.598,,,
220,21,71,74.19895774647887,72.375,,,
220,22,64,74.66146875,72.535,,,
220,23,71,74.47687323943663,72.862,,,
220,30,71,74.49871830985914,72.169,,,
220,35,71,74.02815492957745,71.814,,,
220,49,71,74.08395774647887,72.223,,,
220,50,69,76.79918840579711,73.708,,,
220,55,37,75.27972972972974,72.953,,,
220,56,38,76.02481578947368,72.704,,,
220,57,1,91.574,91.574,,,
220,63,48,76.59877083333333,73.862,,,
220,64,67,75.55931343283581,73.074,,,
220,65,71,74.7190985915493,72.574,,,
220,71,71,74.55219718309858,72.903,,,
220,75,57,75.4480701754386,73.01,,,
220,76,58,74.82929310344828,72.605,,,
220,77,70,75.24048571428571,72.624,,,
220,79,69,76.31463768115943,74.394,,,
220,81,71,74.96414084507042,72.826,,,
221,14,42,81.36847619047619,79.92,,,
221,22,43,82.32693023255814,80.737,,,
221,30,2,92.0715,89.314,,,
221,35,67,81.90810447761194,79.838,,,
221,44,67,82.5610895522388,81.086,,,
221,49,67,82.1092985074627,78.805,,,
221,50,50,84.41138000000001,82.455,,,
221,55,67,82.08377611940298,79.716,,,
221,56,22,83.11781818181818,81.793,,,
221,57,43,81.09072093023256,79.576,,,
221,58,1,96.826,96.826,,,
221,63,66,83.92313636363637,81.996,,,
221,64,67,82.5520895522388,81.262,,,
221,65,67,82.57010447761193,80.518,,,
221,71,67,82.57641791044776,80.407,,,
221,75,16,83.5735625,81.969,,,
221,76,40,83.858825,81.448,,,
221,77,67,82.15311940298507,79.996,,,
221,79,1,180.63,180.63,,,
221,81,66,83.507,80.865,,,
222,14,52,102.52086538461539,99.771,,,
222,21,53,102.74094339622641,100.217,,,
222,22,6,105.71266666666668,103.883,,,
222,23,53,103.21662264150943,99.737,,,
222,30,53,101.66877358490567,99.268,,,
222,35,53,102.4192641509434,100.163,,,
222,44,36,103.6595,100.43,,,
222,49,53,101.69477358490566,98.942,,,
222,50,52,105.26826923076923,103.051,,,
222,55,53,102.43111320754717,99.381,,,
222,56,53,102.16658490566037,99.935,,,
222,57,53,102.18064150943395,100.151,,,
222,58,46,105.22745652173913,102.699,,,
222,63,46,105.38658695652174,102.996,,,
222,64,52,104.68501923076923,101.611,,,
222,65,53,102.45424528301886,100.266,,,
222,71,52,103.82825,101.419,,,
222,75,22,109.0524090909091,101.608,,,
222,76,3,107.054,104.089,,,
222,77,53,102.80894339622641,99.998,,,
222,79,8,106.533125,104.403,,,
223,14,69,86.07863768115942,84.006,,,
223,21,68,87.43701470588235,85.434,,,
223,22,30,87.55016666666667,86.169,,,
223,23,44,88.1175,85.895,,,
223,30,47,85.74651063829786,83.692,,,
223,35,69,86.08076811594204,83.906,,,
223,44,69,87.02776811594204,83.941,,,
223,49,69,86.12042028985508,83.135,,,
223,50,68,88.3264705882353,86.369,,,
223,55,68,87.58407352941177,83.975,,,
223,56,69,86.10957971014493,84.266,,,
223,57,69,86.05465217391304,84.072,,,
223,58,68,88.18682352941177,85.947,,,
223,63,68,87.57375,85.237,,,
223,64,11,88.00754545454545,86.434,,,
223,65,69,87.1120579710145,85.159,,,
223,71,47,86.61934042553192,84.274,,,
223,75,69,87.18820289855071,84.679,,,
223,76,69,87.17765217391305,85.37,,,
223,77,69,86.08246376811594,83.361,,,
223,79,68,88.33667647058824,86.215,,,
223,82,68,88.02375,85.154,,,
224,14,24,99.79770833333333,97.746,,,
224,21,32,101.55065625,98.077,,,
224,22,29,98.11765517241379,95.064,,,
224,30,32,99.42709375,93.651,,,
224,35,58,96.69846551724137,93.421,,,
224,44,57,98.14856140350878,94.767,,,
224,49,57,98.41115789473685,95.596,,,
224,50,15,100.69746666666666,96.649,,,
224,55,9,97.36588888888889,95.519,,,
224,56,58,97.12175862068965,94.533,,,
224,57,58,97.68210344827585,95.843,,,
224,63,57,97.95054385964913,95.28,,,
224,64,56,100.10158928571428,97.024,,,
224,71,58,96.04294827586207,93.621,,,
224,73,56,100.02908928571429,96.557,,,
224,77,58,97.3711724137931,94.757,,,
224,79,55,101.30594545454545,96.377,,,
224,83,42,108.06257142857143,98.784,,,
224,84,1,116.481,116.481,,,
225,14,29,102.92972413793103,96.245,,,
225,22,59,96.26762711864407,82.359,,,
225,30,70,94.29384285714285,82.889,,,
225,35,26,99.85280769230769,96.383,,,
225,44,70,94.77187142857143,82.743,,,
225,49,36,101.0338888888889,96.166,,,
225,50,19,102.72447368421052,95.435,,,
225,55,71,93.11208450704225,81.866,,,
225,56,70,95.30625714285713,83.062,,,
225,57,70,94.51491428571428,82.283,,,
225,63,70,94.66164285714285,82.483,,,
225,64,69,96.05515942028985,83.576,,,
225,65,28,104.13789285714286,98.127,,,
225,69,67,99.29786567164179,85.627,,,
225,71,71,92.85881690140846,81.547,,,
225,73,24,101.92366666666668,96.981,,,
225,77,26,102.9285,96.998,,,
225,79,69,96.53520289855072,82.722,,,
225,83,68,97.10113235294118,83.559,,,
225,84,64,96.17609375,82.043,,,
225,85,26,108.03161538461539,100.661,,,
226,14,72,96.78780555555556,91.408,,,
226,22,72,96.53406944444444,91.443,,,
226,30,46,99.09489130434783,90.367,,,
226,35,72,95.93734722222221,90.163,,,
226,44,72,96.8002361111111,91.343,,,
226,49,32,101.214625,91.005,,,
226,50,72,96.72548611111111,91.099,,,
226,55,72,95.97327777777778,89.413,,,
226,56,72,96.6710138888889,91.372,,,
226,57,19,94.11826315789473,92.369,,,
226,58,33,101.24790909090909,92.925,,,
226,63,36,126.47838888888889,91.93,,,
226,64,29,95.56468965517242,92.882,,,
226,65,71,98.31959154929577,91.93,,,
226,69,24,98.683375,95.893,,,
226,71,72,95.7683611111111,89.653,,,
226,73,24,97.18945833333333,93.606,,,
226,77,56,97.311,90.104,,,
226,79,28,94.91189285714286,91.396,,,
226,83,39,100.47982051282051,92.958,,,
226,84,34,101.33,92.668,,,
226,85,69,100.52826086956522,94.592,,,
227,14,67,84.16876119402986,82.55,,,
227,21,65,87.15646153846153,84.66,,,
227,22,67,84.18188059701492,82.472,,,
227,30,67,83.69007462686567,81.769,,,
227,35,67,83.67870149253731,82.09,,,
227,44,6,89.37616666666668,84.168,,,
227,49,59,85.64503389830509,82.697,,,
227,50,38,84.89071052631579,83.233,,,
227,55,1,96.595,96.595,,,
227,56,6,89.9965,84.616,,,
227,57,67,84.84941791044777,82.078,,,
227,63,66,85.09665151515152,82.791,,,
227,64,66,86.01419696969698,83.72,,,
227,65,67,84.84328358208955,83.225,,,
227,71,67,84.17886567164179,81.363,,,
227,73,65,86.36813846153846,84.05,,,
227,77,67,84.8885671641791,82.004,,,
227,79,65,86.3322923076923,82.602,,,
227,83,65,86.82178461538462,84.369,,,
227,84,67,84.50805970149254,82.815,,,
228,14,44,92.00063636363637,89.48,,,
228,21,30,94.59096666666666,91.633,,,
228,22,63,92.13723809523809,89.888,,,
228,30,63,91.15263492063492,88.966,,,
228,35,57,92.44094736842105,89.226,,,
228,44,54,93.20525925925925,90.184,,,
228,49,32,92.806,91.092,,,
228,50,38,92.83276315789473,90.479,,,
228,55,62,92.63866129032257,89.542,,,
228,56,63,91.86887301587302,89.503,,,
228,57,61,93.26498360655738,90.192,,,
228,63,23,92.05726086956521,89.997,,,
228,64,62,93.44085483870968,90.852,,,
228,65,25,100.74496,90.811,,,
228,69,59,97.80857627118644,92.426,,,
228,71,63,90.89136507936507,88.931,,,
228,73,40,94.58975,92.169,,,
228,77,63,91.63566666666667,89.667,,,
228,79,45,92.96851111111111,90.772,,,
228,83,61,95.40029508196722,91.897,,,
228,84,36,93.11355555555556,90.0,,,
229,14,75,96.67276,86.238,,,
229,35,66,98.06410606060606,86.682,,,
229,44,75,96.60838666666668,85.581,,,
229,49,74,97.58477027027027,85.608,,,
229,55,60,99.16323333333334,85.205,,,
229,56,68,100.28494117647058,86.12,,,
229,57,70,97.53495714285714,86.482,,,
229,63,70,97.52637142857142,86.461,,,
229,64,5,122.7282,113.469,,,
229,65,75,97.10842666666666,86.852,,,
229,69,60,107.8267,93.305,,,
229,71,40,103.130275,88.523,,,
229,73,3,125.82466666666667,118.465,,,
229,77,9,112.9238888888889,109.966,,,
229,79,2,124.5115,115.722,,,
229,84,30,109.7697,95.477,,,
230,21,1,183.566,183.566,,,
230,22,45,112.94411111111111,107.735,,,
230,30,65,110.60472307692308,105.517,,,
230,35,65,111.34915384615384,108.707,,,
230,44,1,148.27,148.27,,,
230,49,64,112.583140625,108.955,,,
230,50,47,112.67114893617021,108.302,,,
230,55,65,111.30167692307693,108.509,,,
230,56,1,119.611,119.611,,,
230,57,64,113.39196875,109.771,,,
230,63,16,124.3711875,111.734,,,
230,64,63,114.81649206349206,110.636,,,
230,65,20,113.25715,108.846,,,
230,71,10,114.91,110.987,,,
230,77,44,112.47513636363637,109.097,,,
230,79,8,123.23125,115.116,,,
230,84,17,113.8395294117647,109.026,,,
231,14,69,84.45127536231885,82.941,,,
231,21,67,86.62782089552238,84.349,,,
231,22,22,87.97527272727272,83.028,,,
231,30,41,86.06768292682926,84.163,,,
231,35,69,83.58910144927536,81.916,,,
231,44,39,85.48805128205129,83.399,,,
231,49,19,85.49931578947368,84.082,,,
231,50,10,86.9374,84.844,,,
231,55,69,84.32059420289855,82.824,,,
231,56,1,93.016,93.016,,,
231,57,68,84.99389705882352,83.07,,,
231,63,39,85.79582051282051,83.648,,,
231,64,38,86.30165789473683,84.332,,,
231,65,68,85.51739705882352,83.907,,,
231,69,44,88.65365909090909,86.007,,,
231,71,69,83.52847826086956,81.957,,,
231,73,6,89.62166666666667,86.347,,,
231,77,42,84.72083333333333,83.102,,,
231,79,6,89.67483333333332,85.769,,,
231,83,44,87.11586363636363,84.855,,,
231,84,68,85.2490294117647,82.958,,,
231,85,22,89.384,84.621,,,
232,14,71,81.55877464788733,79.968,,,
232,21,2,88.483,83.448,,,
232,22,71,82.32170422535211,80.134,,,
232,35,72,80.51280555555556,78.61,,,
232,44,71,81.80450704225352,78.712,,,
232,49,56,82.75423214285715,81.273,,,
232,50,10,82.5594,81.461,,,
232,55,72,81.04495833333333,79.378,,,
232,56,5,89.1888,81.824,,,
232,57,72,81.27179166666667,79.632,,,
232,63,70,83.0369857142857,80.71,,,
232,64,28,82.321,80.997,,,
232,65,70,83.76532857142857,81.262,,,
232,69,29,84.57227586206898,82.258,,,
232,71,72,80.39993055555556,78.938,,,
232,73,69,84.35036231884058,82.095,,,
232,77,72,81.05075,79.206,,,
232,79,33,83.34166666666667,80.989,,,
232,83,69,85.0309420289855,82.842,,,
232,84,71,82.07750704225352,80.414,,,
232,85,2,89.3705,84.818,,,
233,14,61,92.84231147540983,91.282,,,
233,21,59,95.66374576271187,93.707,,,
233,22,61,92.58344262295083,90.671,,,
233,30,3,127.78866666666667,90.944,,,
233,35,61,91.48973770491804,89.288,,,
233,44,40,96.710275,92.188,,,
233,49,60,93.99501666666666,92.662,,,
233,50,60,94.0925,92.08,,,
233,55,44,92.46036363636364,90.553,,,
233,56,5,93.9528,91.49,,,
233,57,61,92.32301639344263,90.531,,,
233,63,60,93.6377,91.765,,,
233,64,38,95.58226315789473,92.508,,,
233,65,60,94.00826666666666,92.213,,,
233,71,26,91.4303076923077,90.264,,,
233,73,13,95.38192307692307,93.382,,,
233,77,61,91.8016393442623,89.984,,,
233,79,12,95.34858333333332,92.699,,,
233,83,21,95.99009523809524,94.372,,,
233,84,60,93.29643333333334,90.552,,,
234,14,45,109.90251111111112,107.856,,,
234,22,45,111.23368888888889,109.559,,,
234,30,45,109.88742222222221,108.612,,,
234,35,45,109.71873333333333,107.903,,,
234,44,45,111.27397777777777,108.288,,,
234,49,44,111.60831818181818,109.773,,,
234,55,45,109.21931111111111,107.643,,,
234,56,34,110.68088235294117,108.336,,,
234,57,13,109.992,108.49,,,
234,63,44,112.33563636363637,110.553,,,
234,64,19,110.9478947368421,109.625,,,
234,65,25,119.93152,110.304,,,
234,71,45,108.96482222222222,106.504,,,
234,73,44,113.70843181818182,111.702,,,
234,77,42,108.9717380952381,107.682,,,
234,79,19,112.44726315789474,110.569,,,
234,83,43,114.62169767441861,111.654,,,
234,84,44,113.27845454545455,109.176,,,
235,14,23,83.93660869565218,82.76,,,
235,22,75,85.25962666666666,83.181,,,
235,30,70,83.59935714285714,80.912,,,
235,35,77,82.87074025974026,80.507,,,
235,44,76,85.00517105263157,81.562,,,
235,49,50,85.77984,81.882,,,
235,50,10,85.912,84.018,,,
235,55,77,83.9655974025974,81.932,,,
235,56,31,84.19167741935483,82.099,,,
235,57,76,84.25707894736843,82.257,,,
235,64,1,100.435,100.435,,,
235,65,35,84.18794285714286,82.343,,,
235,71,77,82.88192207792208,80.093,,,
235,73,74,86.85632432432432,84.026,,,
235,77,64,83.8190625,81.733,,,
235,79,74,86.61968918918919,84.04,,,
235,83,24,87.18129166666667,85.006,,,
235,84,5,86.9086,83.889,,,
235,86,69,88.39028985507247,85.626,,,
236,14,37,122.1571081081081,114.655,,,
236,22,29,133.5756551724138,116.943,,,
236,30,44,120.34375,113.905,,,
236,35,44,120.47106818181818,113.587,,,
236,50,11,120.02590909090908,116.704,,,
236,55,44,120.7784090909091,114.685,,,
236,56,29,124.74155172413792,115.753,,,
236,57,44,120.70079545454546,114.198,,,
236,63,44,121.72452272727273,115.854,,,
236,64,22,127.43509090909092,118.665,,,
236,71,44,121.00690909090909,113.441,,,
236,73,43,123.30172093023256,117.809,,,
236,77,44,121.02320454545455,113.067,,,
236,79,44,122.62163636363637,117.149,,,
236,83,43,123.6986511627907,117.468,,,
236,84,34,124.60535294117648,115.616,,,
237,14,1,98.08,98.08,,,
237,22,53,89.6057924528302,87.557,,,
237,30,53,87.99305660377358,86.11,,,
237,35,52,90.28271153846153,87.027,,,
237,44,2,98.7985,92.657,,,
237,49,7,92.126,89.945,,,
237,50,52,90.77336538461539,88.65,,,
237,55,53,88.33767924528301,86.652,,,
237,56,23,88.97778260869565,87.687,,,
237,57,53,89.25032075471698,86.827,,,
237,63,9,92.01255555555556,89.418,,,
237,64,52,89.94090384615384,87.905,,,
237,65,51,89.98549019607843,88.223,,,
237,71,5,89.8066,87.639,,,
237,73,36,92.76316666666668,90.579,,,
237,77,4,92.2835,89.123,,,
237,79,51,93.18054901960785,88.98,,,
237,83,12,93.90075,91.353,,,
237,84,53,89.60092452830189,87.831,,,
237,86,5,97.196,93.189,,,
238,14,68,89.47289705882352,85.362,,,
238,22,41,87.94912195121951,84.954,,,
238,30,70,86.80971428571429,84.059,,,
238,35,70,86.04164285714286,82.873,,,
238,44,69,88.32271014492754,85.008,,,
238,49,69,88.02563768115942,84.869,,,
238,50,47,88.62180851063829,85.913,,,
238,55,70,86.82891428571429,84.331,,,
238,56,70,87.29005714285714,85.206,,,
238,57,52,88.4311153846154,84.747,,,
238,63,69,88.37446376811593,86.199,,,
238,64,46,90.35184782608695,85.791,,,
238,65,69,88.07328985507246,85.786,,,
238,71,70,86.32687142857142,83.762,,,
238,73,67,90.22325373134328,86.863,,,
238,77,70,87.37222857142856,84.647,,,
238,79,68,88.97867647058824,86.447,,,
238,83,65,93.31035384615384,87.754,,,
238,84,69,88.13357971014493,85.028,,,
238,86,65,92.82169230769232,88.911,,,
239,14,52,108.44276923076923,105.613,,,
239,22,52,108.74723076923077,106.339,,,
239,30,52,106.8398846153846,104.445,,,
239,35,36,107.53016666666667,104.043,,,
239,44,52,108.42886538461539,105.347,,,
239,49,52,108.36494230769232,106.407,,,
239,50,51,109.86186274509804,106.977,,,
239,56,39,107.70976923076924,105.798,,,
239,57,52,106.8654423076923,104.852,,,
239,63,20,110.8546,109.372,,,
239,64,13,110.11,108.495,,,
239,65,52,108.76134615384616,105.932,,,
239,71,52,106.80367307692308,104.753,,,
239,73,50,112.28775999999999,109.263,,,
239,77,52,107.31378846153846,104.35,,,
239,79,37,110.85891891891892,107.518,,,
239,83,50,111.5993,109.22,,,
239,84,52,108.09444230769232,105.882,,,
337,1,49,122.11383673469388,119.56,,,
337,3,49,122.4614081632653,120.236,,,
337,4,49,121.64073469387755,118.287,,,
337,5,47,127.21476595744682,122.701,,,
337,9,49,123.05079591836736,120.474,,,
337,10,16,130.2329375,127.062,,,
337,13,49,121.9692857142857,119.732,,,
337,15,46,129.37263043478262,122.93,,,
337,16,49,123.33375510204081,119.393,,,
337,17,49,122.58685714285714,119.487,,,
337,18,49,122.5648163265306,119.97,,,
337,20,49,122.43255102040817,120.218,,,
337,22,49,122.91602040816326,119.833,,,
337,24,49,122.7225306122449,119.906,,,
337,30,49,122.54202040816327,120.204,,,
337,37,28,125.11385714285714,121.65,,,
337,67,46,123.72578260869565,120.08,,,
337,153,49,123.53167346938775,119.964,,,
337,155,11,126.35854545454545,125.044,,,
337,807,48,125.80785416666667,121.401,,,
337,808,13,125.84176923076923,124.307,,,
337,810,2,134.2375,129.361,,,
337,811,17,134.57241176470586,129.127,,,
337,812,1,154.479,154.479,,,
338,1,58,97.35222413793103,88.506,,,
338,3,58,97.12437931034482,88.489,,,
338,4,58,97.1178448275862,89.707,,,
338,5,56,101.59176785714286,93.638,,,
338,9,58,97.04422413793102,89.57,,,
338,10,41,104.03119512195123,94.23,,,
338,13,58,97.08653448275862,89.537,,,
338,16,9,125.63166666666667,103.223,,,
338,17,58,97.99741379310345,88.358,,,
338,18,58,96.83674137931035,89.291,,,
338,20,25,104.77028,91.556,,,
338,22,58,97.88046551724138,89.21,,,
338,24,58,97.86858620689655,89.685,,,
338,30,58,98.03313793103447,89.185,,,
338,37,58,98.11405172413792,90.587,,,
338,153,58,98.06606896551725,89.713,,,
338,808,9,128.4212222222222,103.132,,,
338,810,26,150.42919230769232,96.607,,,
338,811,4,152.46175,141.24,,,
338,812,53,106.00328301886792,95.045,,,
339,1,56,100.92648214285714,97.745,,,
339,3,56,100.7485,98.129,,,
339,4,54,101.20816666666667,97.231,,,
339,5,44,123.22815909090909,102.701,,,
339,9,56,100.83930357142856,98.074,,,
339,10,2,112.4055,106.388,,,
339,13,56,100.99071428571429,97.784,,,
339,15,51,110.89494117647058,103.753,,,
339,16,56,100.88341071428572,98.16,,,
339,17,56,100.63373214285714,97.054,,,
339,18,56,101.18446428571428,98.501,,,
339,20,56,100.50735714285715,97.813,,,
339,22,55,103.0964909090909,99.428,,,
339,24,12,116.67658333333333,102.594,,,
339,30,9,103.57622222222221,102.084,,,
339,67,56,101.91696428571429,97.61,,,
339,153,56,101.76810714285715,99.489,,,
339,155,8,104.954125,103.34,,,
339,807,56,101.81805357142856,99.124,,,
339,808,32,103.57371875,100.693,,,
339,810,53,107.61288679245283,103.224,,,
339,811,52,108.80730769230769,105.334,,,
339,812,53,107.94775471698112,104.79,,,
340,1,56,114.35166071428571,102.061,,,
340,3,56,114.49369642857144,103.245,,,
340,4,56,114.53628571428571,104.134,,,
340,5,55,117.68109090909091,107.141,,,
340,9,56,114.721,103.63,,,
340,13,56,115.35641071428572,104.594,,,
340,15,26,151.10596153846154,109.675,,,
340,16,56,115.44708928571428,104.364,,,
340,17,56,115.25598214285715,102.609,,,
340,18,56,114.32433928571429,102.886,,,
340,20,56,114.91916071428571,102.358,,,
340,22,56,115.46121428571429,105.559,,,
340,30,56,115.427,104.298,,,
340,37,7,125.88614285714286,107.739,,,
340,153,56,115.599625,103.755,,,
340,807,55,117.84612727272727,104.549,,,
340,808,56,115.1743392857143,103.801,,,
340,810,8,235.357875,113.185,,,
340,811,54,120.52183333333333,108.216,,,
340,812,52,124.21175,108.788,,,
341,1,64,87.176125,84.357,,,
341,3,65,89.2473846153846,85.455,,,
341,4,66,87.39645454545455,84.846,,,
341,9,66,88.14815151515153,85.466,,,
341,10,63,92.55831746031745,89.776,,,
341,13,66,88.02830303030302,85.497,,,
341,15,63,92.53512698412698,89.564,,,
341,16,66,88.137,85.845,,,
341,17,66,87.03183333333332,84.828,,,
341,18,66,87.99740909090909,85.166,,,
341,20,66,87.80968181818183,85.176,,,
341,22,65,88.68273846153846,85.728,,,
341,24,64,89.217875,85.924,,,
341,30,66,87.97418181818182,85.529,,,
341,37,18,96.7475,90.411,,,
341,67,42,90.92938095238095,86.724,,,
341,153,65,88.81981538461538,85.655,,,
341,155,65,88.94104615384616,86.083,,,
341,807,64,89.75809375,86.863,,,
341,808,65,88.9278,85.47,,,
341,810,62,93.88093548387097,89.904,,,
341,812,27,94.1408888888889,92.041,,,
342,1,78,84.84253846153847,76.219,,,
342,3,78,84.8718717948718,75.959,,,
342,4,78,84.86789743589743,75.905,,,
342,5,57,87.26987719298246,78.401,,,
342,9,78,84.80807692307692,75.353,,,
342,10,22,91.94304545454546,80.775,,,
342,13,78,84.82078205128205,75.503,,,
342,15,68,86.57632352941177,79.34,,,
342,16,78,84.87596153846154,75.963,,,
342,17,78,84.78660256410257,75.318,,,
342,18,2,116.397,98.509,,,
342,20,78,84.79234615384615,75.192,,,
342,22,30,88.35706666666667,79.074,,,
342,24,78,84.88025641025641,76.142,,,
342,30,78,85.11624358974359,75.58,,,
342,37,21,91.18633333333332,79.27,,,
342,67,78,84.89171794871795,76.493,,,
342,153,78,84.90371794871795,76.381,,,
342,155,26,89.00007692307692,78.775,,,
342,808,72,84.75472222222221,76.405,,,
342,810,23,92.27865217391304,82.255,,,
342,811,56,88.12925,80.13,,,
342,812,68,86.84413235294117,79.553,,,
343,1,58,91.8555172413793,90.075,,,
343,3,58,92.4118275862069,89.977,,,
343,4,58,92.658,90.011,,,
343,5,33,96.47184848484848,94.363,,,
343,9,58,92.42144827586208,89.58,,,
343,10,55,97.14554545454546,92.265,,,
343,13,58,92.4871551724138,89.996,,,
343,15,32,96.17475,94.463,,,
343,16,58,92.70084482758621,89.959,,,
343,17,58,92.27422413793103,89.195,,,
343,18,58,91.90112068965517,89.895,,,
343,20,39,92.35130769230769,90.181,,,
343,22,57,93.66766666666668,90.933,,,
343,24,57,93.62817543859649,91.421,,,
343,30,58,92.39189655172414,89.81,,,
343,37,58,92.9924827586207,90.421,,,
343,67,57,94.4681052631579,89.588,,,
343,153,58,93.02448275862069,89.535,,,
343,155,58,92.98741379310344,90.891,,,
343,807,57,94.63456140350878,90.62,,,
343,808,57,94.13954385964912,89.165,,,
343,810,55,97.66841818181818,93.257,,,
343,811,46,98.17858695652174,94.247,,,
343,812,52,97.9356923076923,94.585,,,
344,1,70,80.47794285714286,77.806,,,
344,3,70,81.27914285714286,77.832,,,
344,4,70,80.60957142857143,78.207,,,
344,5,68,83.89423529411765,80.654,,,
344,9,70,81.2965142857143,76.972,,,
344,10,50,85.92124000000001,81.669,,,
344,13,69,82.55030434782608,78.325,,,
344,15,42,87.57159523809524,80.791,,,
344,16,69,82.37668115942029,79.53,,,
344,17,70,81.03924285714287,78.148,,,
344,18,70,80.51014285714285,78.144,,,
344,20,70,81.01818571428572,78.417,,,
344,22,69,82.44257971014493,79.175,,,
344,24,69,82.35701449275362,79.349,,,
344,30,69,82.38763768115942,79.577,,,
344,37,30,84.43996666666666,80.574,,,
344,67,69,82.29615942028985,79.784,,,
344,153,69,82.415,79.842,,,
344,155,1,107.208,107.208,,,
344,807,69,82.42640579710145,78.912,,,
344,808,68,83.90236764705882,79.453,,,
344,810,65,86.75964615384616,81.937,,,
344,811,13,87.32007692307693,84.524,,,
344,812,66,85.52878787878787,81.884,,,
345,1,57,105.87040350877193,99.156,,,
345,3,57,106.56057894736843,99.878,,,
345,4,57,106.35754385964913,99.889,,,
345,5,8,108.711,106.13,,,
345,9,57,106.25777192982457,99.542,,,
345,10,55,110.06849090909091,102.319,,,
345,13,57,106.5998596491228,100.208,,,
345,15,53,115.13530188679246,101.77,,,
345,16,57,106.31121052631579,99.803,,,
345,17,8,108.872125,104.064,,,
345,18,57,106.00401754385965,98.766,,,
345,20,57,105.78194736842106,99.141,,,
345,22,57,106.23154385964914,99.489,,,
345,24,57,106.67475438596492,100.305,,,
345,30,57,106.63854385964913,98.968,,,
345,37,57,106.61377192982457,100.43,,,
345,67,57,106.41877192982456,100.084,,,
345,153,57,106.62824561403508,100.327,,,
345,155,57,106.32519298245614,99.517,,,
345,807,49,107.51359183673469,100.79,,,
345,808,57,106.62908771929824,100.279,,,
345,810,56,109.28317857142856,102.414,,,
345,811,55,110.3254909090909,102.927,,,
345,812,55,109.77945454545454,103.82,,,
346,1,52,97.68384615384616,92.758,,,
346,3,52,98.06744230769232,92.952,,,
346,4,52,98.85740384615384,90.874,,,
346,5,51,101.44345098039216,96.251,,,
346,9,19,100.88757894736843,96.846,,,
346,10,50,101.567,96.415,,,
346,13,52,98.95555769230769,91.646,,,
346,15,51,101.4385294117647,96.519,,,
346,16,52,98.44484615384616,94.337,,,
346,17,52,97.65769230769232,92.364,,,
346,18,52,98.0805,93.003,,,
346,20,52,98.36411538461539,91.967,,,
346,22,52,98.26261538461539,93.615,,,
346,24,52,98.47421153846153,94.018,,,
346,29,50,102.73714,98.309,,,
346,30,52,98.45767307692307,94.171,,,
346,37,29,100.49941379310344,95.883,,,
346,67,52,98.57359615384615,92.98,,,
346,153,44,99.17893181818182,93.748,,,
346,155,52,98.27636538461539,93.558,,,
346,807,52,98.46561538461539,93.989,,,
346,808,52,98.7995,92.484,,,
346,810,9,105.505,100.641,,,
346,812,50,102.72475999999999,98.798,,,
347,1,67,78.89194029850745,76.503,,,
347,3,66,79.81122727272728,76.609,,,
347,4,67,78.49050746268657,75.88,,,
347,5,56,84.90948214285714,80.664,,,
347,9,66,79.71059090909091,77.166,,,
347,10,64,82.857125,78.211,,,
347,13,67,78.55313432835821,76.097,,,
347,15,3,196.05166666666665,95.768,,,
347,16,65,81.26658461538462,76.687,,,
347,17,67,79.14134328358209,76.678,,,
347,18,67,78.93053731343284,76.451,,,
347,20,67,78.56694029850746,75.824,,,
347,22,66,79.97010606060607,77.029,,,
347,24,65,81.10816923076924,76.596,,,
347,29,19,86.68021052631579,83.541,,,
347,30,66,79.85966666666667,77.088,,,
347,37,66,80.34825757575757,76.527,,,
347,67,1,105.623,105.623,,,
347,153,66,80.61298484848484,76.971,,,
347,155,66,79.94504545454545,77.1,,,
347,807,66,79.97993939393939,76.836,,,
347,808,66,79.9259696969697,77.198,,,
347,810,50,84.74458,80.703,,,
347,811,63,83.98031746031745,80.861,,,
348,1,23,91.38908695652174,86.258,,,
348,3,15,89.69893333333333,87.954,,,
348,4,70,86.9056,83.195,,,
348,5,67,90.56173134328358,87.457,,,
348,9,23,97.26965217391304,86.825,,,
348,10,67,90.9729104477612,87.674,,,
348,13,70,87.0435,83.329,,,
348,15,67,90.57498507462687,87.429,,,
348,16,15,90.29666666666667,88.177,,,
348,17,70,86.6510142857143,82.651,,,
348,18,68,87.96210294117648,84.205,,,
348,20,70,86.92604285714286,82.362,,,
348,22,69,87.98026086956521,82.811,,,
348,24,69,88.36750724637682,85.358,,,
348,29,66,93.23424242424242,89.278,,,
348,30,69,88.26246376811594,85.372,,,
348,37,69,87.9189420289855,84.342,,,
348,67,69,88.35810144927537,85.449,,,
348,153,1,104.02,104.02,,,
348,155,69,87.95443478260869,84.282,,,
348,807,70,87.74705714285714,84.204,,,
348,808,70,87.69661428571429,83.799,,,
348,810,66,92.77534848484848,87.287,,,
348,811,67,91.40995522388059,88.093,,,
349,1,44,121.46063636363637,109.069,,,
349,3,44,121.74152272727272,111.688,,,
349,4,37,118.38072972972974,111.374,,,
349,5,42,125.40226190476191,115.797,,,
349,9,44,121.54002272727271,109.807,,,
349,10,41,125.79073170731706,115.268,,,
349,13,44,121.64845454545454,110.111,,,
349,15,42,125.9742142857143,115.103,,,
349,16,44,121.66731818181817,110.477,,,
349,17,44,121.49634090909092,109.395,,,
349,18,15,120.6394,112.879,,,
349,20,42,123.29180952380953,110.868,,,
349,24,44,122.25225,112.267,,,
349,29,40,127.4914,115.484,,,
349,30,44,121.814,111.914,,,
349,37,44,122.27925,112.537,,,
349,67,44,122.36734090909091,112.966,,,
349,153,44,122.58465909090908,111.576,,,
349,155,44,121.83968181818183,111.749,,,
349,807,42,122.81595238095238,111.864,,,
349,808,44,122.00270454545455,111.175,,,
349,810,42,125.45019047619047,115.705,,,
349,811,5,149.3136,136.767,,,
350,3,53,87.06630188679246,84.491,,,
350,4,53,86.50135849056603,84.139,,,
350,5,51,90.41462745098039,87.822,,,
350,9,53,87.14339622641509,84.56,,,
350,10,51,90.36766666666666,87.765,,,
350,13,53,86.58103773584905,84.575,,,
350,15,46,91.37271739130435,89.017,,,
350,16,52,88.49988461538462,84.937,,,
350,17,53,87.09147169811321,84.278,,,
350,18,53,86.5567924528302,84.598,,,
350,20,53,87.03335849056604,84.493,,,
350,22,53,87.71292452830188,85.239,,,
350,24,53,87.74864150943397,85.102,,,
350,29,51,91.49649019607844,88.875,,,
350,30,53,87.34943396226416,84.947,,,
350,37,52,88.358,86.325,,,
350,67,53,87.72883018867925,85.224,,,
350,153,52,88.49192307692307,85.472,,,
350,807,53,87.12045283018867,84.576,,,
350,808,53,87.99039622641509,84.644,,,
350,810,50,91.64766,88.171,,,
350,811,11,92.56563636363637,90.88,,,
351,1,35,120.80017142857143,110.75,,,
351,2,36,120.93438888888889,112.475,,,
351,3,61,116.77004918032787,110.125,,,
351,4,61,115.96031147540984,107.976,,,
351,5,58,119.09493103448276,113.051,,,
351,9,61,117.37931147540984,109.255,,,
351,10,49,122.97085714285714,113.559,,,
351,13,61,117.81763934426229,112.079,,,
351,15,27,135.1954814814815,116.386,,,
351,16,61,118.1310655737705,112.473,,,
351,17,61,116.43803278688524,109.706,,,
351,18,61,116.45840983606557,109.711,,,
351,20,61,115.96511475409837,108.141,,,
351,22,61,116.88,110.334,,,
351,24,1,128.218,128.218,,,
351,30,60,118.10855000000001,109.68,,,
351,32,31,123.11354838709677,117.766,,,
351,67,60,118.18381666666667,109.71,,,
351,153,60,117.99576666666667,112.333,,,
351,155,30,118.40083333333332,113.957,,,
351,807,61,118.13721311475409,112.213,,,
351,808,60,117.96031666666667,111.903,,,
351,810,59,121.56035593220338,112.513,,,
351,811,29,122.56903448275862,117.962,,,
352,1,53,103.14939622641509,95.182,,,
352,2,53,103.71643396226416,95.521,,,
352,3,47,104.527,96.108,,,
352,4,53,102.45366037735849,93.823,,,
352,5,52,106.30242307692308,97.62,,,
352,9,2,144.3705,127.363,,,
352,10,51,108.25043137254902,99.813,,,
352,15,51,107.65835294117647,99.71,,,
352,16,44,105.42329545454545,96.319,,,
352,17,53,102.41939622641509,93.474,,,
352,18,53,102.65745283018867,93.529,,,
352,20,53,102.40232075471698,93.653,,,
352,22,53,103.73903773584905,95.597,,,
352,29,50,109.4038,99.806,,,
352,30,53,103.5331320754717,94.853,,,
352,67,53,103.77601886792453,95.116,,,
352,153,52,104.48307692307692,94.365,,,
352,155,53,103.61058490566037,94.486,,,
352,811,51,108.28098039215686,100.329,,,
353,1,55,183.9238,110.43,,,
353,2,55,185.1075818181818,113.263,,,
353,3,18,315.3016666666667,120.652,,,
353,4,55,183.65109090909093,110.257,,,
353,5,54,188.28827777777778,115.018,,,
353,9,55,184.5189818181818,111.604,,,
353,10,31,237.5634516129032,118.102,,,
353,13,55,184.21232727272726,110.502,,,
353,15,25,271.82223999999997,125.161,,,
353,16,46,198.61845652173915,112.601,,,
353,17,18,315.1635,120.025,,,
353,18,55,185.28634545454545,112.193,,,
353,20,45,199.5713111111111,110.375,,,
353,22,55,184.9103090909091,111.564,,,
353,24,55,184.6251090909091,111.371,,,
353,29,53,191.0912641509434,118.313,,,
353,30,55,184.37269090909092,111.835,,,
353,67,30,240.9591,116.768,,,
353,153,55,185.1810181818182,111.962,,,
353,155,55,185.06725454545455,113.086,,,
353,807,55,185.1211090909091,111.982,,,
353,808,39,213.62489743589742,113.031,,,
353,810,25,265.68412,122.635,,,
353,811,53,190.76422641509433,119.29,,,
354,1,71,78.96390140845071,73.851,,,
354,2,70,80.58547142857142,75.068,,,
354,3,71,79.25525352112676,74.184,,,
354,4,71,78.85366197183099,73.855,,,
354,5,69,81.99449275362318,77.161,,,
354,9,70,80.24491428571429,75.161,,,
354,10,69,82.09681159420289,77.695,,,
354,13,70,80.55760000000001,75.33,,,
354,15,69,82.00669565217392,77.316,,,
354,16,70,80.36417142857142,74.997,,,
354,17,71,78.81754929577464,74.047,,,
354,18,71,78.97740845070423,73.932,,,
354,20,71,78.75778873239437,74.283,,,
354,22,70,80.54742857142857,75.227,,,
354,24,49,78.85536734693878,76.94,,,
354,30,71,79.36984507042254,75.219,,,
354,32,65,87.176,77.69,,,
354,67,70,80.54697142857142,75.935,,,
354,153,70,80.35688571428571,75.695,,,
354,155,70,80.25164285714285,74.748,,,
354,807,70,80.22808571428571,74.985,,,
354,808,70,80.56761428571428,75.485,,,
354,810,62,90.72143548387098,76.767,,,
354,811,69,82.11466666666666,77.731,,,
355,1,55,108.85452727272727,101.274,,,
355,2,55,109.60705454545455,102.673,,,
355,3,55,109.2288,101.711,,,
355,4,55,109.46607272727272,102.227,,,
355,5,54,112.55892592592593,105.378,,,
355,9,55,109.37932727272727,101.753,,,
355,10,43,114.3986046511628,106.837,,,
355,13,55,109.59463636363637,102.725,,,
355,15,51,114.94345098039216,105.979,,,
355,16,55,109.73021818181819,102.695,,,
355,17,55,109.47418181818182,102.196,,,
355,18,55,108.87061818181817,101.636,,,
355,20,55,108.66976363636364,101.739,,,
355,22,55,109.71860000000001,102.669,,,
355,32,53,113.42075471698114,106.646,,,
355,67,55,109.81845454545454,102.573,,,
355,153,55,109.5825090909091,102.727,,,
355,155,55,109.75263636363637,102.733,,,
355,807,55,109.84727272727272,102.397,,,
355,808,55,109.46103636363637,102.311,,,
355,810,53,113.10330188679245,106.126,,,
355,811,53,113.16656603773585,106.255,,,
841,1,58,92.97510344827586,90.314,2.0,46.426,23.213
841,2,57,95.5070350877193,92.377,2.0,48.092,24.046
841,3,22,96.44890909090908,93.503,1.0,23.716,23.716
841,4,58,93.13846551724137,89.487,3.0,72.165,24.055000000000003
841,5,19,98.761,94.918,1.0,24.865,24.865
841,10,49,111.48238775510204,95.789,1.0,23.792,23.792
841,13,58,94.05939655172415,88.947,3.0,72.437,24.145666666666667
841,15,56,97.38457142857143,92.55,2.0,49.747,24.8735
841,16,57,94.64550877192983,91.526,2.0,49.849000000000004,24.924500000000002
841,17,58,93.24879310344828,89.6,3.0,72.176,24.058666666666667
841,18,58,93.52694827586207,89.883,3.0,62.851,20.950333333333333
841,20,58,92.5906724137931,89.844,2.0,46.639,23.3195
841,22,48,96.7345,91.404,4.0,104.7,26.175
841,30,19,101.76247368421052,95.319,2.0,49.009,24.5045
841,67,57,94.36324561403508,90.836,2.0,48.442,24.221
841,153,57,95.24426315789474,90.467,3.0,77.709,25.903000000000002
841,155,58,93.91605172413793,90.384,2.0,48.256,24.128
841,808,58,93.11756896551725,90.064,2.0,50.218,25.109
841,813,9,97.99288888888888,94.102,,,
841,814,57,95.15378947368421,91.941,2.0,49.195,24.5975
841,815,58,93.72593103448276,89.962,1.0,23.438,23.438
841,816,54,99.52811111111112,94.523,2.0,51.705,25.8525
842,1,56,105.53194642857143,101.512,4.0,93.011,23.25275
842,2,56,105.087625,101.547,3.0,69.723,23.241
842,3,55,106.65036363636364,101.778,3.0,70.07,23.356666666666666
842,4,56,105.305,100.717,4.0,98.03999999999999,24.509999999999998
842,5,55,107.33678181818182,103.677,2.0,52.42,26.21
842,10,54,108.74742592592592,105.357,2.0,49.046,24.523
842,13,56,105.29982142857143,101.999,3.0,74.658,24.886
842,15,31,109.03129032258065,105.28,1.0,25.516,25.516
842,16,56,106.45019642857143,102.973,3.0,76.28999999999999,25.429999999999996
842,17,56,105.111,100.571,4.0,88.793,22.19825
842,18,56,104.69808928571429,101.264,3.0,67.354,22.451333333333334
842,20,56,104.63985714285714,101.539,3.0,67.225,22.40833333333333
842,22,22,113.9795,105.516,2.0,57.480000000000004,28.740000000000002
842,24,46,112.33984782608697,106.521,3.0,93.19200000000001,31.064000000000004
842,30,56,106.15585714285714,102.491,3.0,67.064,22.354666666666663
842,39,14,112.03878571428571,109.385,,,
842,67,55,107.15856363636362,102.659,3.0,80.562,26.854
842,153,55,107.32923636363635,103.744,2.0,46.472,23.236
842,155,56,105.82626785714285,102.095,2.0,46.722,23.361
842,808,52,105.78167307692308,101.054,3.0,74.556,24.852
842,813,8,110.773125,105.689,,,
842,814,56,106.27491071428571,102.883,3.0,69.169,23.05633333333333
842,815,23,108.35639130434782,103.298,1.0,23.597,23.597
842,816,42,109.48264285714285,105.346,2.0,50.668,25.334
843,1,56,103.89689285714286,100.415,3.0,61.978,20.659333333333333
843,2,56,105.19580357142857,102.406,2.0,44.037000000000006,22.018500000000003
843,3,56,104.13703571428572,101.166,3.0,63.495999999999995,21.165333333333333
843,4,56,104.4437142857143,102.07,2.0,43.775000000000006,21.887500000000003
843,5,55,106.0368,102.672,2.0,44.375,22.1875
843,10,54,108.78437037037037,104.381,3.0,78.418,26.139333333333337
843,13,56,104.17975,101.678,2.0,42.792,21.396
843,15,55,106.43952727272726,102.052,2.0,45.289,22.6445
843,16,55,105.7992,101.157,3.0,70.755,23.584999999999997
843,17,56,104.03180357142857,98.993,3.0,65.665,21.888333333333335
843,18,56,104.07546428571429,100.623,3.0,65.774,21.924666666666667
843,20,56,103.98971428571429,101.321,2.0,43.528000000000006,21.764000000000003
843,22,56,105.50741071428571,102.031,2.0,43.19,21.595
843,24,54,109.11364814814814,103.384,3.0,62.126,20.708666666666666
843,30,56,104.45092857142856,101.215,3.0,63.885999999999996,21.295333333333332
843,39,54,109.13535185185185,106.081,1.0,26.049,26.049
843,67,56,105.51601785714286,101.696,3.0,68.66,22.886666666666667
843,153,9,107.74711111111111,105.7,1.0,22.419,22.419
843,155,56,105.02676785714286,102.577,2.0,43.791,21.8955
843,808,56,104.9219642857143,101.261,2.0,43.986000000000004,21.993000000000002
843,813,55,106.18841818181818,101.702,3.0,72.842,24.280666666666665
843,814,56,105.12469642857144,102.614,2.0,43.207,21.6035
843,815,55,106.0988,101.643,4.0,87.615,21.90375
843,816,54,108.22435185185185,104.806,2.0,45.703,22.8515
844,1,58,94.0998275862069,90.108,4.0,99.637,24.90925
844,2,58,94.45543103448276,90.158,4.0,86.975,21.74375
844,3,58,94.22581034482758,90.573,4.0,84.757,21.18925
844,4,58,93.57987931034482,90.279,4.0,86.12100000000001,21.530250000000002
844,5,56,96.81023214285715,92.695,3.0,67.601,22.533666666666665
844,13,58,94.78243103448276,91.118,4.0,93.5,23.375
844,15,57,96.20822807017544,92.862,3.0,68.14699999999999,22.715666666666664
844,16,57,95.1040701754386,92.07,3.0,63.739000000000004,21.246333333333336
844,17,58,93.5580172413793,89.703,4.0,84.401,21.10025
844,18,58,94.4308448275862,91.167,3.0,65.424,21.808000000000003
844,20,58,93.4061724137931,89.937,4.0,81.60900000000001,20.402250000000002
844,22,57,95.28870175438597,92.079,3.0,67.27199999999999,22.423999999999996
844,24,53,102.3572075471698,94.699,4.0,149.973,37.49325
844,30,58,94.87934482758621,91.153,4.0,92.065,23.01625
844,39,55,98.66796363636364,93.948,3.0,76.789,25.596333333333334
844,67,58,94.60262068965517,91.36,3.0,65.929,21.976333333333333
844,153,57,95.29140350877192,89.894,4.0,88.456,22.114
844,155,58,94.75136206896552,91.038,3.0,67.731,22.576999999999998
844,808,58,94.5814827586207,90.618,4.0,86.245,21.56125
844,813,57,95.65184210526316,92.044,4.0,82.188,20.547
844,814,44,95.70590909090909,92.519,4.0,83.995,20.99875
844,815,57,95.10461403508772,90.797,4.0,96.245,24.06125
844,816,56,97.63751785714285,94.971,2.0,47.616,23.808
845,1,66,90.05956060606061,86.727,4.0,81.457,20.36425
845,2,65,91.89253846153846,86.958,3.0,64.071,21.357
845,3,65,91.88569230769231,89.155,3.0,60.57599999999999,20.191999999999997
845,4,65,91.59778461538461,88.737,4.0,81.923,20.48075
845,5,48,94.52454166666668,90.618,3.0,64.894,21.631333333333334
845,10,63,95.66888888888889,91.635,3.0,65.546,21.84866666666667
845,13,58,92.44063793103447,89.081,3.0,64.854,21.618
845,15,64,93.925046875,90.783,3.0,67.088,22.362666666666666
845,16,65,92.66672307692308,88.791,3.0,64.27,21.423333333333332
845,17,66,90.77677272727271,87.187,4.0,81.223,20.30575
845,18,66,90.59087878787878,87.518,3.0,60.885000000000005,20.295
845,20,66,90.05001515151515,87.162,4.0,80.858,20.2145
845,22,64,93.0619375,86.891,4.0,92.449,23.11225
845,24,28,96.44807142857144,93.884,1.0,23.157,23.157
845,30,65,91.87223076923077,89.463,3.0,61.022,20.340666666666667
845,39,61,97.55132786885245,92.848,3.0,73.589,24.529666666666667
845,67,65,92.76675384615385,90.049,3.0,66.382,22.127333333333336
845,153,64,93.028265625,89.132,4.0,85.775,21.44375
845,155,65,92.2818923076923,87.615,3.0,66.499,22.16633333333333
845,808,65,92.47923076923077,89.592,3.0,67.827,22.608999999999998
845,813,65,92.77047692307691,89.391,4.0,91.161,22.79025
845,814,65,92.57709230769231,89.469,3.0,60.769000000000005,20.256333333333334
845,815,65,92.20930769230769,87.247,3.0,66.564,22.188
845,816,62,96.11095161290322,92.549,3.0,67.866,22.622
846,1,78,100.07157692307692,77.847,3.0,77.769,25.923000000000002
846,2,77,101.2818051948052,77.857,2.0,52.132,26.066
846,3,76,102.55342105263158,78.699,3.0,75.615,25.205
846,4,78,99.73732051282052,76.471,2.0,56.734,28.367
846,5,76,102.89321052631578,80.678,2.0,52.355000000000004,26.177500000000002
846,10,30,84.4,82.102,1.0,26.827,26.827
846,13,32,82.57628125,80.202,1.0,26.615,26.615
846,15,76,102.88743421052632,81.277,2.0,51.66,25.83
846,16,77,101.2325974025974,78.872,2.0,52.916,26.458
846,17,78,100.01889743589744,76.234,2.0,64.00399999999999,32.001999999999995
846,18,78,99.75321794871795,76.463,3.0,76.37100000000001,25.457000000000004
846,20,78,99.72273076923076,76.267,1.0,28.536,28.536
846,22,77,101.41733766233767,78.584,2.0,51.596000000000004,25.798000000000002
846,24,75,104.28533333333333,81.566,1.0,28.298,28.298
846,30,32,83.076625,79.801,1.0,35.084,35.084
846,39,74,105.87194594594595,82.731,2.0,68.242,34.121
846,67,77,101.42385714285714,78.832,2.0,51.118,25.559
846,153,66,84.99534848484848,78.608,2.0,53.457,26.7285
846,155,78,100.06780769230768,78.308,1.0,28.642,28.642
846,808,67,83.7040895522388,80.058,1.0,28.856,28.856
846,813,73,101.43921917808218,78.904,2.0,52.155,26.0775
846,814,76,102.57697368421051,78.724,3.0,91.556,30.518666666666665
846,816,75,104.2418,81.391,2.0,54.041,27.0205
847,1,7,116.64428571428572,97.761,,,
847,2,55,243.0316181818182,85.135,2.0,46.477000000000004,23.238500000000002
847,3,70,210.42844285714287,80.071,4.0,91.528,22.882
847,4,36,320.54052777777775,94.223,3.0,76.37,25.456666666666667
847,5,28,379.32360714285716,98.46,1.0,44.037,44.037
847,10,69,213.941768115942,84.59,2.0,49.504000000000005,24.752000000000002
847,13,70,210.18231428571428,79.148,4.0,98.53399999999999,24.633499999999998
847,15,69,213.9465507246377,82.233,3.0,100.156,33.385333333333335
847,16,49,262.512387755102,90.171,4.0,93.989,23.49725
847,17,70,209.9052142857143,79.572,3.0,74.718,24.906000000000002
847,18,70,209.70767142857142,76.956,6.0,141.067,23.511166666666668
847,20,70,209.74637142857145,77.217,3.0,69.356,23.118666666666666
847,22,70,210.3522,80.316,4.0,96.114,24.0285
847,24,69,213.81359420289857,83.419,3.0,95.377,31.792333333333332
847,30,70,209.9108,79.138,4.0,94.369,23.59225
847,37,70,210.61634285714285,80.369,2.0,54.327,27.1635
847,39,69,213.92315942028986,83.116,2.0,58.655,29.3275
847,67,70,210.3799,79.507,4.0,99.129,24.78225
847,153,70,210.22144285714285,80.371,3.0,74.24600000000001,24.74866666666667
847,155,70,210.18295714285713,80.213,2.0,48.305,24.1525
847,808,70,209.9990285714286,79.054,2.0,47.961,23.9805
847,813,61,230.0026557377049,84.265,5.0,127.50800000000001,25.501600000000003
847,814,67,216.11277611940298,79.395,4.0,88.776,22.194
847,816,69,213.93698550724636,82.495,5.0,124.547,24.909399999999998
848,1,57,105.65542105263157,102.947,3.0,61.587,20.529
848,2,56,107.00494642857143,103.901,3.0,65.87100000000001,21.957000000000004
848,3,57,106.56594736842105,103.649,3.0,65.497,21.832333333333334
848,4,57,105.03614035087719,102.308,3.0,62.164,20.721333333333334
848,5,55,108.87045454545455,105.055,3.0,66.999,22.333
848,10,55,109.85436363636363,106.628,2.0,43.93,21.965
848,13,57,105.7521754385965,102.705,3.0,66.65899999999999,22.219666666666665
848,15,55,109.56029090909091,106.208,2.0,45.458,22.729
848,16,56,106.855,103.526,3.0,61.998000000000005,20.666
848,17,57,105.32322807017543,102.534,3.0,61.150999999999996,20.383666666666667
848,18,57,105.89884210526316,102.34,3.0,61.801,20.600333333333335
848,20,57,104.8450701754386,101.852,3.0,61.778,20.592666666666666
848,22,56,107.21689285714285,104.131,3.0,63.711,21.237
848,24,54,110.7895,107.418,3.0,69.46,23.153333333333332
848,30,56,107.63071428571429,104.578,3.0,73.03399999999999,24.344666666666665
848,39,54,112.56194444444444,107.708,3.0,78.76400000000001,26.25466666666667
848,67,56,107.23898214285714,104.103,3.0,62.776,20.925333333333334
848,153,56,106.84616071428572,103.579,2.0,42.494,21.247
848,155,56,107.36603571428572,103.517,2.0,44.037000000000006,22.018500000000003
848,808,56,107.34007142857143,103.151,3.0,64.377,21.459
848,813,56,107.95192857142857,103.134,3.0,64.596,21.532
848,814,56,107.27460714285715,103.851,3.0,62.454,20.818
848,815,56,107.12551785714285,103.949,1.0,21.939,21.939
848,816,55,110.23,107.164,2.0,44.193,22.0965
849,1,52,102.88811538461539,94.517,3.0,72.505,24.168333333333333
849,2,52,103.78342307692307,96.523,2.0,49.150000000000006,24.575000000000003
849,3,52,103.49732692307693,96.719,2.0,49.121,24.5605
849,4,52,102.33069230769232,93.391,3.0,74.014,24.671333333333333
849,5,2,130.091,129.778,,,
849,10,50,107.36916000000001,98.275,2.0,50.375,25.1875
849,13,52,102.88857692307693,95.094,3.0,71.326,23.775333333333332
849,15,10,118.1918,115.491,,,
849,16,52,103.86361538461539,95.301,3.0,77.054,25.68466666666667
849,17,52,102.65659615384615,94.503,3.0,73.24799999999999,24.415999999999997
849,18,39,104.2807435897436,93.666,3.0,72.649,24.216333333333335
849,20,52,102.64821153846154,94.551,3.0,79.513,26.504333333333335
849,22,51,104.35827450980392,96.733,2.0,49.815,24.9075
849,24,50,108.06282,99.117,2.0,52.147999999999996,26.073999999999998
849,30,52,103.829,95.755,3.0,86.644,28.881333333333334
849,67,25,109.19376,97.345,2.0,50.899,25.4495
849,153,52,103.852,96.197,2.0,48.814,24.407
849,155,23,111.10091304347826,98.113,2.0,59.998999999999995,29.999499999999998
849,808,52,103.88225,95.144,2.0,49.052,24.526
849,813,51,104.3744705882353,96.375,3.0,74.37899999999999,24.792999999999996
849,814,51,105.36141176470589,97.451,3.0,103.374,34.458
849,815,52,103.59203846153846,96.656,2.0,51.004999999999995,25.502499999999998
849,816,50,107.90762,100.224,2.0,54.17,27.085
849,817,49,109.8666530612245,100.91,2.0,52.814,26.407
850,1,60,97.50556666666667,94.302,3.0,61.881,20.627
850,2,9,102.28744444444443,99.452,,,
850,3,59,99.25513559322034,96.181,3.0,61.370000000000005,20.456666666666667
850,4,60,97.5719,94.626,3.0,60.44,20.146666666666665
850,5,58,101.56691379310345,99.05,2.0,43.263000000000005,21.631500000000003
850,10,57,103.01394736842106,99.982,2.0,43.504,21.752
850,13,60,98.37643333333334,94.609,3.0,62.432,20.810666666666666
850,16,60,98.94236666666667,96.653,2.0,41.718,20.859
850,17,60,97.6687,94.468,3.0,62.063,20.68766666666667
850,18,35,99.70042857142856,96.258,1.0,20.952,20.952
850,20,60,98.30425,94.587,3.0,60.778,20.259333333333334
850,22,16,102.1018125,99.679,,,
850,24,37,103.11027027027026,100.683,1.0,22.048,22.048
850,30,59,99.42350847457627,95.628,3.0,60.997,20.332333333333334
850,67,59,100.55583050847459,97.863,2.0,48.254999999999995,24.127499999999998
850,153,59,99.90798305084745,97.415,2.0,42.751000000000005,21.375500000000002
850,155,59,99.57357627118644,96.659,2.0,42.149,21.0745
850,808,59,99.57898305084746,96.186,2.0,42.021,21.0105
850,812,56,105.48108928571429,100.435,3.0,76.668,25.556
850,813,59,100.02235593220338,97.568,2.0,42.658,21.329
850,814,59,99.91593220338983,96.715,2.0,46.211,23.1055
850,815,59,99.80527118644068,97.033,2.0,48.891999999999996,24.445999999999998
850,816,57,103.1951754385965,99.787,2.0,44.35,22.175
850,817,57,103.65235087719297,100.489,2.0,46.372,23.186
851,1,70,92.1525,83.661,6.0,119.2,19.866666666666667
851,2,23,101.94978260869564,90.826,2.0,46.805,23.4025
851,3,69,93.54689855072463,84.857,4.0,84.513,21.12825
851,4,70,91.74508571428571,83.711,4.0,86.156,21.539
851,5,55,97.97703636363636,87.149,5.0,109.988,21.9976
851,10,66,97.24513636363636,88.022,3.0,63.763999999999996,21.254666666666665
851,13,70,92.65018571428571,83.415,4.0,87.041,21.76025
851,15,17,107.42488235294117,95.252,1.0,23.118,23.118
851,16,68,94.99501470588235,85.579,4.0,85.78999999999999,21.447499999999998
851,17,70,92.17255714285714,83.718,5.0,103.364,20.672800000000002
851,18,70,91.46195714285713,83.937,3.0,62.897000000000006,20.965666666666667
851,20,70,91.51321428571428,83.875,3.0,60.965,20.32166666666667
851,22,68,94.4602205882353,85.018,5.0,122.572,24.514400000000002
851,24,65,99.0694923076923,89.208,5.0,119.441,23.8882
851,30,26,98.91946153846153,89.781,2.0,42.019000000000005,21.009500000000003
851,67,69,93.53846376811593,85.977,3.0,64.169,21.389666666666667
851,153,69,93.64937681159421,86.025,3.0,67.631,22.543666666666667
851,155,69,93.93328985507246,84.664,3.0,67.83500000000001,22.611666666666668
851,808,69,93.96366666666667,84.664,4.0,92.688,23.172
851,813,68,95.1579705882353,85.724,5.0,103.85,20.77
851,814,69,93.52495652173914,85.935,3.0,63.998,21.332666666666665
851,815,68,95.03411764705882,84.999,4.0,76.903,19.22575
851,816,65,98.76732307692308,89.068,4.0,118.572,29.643
851,817,66,97.84137878787878,88.876,3.0,68.05799999999999,22.685999999999996
852,1,12,118.29108333333333,115.647,1.0,21.895,21.895
852,3,44,119.39925,112.263,2.0,44.260999999999996,22.130499999999998
852,4,44,118.58897727272728,111.107,2.0,42.236999999999995,21.118499999999997
852,5,43,121.45479069767441,114.051,3.0,72.854,24.284666666666666
852,10,43,122.65879069767442,116.54,4.0,94.931,23.73275
852,13,44,119.79475,111.564,3.0,65.608,21.869333333333334
852,15,43,121.29704651162791,114.571,2.0,43.643,21.8215
852,16,44,119.65013636363636,112.591,2.0,43.756,21.878
852,17,44,118.37804545454546,109.883,2.0,41.962,20.981
852,18,44,118.51277272727272,110.062,3.0,69.44200000000001,23.147333333333336
852,20,44,118.29302272727271,110.451,3.0,63.095,21.031666666666666
852,22,43,121.45567441860466,110.424,3.0,91.049,30.349666666666668
852,24,43,123.56523255813954,118.061,2.0,52.724999999999994,26.362499999999997
852,30,44,119.37175,111.137,3.0,61.69799999999999,20.566
852,67,6,120.53883333333333,116.79,,,
852,155,44,120.38338636363636,113.871,2.0,45.43,22.715
852,808,44,119.9275,112.432,2.0,43.373999999999995,21.686999999999998
852,811,44,120.40631818181818,113.585,3.0,65.519,21.83966666666667
852,813,44,120.057,113.362,2.0,43.724000000000004,21.862000000000002
852,814,44,120.20197727272728,113.223,2.0,42.684,21.342
852,815,27,127.24503703703704,114.244,3.0,64.064,21.354666666666663
852,816,43,122.61923255813954,116.319,2.0,45.053,22.5265
852,817,13,123.04607692307692,119.831,1.0,23.78,23.78
853,1,53,91.76583018867925,86.187,2.0,43.959,21.9795
853,4,53,91.75624528301887,87.191,2.0,44.528000000000006,22.264000000000003
853,5,51,95.0406274509804,89.639,2.0,45.909,22.9545
853,10,51,96.01656862745098,90.783,2.0,47.931,23.9655
853,13,53,92.2483962264151,86.924,2.0,43.969,21.9845
853,15,51,95.65174509803921,89.825,2.0,53.811,26.9055
853,16,9,107.258,91.455,,,
853,17,4,123.67875,90.994,,,
853,18,53,91.61815094339622,86.207,2.0,43.754999999999995,21.877499999999998
853,20,53,91.4372075471698,86.557,2.0,43.501999999999995,21.750999999999998
853,22,52,94.20082692307692,88.377,2.0,52.571,26.2855
853,30,53,92.05375471698113,87.402,2.0,44.723,22.3615
853,67,52,93.65567307692308,88.202,2.0,48.32,24.16
853,153,52,93.36328846153847,88.357,2.0,44.266999999999996,22.133499999999998
853,155,21,99.01561904761905,90.0,2.0,50.489000000000004,25.244500000000002
853,811,52,93.45551923076924,86.895,3.0,67.952,22.650666666666666
853,813,52,93.89940384615385,88.934,2.0,45.677,22.8385
853,814,52,93.4388653846154,88.054,2.0,44.939,22.4695
853,815,32,95.2198125,89.403,,,
853,816,1,170.977,170.977,,,
853,817,39,126.39748717948717,92.013,2.0,1035.495,517.7475
854,1,61,118.27086885245902,110.832,5.0,148.522,29.7044
854,3,60,119.12638333333334,114.383,3.0,89.227,29.742333333333335
854,4,61,118.06895081967212,110.891,3.0,90.98,30.326666666666668
854,5,59,122.3894406779661,114.063,3.0,95.03,31.676666666666666
854,10,9,122.79822222222222,120.412,,,
854,13,60,119.1391,112.55,4.0,124.102,31.0255
854,15,47,126.62219148936171,117.126,3.0,95.533,31.844333333333335
854,16,60,119.13275,114.564,2.0,64.136,32.068
854,17,61,117.6399344262295,110.088,3.0,92.07900000000001,30.693
854,18,61,117.1884262295082,108.454,3.0,90.395,30.131666666666664
854,20,61,117.15995081967213,108.688,3.0,91.628,30.542666666666666
854,22,60,119.59678333333333,115.235,2.0,61.0,30.5
854,24,57,127.20814035087719,118.283,4.0,141.058,35.2645
854,30,28,118.59985714285715,113.096,2.0,59.083,29.5415
854,67,60,119.33235,112.197,3.0,96.96,32.32
854,153,56,122.27939285714285,113.676,3.0,87.083,29.027666666666665
854,155,59,121.70022033898306,111.329,4.0,117.65,29.4125
854,808,59,122.64661016949152,114.204,3.0,91.917,30.639
854,811,59,122.01033898305086,113.774,4.0,134.073,33.51825
854,813,60,119.3222,113.198,3.0,91.552,30.517333333333337
854,814,61,118.9807213114754,114.239,2.0,60.468,30.234
854,815,60,119.17755,114.615,2.0,64.154,32.077
854,816,59,123.18991525423729,118.73,2.0,63.355000000000004,31.677500000000002
854,817,57,126.0740350877193,119.064,3.0,112.00999999999999,37.336666666666666
855,1,53,103.3527358490566,97.645,3.0,65.20400000000001,21.73466666666667
855,3,53,103.73111320754717,96.614,3.0,62.049,20.683
855,4,53,102.9167358490566,96.682,3.0,63.197,21.06566666666667
855,5,53,104.55190566037736,99.297,3.0,65.463,21.820999999999998
855,10,51,107.86503921568628,101.704,3.0,70.166,23.388666666666666
855,13,53,103.42767924528302,97.8,3.0,63.626999999999995,21.209
855,15,53,104.70881132075472,99.561,3.0,66.025,22.008333333333336
855,16,53,103.92215094339622,98.133,3.0,64.687,21.56233333333333
855,17,53,103.04713207547171,96.828,3.0,64.644,21.548000000000002
855,18,53,102.89484905660377,96.568,3.0,62.80500000000001,20.935000000000002
855,20,53,102.93269811320755,96.916,3.0,65.675,21.891666666666666
855,22,53,104.294679245283,99.08,3.0,66.756,22.252
855,24,50,109.18436,102.409,3.0,75.59100000000001,25.197000000000003
855,30,53,103.40654716981132,97.916,3.0,64.116,21.372
855,67,11,103.598,102.107,1.0,21.849,21.849
855,153,53,104.15188679245283,97.411,2.0,44.376000000000005,22.188000000000002
855,155,53,104.09683018867925,99.724,2.0,46.562,23.281
855,808,53,103.69875471698113,97.053,2.0,42.135999999999996,21.067999999999998
855,811,53,104.26518867924528,98.407,2.0,48.393,24.1965
855,813,53,104.10605660377358,97.645,3.0,63.426,21.142
855,814,53,104.07081132075471,97.97,3.0,65.481,21.826999999999998
855,815,53,103.63781132075471,96.569,2.0,46.116,23.058
855,816,51,107.89003921568629,101.794,3.0,69.53999999999999,23.179999999999996
855,817,51,107.93898039215686,101.437,3.0,69.805,23.268333333333334
856,1,55,107.16387272727273,100.459,2.0,41.43,20.715
856,3,55,107.92812727272727,101.77,2.0,40.863,20.4315
856,4,55,107.23060000000001,100.547,2.0,41.617000000000004,20.808500000000002
856,5,54,109.08094444444444,102.456,2.0,44.620000000000005,22.310000000000002
856,10,54,110.46405555555556,104.536,2.0,45.014,22.507
856,13,55,107.4023090909091,100.541,2.0,44.721999999999994,22.360999999999997
856,15,54,109.73444444444443,103.009,2.0,45.292,22.646
856,16,55,108.24041818181819,102.014,2.0,46.736000000000004,23.368000000000002
856,17,55,107.1722,100.294,2.0,41.628,20.814
856,18,55,107.2125090909091,100.709,2.0,41.524,20.762
856,20,55,106.94534545454546,99.605,2.0,40.155,20.0775
856,22,55,108.6374909090909,102.371,2.0,44.069,22.0345
856,24,52,113.73640384615385,106.173,3.0,72.015,24.005
856,30,15,108.06533333333333,105.327,1.0,20.238,20.238
856,67,55,108.08647272727274,100.537,2.0,44.09,22.045
856,153,55,107.84603636363636,100.94,2.0,44.626,22.313
856,155,54,109.3242037037037,102.08,3.0,68.673,22.891000000000002
856,808,16,111.4560625,105.469,1.0,21.478,21.478
856,811,54,109.04531481481482,102.549,2.0,43.056,21.528
856,813,30,113.57506666666667,104.689,3.0,57.588,19.196
856,814,55,108.19265454545454,102.102,2.0,43.135,21.5675
856,815,54,109.33142592592593,102.425,3.0,64.581,21.527
856,816,54,110.67424074074074,104.746,2.0,49.317,24.6585
856,817,54,110.62920370370371,104.87,2.0,45.311,22.6555
857,1,60,91.98641666666667,88.721,3.0,71.89500000000001,23.965000000000003
857,3,60,91.69755,88.6,2.0,44.127,22.0635
857,4,60,90.98838333333333,87.953,2.0,43.628,21.814
857,5,58,93.82060344827586,90.294,2.0,44.227000000000004,22.113500000000002
857,10,2,122.7785,116.549,1.0,27.378,27.378
857,13,32,94.02865625,90.243,3.0,64.386,21.462
857,15,55,99.24527272727272,91.691,3.0,87.77799999999999,29.25933333333333
857,16,59,92.71457627118643,89.289,2.0,43.400999999999996,21.700499999999998
857,17,60,91.00885000000001,87.52,2.0,42.632,21.316
857,18,60,90.72391666666667,87.967,2.0,42.93,21.465
857,20,60,90.58336666666666,87.249,2.0,42.864000000000004,21.432000000000002
857,22,58,94.07856896551725,88.635,2.0,55.989,27.9945
857,30,60,91.67371666666666,88.549,2.0,42.375,21.1875
857,39,57,95.65029824561402,91.988,2.0,47.650999999999996,23.825499999999998
857,67,24,94.371,90.956,1.0,22.579,22.579
857,153,59,92.44783050847458,89.239,2.0,45.94,22.97
857,808,59,92.77333898305085,89.289,2.0,49.656,24.828
857,811,59,92.97115254237288,89.31,2.0,43.867,21.9335
857,813,12,95.31908333333332,93.573,,,
857,814,59,93.03801694915255,88.679,3.0,66.65899999999999,22.219666666666665
857,815,59,92.75847457627118,89.345,2.0,47.465,23.7325
857,816,57,95.64001754385964,91.99,2.0,45.159000000000006,22.579500000000003
857,817,57,96.20882456140352,91.674,3.0,96.077,32.025666666666666
858,1,55,106.03429090909091,103.461,2.0,38.789,19.3945
858,3,55,106.98550909090909,103.993,2.0,39.692,19.846
858,4,55,106.18805454545455,103.914,2.0,41.525,20.7625
858,5,54,109.58801851851852,106.61,2.0,41.798,20.899
858,10,53,111.380679245283,108.085,2.0,42.353,21.1765
858,13,55,106.95389090909092,104.288,2.0,40.506,20.253
858,15,53,110.82837735849057,107.444,2.0,41.615,20.8075
858,16,55,107.4365090909091,104.709,2.0,40.97,20.485
858,17,55,106.68490909090909,102.612,3.0,64.707,21.569
858,18,55,106.50485454545453,103.154,2.0,41.209,20.6045
858,20,1,174.331,174.331,,,
858,22,54,108.28607407407408,104.438,2.0,44.753,22.3765
858,24,53,111.98447169811321,109.242,1.0,21.247,21.247
858,30,55,107.41545454545454,104.916,2.0,40.298,20.149
858,67,19,111.47921052631578,107.094,,,
858,153,54,108.99885185185185,104.093,2.0,64.937,32.4685
858,155,54,108.02624074074075,103.521,2.0,42.941,21.4705
858,808,54,108.35740740740741,103.673,2.0,40.706,20.353
858,811,54,109.52607407407407,106.15,3.0,54.171,18.057
858,813,54,108.7895,104.628,2.0,33.098,16.549
858,814,55,107.87223636363636,104.12,1.0,20.216,20.216
858,815,54,108.27292592592593,104.566,2.0,44.632999999999996,22.316499999999998
858,816,18,113.44338888888889,111.196,,,
858,817,48,111.75972916666667,108.274,2.0,44.885000000000005,22.442500000000003
859,1,46,79.55976086956521,77.209,3.0,62.176,20.725333333333335
859,3,70,79.32908571428571,77.207,2.0,41.431,20.7155
859,4,71,78.48608450704225,76.181,3.0,62.189,20.729666666666667
859,5,69,80.81873913043478,78.023,3.0,66.345,22.115
859,10,21,82.94109523809524,81.773,1.0,22.452,22.452
859,13,71,78.93235211267606,77.271,2.0,42.749,21.3745
859,15,69,81.36798550724639,78.596,2.0,44.171,22.0855
859,16,70,79.20335714285714,77.161,3.0,63.135000000000005,21.045
859,17,71,77.99245070422535,75.324,3.0,62.525999999999996,20.842
859,18,71,78.38171830985915,75.58,3.0,64.626,21.542
859,20,71,78.23164788732394,76.076,3.0,63.673,21.224333333333334
859,22,70,79.99937142857142,76.684,3.0,65.765,21.921666666666667
859,24,61,82.5750655737705,80.648,2.0,45.662,22.831
859,30,70,80.0587857142857,76.681,3.0,67.636,22.545333333333332
859,67,70,79.78405714285714,77.428,2.0,44.878,22.439
859,153,70,79.62201428571429,77.162,2.0,44.628,22.314
859,155,70,79.53678571428571,77.644,2.0,46.348,23.174
859,808,70,79.57561428571428,77.011,3.0,66.05199999999999,22.01733333333333
859,811,69,81.24902898550725,78.274,4.0,81.346,20.3365
859,813,26,81.58534615384616,79.706,1.0,21.561,21.561
859,814,70,79.4712142857143,77.452,2.0,42.512,21.256
859,815,70,79.93755714285714,77.78,2.0,43.558,21.779
859,816,68,82.15760294117648,79.902,2.0,45.401,22.7005
859,817,68,82.46416176470589,79.649,2.0,46.376999999999995,23.188499999999998
860,1,58,97.47655172413793,89.538,2.0,46.32599999999999,23.162999999999997
860,3,58,98.40012068965517,90.931,2.0,46.22,23.11
860,4,58,97.77810344827586,90.277,2.0,43.945,21.9725
860,5,38,100.75465789473684,93.693,3.0,77.865,25.955
860,8,58,98.06170689655173,90.759,2.0,48.191,24.0955
860,10,57,99.90919298245613,94.253,2.0,51.367999999999995,25.683999999999997
860,13,46,99.75632608695653,91.94,3.0,66.944,22.314666666666668
860,17,58,97.48468965517242,89.438,2.0,46.217,23.1085
860,18,58,97.40629310344828,89.187,2.0,46.111999999999995,23.055999999999997
860,20,58,97.4431724137931,89.417,2.0,48.387,24.1935
860,30,10,95.217,94.021,,,
860,154,1,103.73,103.73,,,
860,155,58,98.04018965517243,90.62,2.0,49.507999999999996,24.753999999999998
860,808,34,96.43861764705882,93.214,1.0,24.579,24.579
860,811,52,100.55630769230768,90.855,3.0,79.26400000000001,26.421333333333337
860,813,57,97.85717543859649,90.254,2.0,46.593,23.2965
860,814,58,98.09141379310346,90.605,2.0,49.512,24.756
860,815,58,98.08660344827585,90.843,1.0,23.882,23.882
860,817,58,98.08829310344828,90.592,3.0,79.924,26.641333333333336
860,818,58,98.0933275862069,90.274,2.0,46.772,23.386
860,819,53,102.46390566037736,95.011,3.0,91.375,30.458333333333332
861,1,56,176.90005357142857,101.539,3.0,78.57,26.189999999999998
861,3,56,178.0429464285714,101.863,4.0,97.08000000000001,24.270000000000003
861,4,56,176.6395,101.68,3.0,70.051,23.350333333333335
861,5,55,180.94207272727272,103.803,4.0,115.691,28.92275
861,8,56,177.1655,100.722,3.0,77.57,25.856666666666666
861,10,55,180.86972727272726,104.757,3.0,76.146,25.382
861,13,56,178.3773392857143,102.051,4.0,98.518,24.6295
861,17,56,176.95535714285714,101.017,3.0,74.101,24.700333333333333
861,18,56,178.06305357142858,102.1,5.0,133.73,26.746
861,20,56,177.98819642857143,101.342,4.0,98.59700000000001,24.649250000000002
861,30,56,177.5322857142857,101.76,3.0,71.088,23.695999999999998
861,37,54,184.8683148148148,106.244,3.0,83.054,27.68466666666667
861,39,54,184.6236851851852,105.909,2.0,64.576,32.288
861,154,3,133.71533333333335,128.464,,,
861,155,46,194.7635652173913,104.202,3.0,78.039,26.013
861,807,56,177.49471428571428,102.173,3.0,70.763,23.587666666666667
861,808,55,180.094,103.513,3.0,84.412,28.137333333333334
861,811,56,177.312125,101.404,4.0,106.07900000000001,26.519750000000002
861,813,54,180.49072222222222,102.237,4.0,94.539,23.63475
861,814,56,177.4325714285714,101.819,3.0,69.019,23.006333333333334
861,815,56,176.6799107142857,101.021,3.0,74.734,24.91133333333333
861,817,56,178.01142857142858,101.756,4.0,96.267,24.06675
861,818,56,177.47851785714286,101.922,2.0,47.559,23.7795
861,819,54,183.27659259259258,104.813,3.0,98.083,32.69433333333333
862,1,56,103.80251785714286,100.53,3.0,61.771,20.590333333333334
862,3,56,103.33801785714286,100.967,2.0,41.757999999999996,20.878999999999998
862,4,56,104.00330357142856,101.152,3.0,60.456,20.152
862,5,53,110.53858490566037,101.19,3.0,83.06700000000001,27.689000000000004
862,8,56,104.24110714285715,101.794,2.0,42.927,21.4635
862,10,55,106.18461818181818,102.748,2.0,42.842,21.421
862,13,56,104.10192857142856,101.24,2.0,40.301,20.1505
862,17,56,103.83666071428571,100.49,3.0,61.322,20.44066666666667
862,18,56,103.7063392857143,100.422,3.0,67.655,22.551666666666666
862,20,56,103.88235714285715,100.601,2.0,42.595,21.2975
862,30,12,104.79475,104.109,1.0,21.746,21.746
862,37,55,106.9676909090909,103.61,2.0,47.122,23.561
862,39,54,108.06074074074074,103.935,2.0,48.088,24.044
862,154,56,103.90035714285715,101.12,2.0,47.019000000000005,23.509500000000003
862,155,56,104.02944642857143,99.96,3.0,64.358,21.45266666666667
862,807,56,104.25253571428571,100.977,2.0,53.434,26.717
862,808,55,105.28280000000001,102.385,2.0,43.858000000000004,21.929000000000002
862,811,56,103.95582142857144,101.293,2.0,42.507000000000005,21.253500000000003
862,813,56,103.9745,100.482,2.0,42.798,21.399
862,814,56,104.09289285714286,101.498,2.0,41.393,20.6965
862,815,56,104.07133928571429,101.071,2.0,45.574,22.787
862,817,56,104.46580357142857,101.251,2.0,44.202,22.101
862,818,56,104.26223214285714,100.019,3.0,68.989,22.996333333333336
862,819,55,106.19185454545453,102.621,3.0,59.866,19.955333333333332
863,1,57,101.22761403508773,97.733,3.0,82.659,27.553
863,3,57,101.16578947368421,98.08,3.0,67.019,22.33966666666667
863,4,57,101.2068947368421,98.203,3.0,68.75,22.916666666666668
863,5,56,102.53735714285715,98.441,4.0,95.182,23.7955
863,8,57,100.25128070175438,97.116,3.0,67.371,22.456999999999997
863,10,55,104.71930909090909,100.323,3.0,76.00399999999999,25.334666666666664
863,13,57,101.33314035087719,98.123,3.0,67.458,22.486
863,17,57,100.87329824561404,97.437,3.0,66.59,22.19666666666667
863,18,55,101.842,98.046,4.0,91.845,22.96125
863,20,57,100.19280701754386,96.379,3.0,66.53399999999999,22.177999999999997
863,30,57,101.44701754385964,98.128,3.0,66.276,22.092
863,37,55,105.27590909090908,100.237,3.0,72.181,24.060333333333332
863,39,55,105.28674545454545,99.747,4.0,101.834,25.4585
863,154,57,100.37164912280703,96.928,3.0,68.905,22.968333333333334
863,155,57,101.77761403508772,96.7,3.0,73.02199999999999,24.340666666666664
863,807,57,101.53559649122808,98.312,3.0,67.419,22.473
863,808,56,102.33758928571429,98.305,3.0,69.999,23.333
863,811,54,101.76492592592592,98.087,3.0,68.511,22.837
863,813,25,105.14596,99.876,2.0,45.19799999999999,22.598999999999997
863,814,57,101.20233333333333,98.372,2.0,44.552,22.276
863,815,57,101.46828070175438,98.146,3.0,69.76,23.253333333333334
863,817,56,102.08689285714286,97.903,3.0,70.619,23.539666666666665
863,818,57,101.8370701754386,97.058,3.0,68.357,22.785666666666668
863,819,24,104.29779166666667,101.519,1.0,24.02,24.02
864,1,66,91.3225,88.918,2.0,41.943,20.9715
864,3,66,91.31915151515152,88.15,3.0,60.757999999999996,20.252666666666666
864,4,66,90.1869696969697,87.39,3.0,59.589,19.863
864,5,65,92.17006153846154,88.715,3.0,65.131,21.710333333333335
864,8,66,90.19740909090909,86.938,3.0,61.150999999999996,20.383666666666667
864,10,64,93.180328125,89.599,3.0,62.653000000000006,20.884333333333334
864,13,65,91.80072307692308,88.448,4.0,75.733,18.93325
864,17,65,91.53735384615383,87.857,3.0,65.112,21.703999999999997
864,18,66,91.43016666666666,88.624,3.0,61.282,20.427333333333333
864,20,66,91.1624393939394,87.768,4.0,78.84700000000001,19.711750000000002
864,30,12,93.60733333333333,91.089,1.0,20.113,20.113
864,37,63,95.01873015873016,90.722,4.0,87.424,21.856
864,39,22,96.242,92.903,2.0,44.033,22.0165
864,154,66,90.36278787878787,86.25,3.0,62.473,20.824333333333332
864,155,66,91.1179696969697,88.266,3.0,63.952,21.317333333333334
864,807,65,91.53398461538461,88.912,3.0,61.594,20.531333333333333
864,808,65,92.40315384615384,88.773,3.0,69.745,23.248333333333335
864,811,12,93.56241666666668,91.822,,,
864,813,66,90.13856060606061,87.906,3.0,63.667,21.222333333333335
864,814,65,91.77938461538461,88.313,3.0,61.534,20.511333333333333
864,815,37,92.8497027027027,88.605,3.0,71.45,23.816666666666666
864,817,65,91.70718461538462,88.587,3.0,61.274,20.424666666666667
864,818,65,91.63232307692307,88.308,3.0,63.493,21.164333333333335
864,819,35,95.09077142857143,91.136,2.0,42.274,21.137
865,1,78,81.67510256410256,78.806,1.0,25.748,25.748
865,3,78,81.63076923076923,78.977,1.0,24.874,24.874
865,4,78,81.63466666666667,78.857,1.0,25.22,25.22
865,5,77,83.29118181818183,79.305,2.0,57.358999999999995,28.679499999999997
865,8,78,82.18708974358975,79.246,1.0,26.38,26.38
865,10,77,83.34637662337663,79.637,2.0,62.07,31.035
865,13,78,81.70194871794872,79.101,1.0,24.993,24.993
865,17,78,81.62252564102565,78.805,1.0,25.566,25.566
865,18,70,82.76225714285714,79.923,1.0,25.219,25.219
865,20,78,81.63974358974359,79.076,1.0,25.079,25.079
865,30,63,82.31044444444444,78.904,1.0,25.117,25.117
865,39,76,84.68597368421052,80.286,2.0,54.278999999999996,27.139499999999998
865,155,5,100.3996,85.48,1.0,28.39,28.39
865,807,78,82.16819230769231,78.423,1.0,26.447,26.447
865,808,15,89.34793333333333,80.825,1.0,39.391,39.391
865,811,78,82.19324358974359,79.187,1.0,26.41,26.41
865,814,78,82.15505128205128,79.757,1.0,25.642,25.642
865,815,77,82.76623376623377,77.296,2.0,45.343,22.6715
865,817,65,82.57713846153845,79.752,1.0,25.335,25.335
865,818,77,83.21622077922078,79.013,2.0,52.22,26.11
865,819,64,83.09565625,79.604,1.0,27.186,27.186
866,1,70,79.27980000000001,77.02,2.0,43.905,21.9525
866,3,70,79.47754285714286,77.06,2.0,42.400999999999996,21.200499999999998
866,4,70,79.47138571428572,77.82,1.0,21.133,21.133
866,5,69,80.93240579710145,78.128,2.0,43.437,21.7185
866,8,70,79.50218571428572,76.764,1.0,21.534,21.534
866,10,56,83.32180357142856,81.032,1.0,25.52,25.52
866,13,70,79.64082857142857,76.182,2.0,42.242999999999995,21.121499999999997
866,17,70,79.4953,77.131,2.0,42.453,21.2265
866,18,69,80.72202898550725,77.843,3.0,64.956,21.652
866,20,70,79.38401428571429,75.752,2.0,44.067,22.0335
866,30,43,81.07388372093023,78.433,2.0,44.331,22.1655
866,37,24,82.89025,81.535,,,
866,39,22,83.7665,82.044,,,
866,154,70,79.31569999999999,77.264,1.0,21.83,21.83
866,155,70,79.62882857142857,77.464,1.0,21.453,21.453
866,807,70,79.94031428571428,77.202,2.0,48.242999999999995,24.121499999999997
866,808,69,80.99902898550725,78.093,2.0,43.291,21.6455
866,811,69,80.74272463768115,77.817,1.0,22.781,22.781
866,813,70,79.95197142857143,77.489,1.0,22.704,22.704
866,814,70,79.81827142857144,77.219,2.0,43.223,21.6115
866,815,70,79.35494285714286,76.414,1.0,21.407,21.407
866,817,70,80.20087142857142,76.609,2.0,43.247,21.6235
866,818,69,80.64689855072464,77.875,3.0,60.082,20.027333333333335
866,819,67,82.88001492537313,80.632,1.0,23.291,23.291
867,1,55,110.00494545454545,104.007,2.0,50.436,25.218
867,3,57,110.13728070175438,102.163,2.0,40.739999999999995,20.369999999999997
867,4,57,109.76577192982457,103.666,2.0,40.507000000000005,20.253500000000003
867,5,57,111.42636842105263,105.294,2.0,45.485,22.7425
867,8,57,109.87842105263157,103.686,2.0,42.982,21.491
867,13,56,111.77467857142857,104.431,4.0,100.14099999999999,25.035249999999998
867,17,57,110.0048596491228,102.717,2.0,40.468,20.234
867,18,57,110.19828070175438,104.806,2.0,39.885999999999996,19.942999999999998
867,20,33,113.30190909090909,104.555,2.0,40.379999999999995,20.189999999999998
867,30,57,109.98750877192983,103.099,2.0,40.518,20.259
867,37,56,111.9363392857143,106.799,2.0,46.251999999999995,23.125999999999998
867,39,56,112.10182142857144,106.388,3.0,64.08,21.36
867,154,40,111.820175,103.764,2.0,43.662,21.831
867,155,33,113.43339393939394,105.082,2.0,48.790000000000006,24.395000000000003
867,807,57,110.11652631578949,104.226,2.0,41.53,20.765
867,808,57,111.09684210526316,104.253,4.0,94.157,23.53925
867,811,57,110.39666666666668,104.111,2.0,43.099000000000004,21.549500000000002
867,813,57,110.37331578947368,104.064,2.0,42.867,21.4335
867,814,57,110.16692982456141,104.101,1.0,20.295,20.295
867,815,57,110.25308771929825,103.526,2.0,41.936,20.968
867,817,57,110.41561403508773,103.674,2.0,43.806,21.903
867,818,26,109.12215384615385,105.491,1.0,21.303,21.303
867,819,57,111.45964912280702,106.701,2.0,54.474000000000004,27.237000000000002
868,1,52,98.99521153846153,95.49,2.0,49.501000000000005,24.750500000000002
868,3,52,99.39773076923076,95.646,2.0,58.718,29.359
868,4,52,98.35284615384616,94.739,2.0,50.370000000000005,25.185000000000002
868,5,51,101.14709803921569,97.252,2.0,52.63,26.315
868,8,52,98.49234615384616,94.661,2.0,51.452,25.726
868,10,51,101.62282352941176,97.422,2.0,51.406,25.703
868,13,52,98.47705769230768,95.041,2.0,50.435,25.2175
868,17,52,98.294,94.629,2.0,51.033,25.5165
868,18,52,99.14869230769231,96.086,2.0,49.900000000000006,24.950000000000003
868,20,52,98.387,94.897,2.0,51.147999999999996,25.573999999999998
868,30,52,98.85463461538461,95.191,2.0,51.489999999999995,25.744999999999997
868,37,50,102.53425999999999,99.618,1.0,27.715,27.715
868,39,50,102.78533999999999,98.339,2.0,57.852000000000004,28.926000000000002
868,154,52,98.6228653846154,94.884,2.0,59.589,29.7945
868,155,52,99.1665,94.608,2.0,66.053,33.0265
868,807,52,99.21430769230768,95.898,2.0,51.504,25.752
868,811,52,99.12759615384616,95.863,2.0,52.556,26.278
868,813,51,100.9640980392157,97.406,2.0,58.69799999999999,29.348999999999997
868,814,2,148.0875,139.266,1.0,32.79,32.79
868,815,11,100.99481818181818,97.594,1.0,25.192,25.192
868,817,52,99.27940384615384,95.448,2.0,51.239000000000004,25.619500000000002
868,818,52,99.31925,95.514,2.0,52.689,26.3445
868,819,51,102.0233137254902,98.008,2.0,52.477000000000004,26.238500000000002
869,1,56,83.81346428571429,80.091,3.0,57.486999999999995,19.162333333333333
869,3,67,82.30971641791044,79.105,3.0,55.03,18.343333333333334
869,4,67,81.58002985074627,79.044,2.0,35.512,17.756
869,5,65,84.39089230769231,80.596,4.0,86.407,21.60175
869,8,67,81.82494029850746,79.485,2.0,35.736999999999995,17.868499999999997
869,10,64,85.615265625,82.778,2.0,40.351,20.1755
869,13,67,82.64611940298508,79.225,3.0,61.866,20.622
869,17,67,82.28064179104477,79.794,2.0,35.543,17.7715
869,18,67,81.68374626865672,79.719,2.0,34.698,17.349
869,20,67,81.63573134328358,79.469,2.0,35.371,17.6855
869,30,67,82.01241791044777,78.725,3.0,54.588,18.196
869,37,64,85.534765625,82.407,2.0,40.514,20.257
869,39,64,85.6204375,81.788,2.0,38.917,19.4585
869,154,66,83.79193939393939,80.013,3.0,75.89699999999999,25.298999999999996
869,155,67,81.90726865671643,79.161,2.0,38.081,19.0405
869,807,67,82.29886567164179,79.372,3.0,55.093,18.364333333333335
869,808,66,83.4920909090909,79.997,3.0,56.479,18.826333333333334
869,811,66,83.50036363636363,79.894,3.0,85.077,28.358999999999998
869,813,66,83.07065151515152,79.607,3.0,56.941,18.980333333333334
869,814,67,82.46401492537314,79.717,2.0,35.867000000000004,17.933500000000002
869,815,67,81.99638805970149,79.27,2.0,36.342,18.171
869,817,67,82.72673134328357,80.066,2.0,36.364,18.182
869,818,67,82.72876119402986,79.645,3.0,57.275000000000006,19.09166666666667
869,819,65,84.5854923076923,81.753,2.0,37.212,18.606
870,1,69,87.90584057971014,85.677,2.0,39.495000000000005,19.747500000000002
870,3,69,88.64836231884058,85.83,2.0,40.984,20.492
870,4,69,88.29211594202899,85.738,2.0,39.034,19.517
870,5,68,90.3602794117647,86.595,3.0,63.202,21.067333333333334
870,8,69,87.92079710144928,85.728,2.0,39.858999999999995,19.929499999999997
870,10,66,92.5024696969697,88.447,2.0,41.72,20.86
870,13,69,88.46163768115943,85.92,2.0,39.898,19.949
870,17,69,88.40523188405797,85.402,3.0,58.172,19.390666666666664
870,18,69,88.34414492753622,85.831,3.0,58.846000000000004,19.615333333333336
870,20,69,88.07415942028986,84.136,3.0,57.675,19.224999999999998
870,30,58,90.22425862068965,86.778,3.0,55.038,18.346
870,37,66,92.50951515151515,88.765,2.0,44.209,22.1045
870,39,60,93.4542,89.506,2.0,43.29,21.645
870,154,69,88.05827536231885,86.05,2.0,42.382000000000005,21.191000000000003
870,155,67,89.30813432835821,85.745,2.0,40.29900000000001,20.149500000000003
870,807,69,88.73602898550725,86.073,2.0,41.343,20.6715
870,808,67,90.84655223880597,87.629,3.0,62.177,20.725666666666665
870,811,69,88.39713043478261,86.248,2.0,40.817,20.4085
870,813,69,88.82766666666667,85.723,3.0,53.265,17.755
870,814,69,88.8172463768116,85.976,2.0,40.812,20.406
870,815,69,88.84053623188406,85.218,2.0,40.536,20.268
870,817,68,89.53305882352942,86.508,3.0,60.167,20.055666666666667
870,818,68,89.8306617647059,86.061,4.0,79.465,19.86625
870,819,67,91.18422388059702,88.727,2.0,42.293,21.1465
871,3,44,123.03729545454546,113.073,2.0,41.596000000000004,20.798000000000002
871,5,43,126.26513953488373,116.475,2.0,74.137,37.0685
871,8,44,122.13327272727273,113.64,2.0,40.672,20.336
871,10,43,125.68372093023257,116.956,2.0,43.123000000000005,21.561500000000002
871,13,44,122.23579545454545,113.464,2.0,41.355000000000004,20.677500000000002
871,17,44,122.26759090909091,113.768,2.0,41.293000000000006,20.646500000000003
871,18,44,121.5575,114.293,1.0,19.668,19.668
871,20,44,121.86713636363636,114.198,1.0,20.811,20.811
871,30,44,122.77054545454546,113.507,2.0,42.499,21.2495
871,37,43,126.34960465116279,117.315,3.0,76.19800000000001,25.399333333333335
871,39,29,129.79789655172414,119.113,2.0,46.476,23.238
871,155,44,124.19656818181818,115.598,3.0,71.023,23.674333333333333
871,807,44,122.19029545454545,113.76,2.0,42.848,21.424
871,808,43,124.94946511627907,116.741,2.0,47.152,23.576
871,811,44,123.18315909090909,112.822,2.0,43.72,21.86
871,813,4,177.3245,171.174,1.0,21.842,21.842
871,814,44,123.00711363636363,114.562,2.0,42.516999999999996,21.258499999999998
871,817,44,122.98890909090909,114.605,2.0,41.346999999999994,20.673499999999997
871,818,44,122.8953409090909,113.995,2.0,41.737,20.8685
871,819,43,126.04590697674418,117.939,1.0,21.611,21.611
872,1,53,90.21171698113208,88.427,1.0,20.736,20.736
872,3,53,90.84473584905659,87.239,2.0,44.2,22.1
872,4,53,90.60028301886793,88.835,1.0,21.515,21.515
872,5,52,92.35230769230769,89.399,2.0,44.647,22.3235
872,8,53,90.79437735849058,89.109,1.0,21.73,21.73
872,10,52,93.09294230769231,89.888,2.0,51.328,25.664
872,13,53,90.7714716981132,88.914,1.0,22.161,22.161
872,17,51,91.7697843137255,89.202,1.0,21.556,21.556
872,18,32,91.09421875,88.926,1.0,23.375,23.375
872,20,47,91.0069574468085,88.713,2.0,37.311,18.6555
872,30,53,90.80150943396225,87.718,2.0,44.557,22.2785
872,37,52,93.32432692307692,90.398,1.0,23.488,23.488
872,39,52,93.61025,91.086,1.0,31.745,31.745
872,155,53,91.03998113207547,89.032,1.0,22.874,22.874
872,807,50,91.52758,88.578,1.0,22.746,22.746
872,808,52,92.3561346153846,89.066,2.0,44.992999999999995,22.496499999999997
872,811,53,91.12009433962264,88.742,1.0,22.985,22.985
872,813,53,91.13024528301887,88.053,2.0,44.784,22.392
872,814,53,90.98637735849057,89.068,1.0,22.19,22.19
872,815,53,90.29390566037736,87.562,1.0,22.472,22.472
872,816,53,91.64305660377359,88.677,1.0,21.962,21.962
872,817,53,91.16107547169811,88.621,1.0,21.72,21.72
872,818,8,93.734625,91.962,,,
872,819,52,92.56615384615384,89.753,2.0,46.085,23.0425
873,1,22,117.81268181818183,115.541,1.0,29.124,29.124
873,3,59,123.06657627118643,113.897,2.0,59.233000000000004,29.616500000000002
873,4,59,122.73510169491526,112.709,2.0,58.747,29.3735
873,5,59,124.30696610169491,115.106,3.0,90.771,30.257
873,8,59,123.08310169491526,113.785,2.0,59.039,29.5195
873,10,59,124.03494915254238,116.057,2.0,62.992000000000004,31.496000000000002
873,13,59,123.20293220338984,113.997,3.0,90.816,30.272000000000002
873,17,59,123.27659322033898,112.778,3.0,87.985,29.328333333333333
873,18,59,122.62886440677966,112.625,2.0,59.681,29.8405
873,20,59,122.47701694915254,112.134,2.0,60.254000000000005,30.127000000000002
873,30,38,124.49592105263157,116.047,2.0,61.217,30.6085
873,37,58,124.64777586206897,117.671,3.0,109.768,36.589333333333336
873,39,30,122.72723333333333,118.507,1.0,32.436,32.436
873,154,59,123.09901694915254,114.123,2.0,63.833,31.9165
873,155,59,124.12347457627118,111.69,3.0,97.681,32.56033333333333
873,807,59,124.16198305084745,111.033,3.0,95.577,31.858999999999998
873,808,57,127.353,115.14,4.0,138.048,34.512
873,811,57,123.66631578947369,113.61,3.0,91.82900000000001,30.60966666666667
873,813,36,122.59066666666668,115.12,3.0,91.755,30.584999999999997
873,814,59,122.8001186440678,112.931,2.0,61.055,30.5275
873,815,59,123.33496610169492,113.726,2.0,60.26,30.13
873,817,59,123.25362711864408,114.267,2.0,60.781000000000006,30.390500000000003
873,818,38,124.48581578947368,113.51,2.0,60.397,30.1985
873,819,59,124.72998305084745,116.486,2.0,61.480999999999995,30.740499999999997
874,1,53,101.56098113207547,97.76,2.0,40.942,20.471
874,5,52,103.38667307692307,98.043,2.0,45.494,22.747
874,8,53,101.6352075471698,97.886,2.0,42.123000000000005,21.061500000000002
874,10,52,103.55084615384615,98.756,2.0,42.182,21.091
874,13,53,101.07322641509434,96.894,2.0,41.714,20.857
874,17,53,101.71541509433962,97.128,2.0,53.153000000000006,26.576500000000003
874,18,53,101.15735849056604,96.606,2.0,41.332,20.666
874,20,53,100.68381132075471,95.774,2.0,40.854,20.427
874,30,53,101.9624716981132,96.942,2.0,41.022000000000006,20.511000000000003
874,37,52,104.4491153846154,99.351,2.0,48.774,24.387
874,39,32,106.2735625,101.388,1.0,23.227,23.227
874,154,51,103.00643137254902,98.277,3.0,83.265,27.755
874,155,53,101.1467924528302,96.679,2.0,41.545,20.7725
874,807,53,101.64907547169811,97.938,2.0,42.695,21.3475
874,808,52,104.33394230769231,98.344,3.0,56.985,18.995
874,811,53,102.35756603773585,96.819,4.0,84.764,21.191
874,813,53,101.67181132075471,97.771,2.0,42.479,21.2395
874,814,53,102.2585283018868,97.535,2.0,42.407,21.2035
874,815,18,106.09055555555557,98.983,1.0,21.273,21.273
874,817,53,101.94643396226415,97.455,2.0,43.459999999999994,21.729999999999997
874,818,53,102.35635849056604,97.533,2.0,43.959,21.9795
874,819,37,106.42464864864866,100.493,2.0,63.848,31.924
875,1,55,106.69714545454546,102.721,3.0,59.862,19.954
875,3,1,118.108,118.108,,,
875,4,55,105.50172727272728,102.442,2.0,40.019999999999996,20.009999999999998
875,5,54,108.5580925925926,104.955,2.0,43.385000000000005,21.692500000000003
875,8,55,105.91618181818183,102.822,2.0,41.223,20.6115
875,10,54,108.75462962962963,105.236,2.0,42.828,21.414
875,13,55,105.61489090909092,102.242,2.0,41.462,20.731
875,17,55,105.39785454545454,102.037,2.0,39.427,19.7135
875,20,55,105.2482,102.499,2.0,39.631,19.8155
875,30,55,106.87076363636365,103.184,2.0,40.363,20.1815
875,37,16,111.84175,109.861,,,
875,39,53,110.79075471698113,107.068,1.0,22.749,22.749
875,154,55,106.24478181818182,102.783,2.0,42.616,21.308
875,155,16,115.45825,107.066,2.0,46.989000000000004,23.494500000000002
875,807,55,106.07185454545454,102.645,2.0,43.107,21.5535
875,808,54,108.35957407407408,105.013,2.0,43.858999999999995,21.929499999999997
875,811,55,107.01005454545455,103.411,2.0,44.699,22.3495
875,813,55,106.97409090909092,102.679,1.0,21.137,21.137
875,814,55,106.78361818181818,103.517,2.0,41.022999999999996,20.511499999999998
875,815,55,106.70387272727272,102.495,2.0,45.175,22.5875
875,817,55,106.55341818181819,103.148,2.0,40.955,20.4775
875,818,55,106.51345454545455,102.721,2.0,42.053,21.0265
875,819,53,109.27103773584905,104.462,2.0,43.321,21.6605
876,1,60,91.41088333333333,88.944,1.0,20.852,20.852
876,3,60,92.54063333333333,89.492,1.0,21.49,21.49
876,4,60,91.33635000000001,88.63,1.0,20.8,20.8
876,5,59,94.08725423728814,90.786,1.0,22.967,22.967
876,8,60,91.93285,89.354,1.0,21.404,21.404
876,10,58,94.75079310344827,91.721,1.0,27.303,27.303
876,13,60,91.92363333333333,89.283,1.0,21.1,21.1
876,17,60,91.39935000000001,89.029,1.0,20.808,20.808
876,18,60,91.61683333333333,88.203,1.0,21.509,21.509
876,20,60,91.17906666666667,88.723,1.0,20.707,20.707
876,30,55,94.23776363636364,89.23,2.0,46.358000000000004,23.179000000000002
876,37,42,95.95388095238094,92.864,1.0,23.83,23.83
876,39,58,95.44387931034483,92.161,1.0,24.544,24.544
876,154,60,92.11411666666667,89.522,1.0,20.976,20.976
876,155,60,92.62065,89.204,1.0,22.726,22.726
876,807,60,92.0957,89.23,1.0,21.654,21.654
876,808,59,93.94028813559322,91.163,1.0,22.445,22.445
876,811,60,92.42864999999999,88.431,1.0,22.047,22.047
876,813,59,93.77003389830509,90.067,2.0,50.056,25.028
876,814,60,92.55931666666666,89.086,1.0,23.948,23.948
876,815,20,97.5186,92.208,2.0,45.843999999999994,22.921999999999997
876,817,60,92.61346666666665,89.44,1.0,22.637,22.637
876,818,59,93.76005084745762,90.091,2.0,46.755,23.3775
876,819,59,94.2597627118644,91.366,1.0,22.692,22.692
877,1,19,123.225,107.266,,,
877,3,7,115.42271428571429,109.34,1.0,29.277,29.277
877,4,55,115.62761818181818,104.09,1.0,19.368,19.368
877,5,55,116.48056363636363,107.115,1.0,23.032,23.032
877,8,55,115.61212727272728,104.458,1.0,20.278,20.278
877,10,55,116.6389090909091,107.661,1.0,19.884,19.884
877,13,55,116.02841818181818,105.7,1.0,19.585,19.585
877,17,37,116.77275675675676,106.959,1.0,19.066,19.066
877,18,55,115.7537090909091,104.533,1.0,19.455,19.455
877,20,55,115.68781818181817,103.964,2.0,44.879999999999995,22.439999999999998
877,30,55,116.12258181818181,105.225,2.0,40.971000000000004,20.485500000000002
877,37,55,116.91718181818182,108.619,1.0,22.272,22.272
877,39,7,115.12642857142856,112.238,,,
877,154,37,116.72602702702703,107.521,2.0,47.074,23.537
877,155,55,115.97714545454546,105.423,1.0,19.529,19.529
877,808,55,116.78658181818182,108.308,1.0,20.769,20.769
877,811,55,116.04016363636363,105.693,1.0,22.587,22.587
877,813,55,115.84861818181818,104.833,1.0,20.723,20.723
877,814,55,116.0514,105.617,3.0,66.76400000000001,22.25466666666667
877,815,55,116.64427272727272,105.41,3.0,79.775,26.59166666666667
877,817,55,116.11145454545455,105.903,2.0,41.353,20.6765
877,818,55,116.24678181818182,106.113,2.0,40.204,20.102
877,819,41,118.7570243902439,109.079,1.0,21.941,21.941
878,1,56,102.7726607142857,99.709,1.0,20.814,20.814
878,3,56,104.299625,100.428,1.0,21.346,21.346
878,4,56,103.47317857142856,99.672,1.0,24.439,24.439
878,5,55,106.22590909090908,103.072,1.0,22.713,22.713
878,8,56,103.92310714285715,99.474,1.0,24.84,24.84
878,10,55,106.24441818181818,103.324,1.0,23.092,23.092
878,13,56,103.59432142857143,99.402,1.0,21.52,21.52
878,17,16,105.1954375,103.599,,,
878,18,56,103.780375,100.15,1.0,21.445,21.445
878,20,56,102.78471428571429,99.347,1.0,20.904,20.904
878,30,55,105.06576363636364,100.923,2.0,43.56,21.78
878,37,54,107.91785185185185,104.664,1.0,24.798,24.798
878,39,54,108.13783333333333,104.508,1.0,24.497,24.497
878,154,56,104.02825,100.625,1.0,21.19,21.19
878,155,55,104.8678,100.315,1.0,24.079,24.079
878,807,56,104.090375,101.048,1.0,22.099,22.099
878,808,55,106.0868,102.824,1.0,22.762,22.762
878,811,56,104.11432142857143,100.745,1.0,22.143,22.143
878,813,56,104.1034642857143,100.719,1.0,22.342,22.342
878,814,55,105.04416363636363,100.594,2.0,44.942,22.471
878,815,56,104.27875,100.701,1.0,22.079,22.079
878,817,56,104.28821428571429,100.772,1.0,22.651,22.651
878,818,14,108.02671428571429,104.775,,,
878,819,54,106.88196296296296,102.481,1.0,22.379,22.379
879,1,54,87.26598148148148,78.069,2.0,46.016000000000005,23.008000000000003
879,3,70,90.91931428571428,80.266,4.0,100.854,25.2135
879,4,71,89.09028169014086,78.623,3.0,67.334,22.444666666666667
879,5,70,90.82207142857143,79.256,5.0,129.292,25.8584
879,8,70,90.33745714285713,79.444,3.0,76.581,25.527
879,10,70,90.94548571428571,79.686,4.0,93.053,23.26325
879,13,71,89.10240845070423,78.879,3.0,66.703,22.234333333333336
879,17,71,89.12101408450704,78.903,3.0,65.365,21.78833333333333
879,18,71,89.05149295774648,78.108,2.0,43.006,21.503
879,20,71,89.1846338028169,79.09,4.0,93.201,23.30025
879,30,71,89.21919718309859,80.158,4.0,92.536,23.134
879,37,69,91.65878260869565,81.085,4.0,102.245,25.56125
879,39,69,92.12726086956522,81.544,4.0,104.957,26.23925
879,154,5,85.321,82.184,,,
879,155,71,89.49163380281689,78.973,3.0,84.343,28.114333333333335
879,807,71,89.13188732394366,78.21,3.0,57.725,19.241666666666667
879,808,70,90.42725714285714,80.528,3.0,73.185,24.395
879,813,1,90.97,90.97,,,
879,814,68,88.83629411764706,79.314,3.0,72.089,24.029666666666667
879,817,70,90.47124285714285,79.308,5.0,110.36,22.072
879,818,71,89.45505633802817,78.983,4.0,91.701,22.92525
879,819,70,90.4515142857143,80.31,3.0,70.255,23.418333333333333
880,1,58,93.94458620689655,89.759,3.0,65.94800000000001,21.98266666666667
880,3,26,95.1538076923077,92.259,1.0,22.274,22.274
880,4,58,93.37372413793103,89.56,3.0,65.102,21.700666666666667
880,8,58,93.15905172413792,89.274,2.0,44.89,22.445
880,13,58,93.73796551724138,90.239,3.0,64.774,21.591333333333335
880,16,58,94.28091379310345,90.71,2.0,45.442,22.721
880,17,58,93.96594827586208,89.732,3.0,67.472,22.490666666666666
880,18,58,94.56646551724138,90.198,3.0,67.391,22.46366666666667
880,20,58,93.5443275862069,90.409,3.0,66.107,22.035666666666668
880,154,58,94.58593103448275,90.395,3.0,66.906,22.302000000000003
880,813,24,97.001,92.915,1.0,23.099,23.099
880,814,58,94.33920689655173,90.894,2.0,46.061,23.0305
880,815,58,94.59641379310345,89.926,3.0,67.386,22.462
880,817,39,95.9592564102564,90.881,2.0,47.611999999999995,23.805999999999997
880,818,58,94.60486206896552,89.498,3.0,70.922,23.640666666666664
880,819,56,96.76596428571429,92.261,2.0,46.903,23.4515
880,820,56,97.37951785714286,92.21,3.0,90.35,30.116666666666664
880,821,57,95.30380701754386,91.415,2.0,44.631,22.3155
880,822,57,95.43452631578948,90.652,3.0,70.803,23.601
880,823,56,97.85498214285714,92.636,3.0,71.855,23.951666666666668
880,824,57,96.51394736842106,90.454,3.0,69.42699999999999,23.14233333333333
881,1,56,106.22967857142856,101.001,4.0,89.218,22.3045
881,3,56,106.237875,100.755,4.0,86.423,21.60575
881,4,1,125.239,125.239,,,
881,8,56,106.87785714285714,101.769,3.0,70.485,23.495
881,13,56,106.47016071428571,99.805,4.0,86.569,21.64225
881,16,27,113.80870370370371,102.791,2.0,127.234,63.617
881,17,56,106.08891071428572,100.685,4.0,83.396,20.849
881,18,53,108.20867924528301,100.556,3.0,148.309,49.43633333333333
881,20,56,106.01216071428571,100.446,4.0,84.713,21.17825
881,154,56,106.64723214285715,101.226,3.0,66.302,22.10066666666667
881,807,56,106.959375,100.727,4.0,90.522,22.6305
881,813,45,109.93104444444444,103.465,3.0,80.00099999999999,26.666999999999998
881,814,22,117.39527272727273,103.094,2.0,166.837,83.4185
881,815,56,107.30425,99.199,4.0,85.181,21.29525
881,817,51,108.56111764705882,102.581,3.0,66.812,22.270666666666667
881,818,56,107.56794642857143,100.492,3.0,92.55600000000001,30.852000000000004
881,819,55,109.62490909090909,102.942,4.0,116.66,29.165
881,820,54,110.26825925925925,103.15,4.0,97.419,24.35475
881,821,55,108.02170909090908,100.929,4.0,91.908,22.977
881,822,56,107.59448214285715,101.373,3.0,75.94200000000001,25.314000000000004
881,823,55,109.78825454545455,103.157,4.0,93.82,23.455
881,824,55,109.00232727272727,102.423,4.0,94.65299999999999,23.663249999999998
882,1,56,103.5583392857143,99.981,3.0,60.563,20.18766666666667
882,3,21,109.13847619047618,103.378,3.0,64.92,21.64
882,4,56,103.33830357142857,99.506,3.0,61.252,20.417333333333335
882,8,56,103.519875,99.955,3.0,61.976,20.658666666666665
882,13,56,104.06735714285715,100.284,3.0,60.229,20.076333333333334
882,16,5,107.81,104.257,,,
882,17,15,106.63053333333335,103.416,2.0,48.242999999999995,24.121499999999997
882,18,56,103.96839285714286,98.058,2.0,39.76,19.88
882,20,56,103.5619642857143,96.808,3.0,59.598,19.866
882,154,56,104.29228571428571,100.563,3.0,60.478,20.159333333333333
882,807,56,104.34898214285714,100.63,3.0,63.122,21.040666666666667
882,813,56,105.04282142857143,100.968,3.0,63.293,21.097666666666665
882,814,56,104.25051785714285,100.101,3.0,60.748999999999995,20.249666666666666
882,815,56,104.47866071428571,101.281,2.0,40.222,20.111
882,817,56,104.10064285714286,100.24,3.0,65.611,21.870333333333335
882,818,56,104.63480357142856,100.138,3.0,61.928,20.642666666666667
882,819,55,105.4704,101.997,3.0,64.742,21.58066666666667
882,820,55,106.12265454545454,101.978,3.0,71.305,23.768333333333334
882,821,4,106.8475,104.775,,,
882,822,56,105.01439285714285,98.2,3.0,65.321,21.773666666666667
882,823,55,106.69074545454545,102.357,3.0,62.715,20.905
882,824,55,105.43305454545455,101.537,3.0,66.556,22.185333333333332
883,1,57,101.67943859649122,98.204,3.0,65.116,21.705333333333332
883,3,57,101.78287719298245,97.588,4.0,86.018,21.5045
883,4,57,101.72056140350878,97.204,4.0,86.803,21.70075
883,8,57,101.22121052631579,98.164,2.0,44.438,22.219
883,13,57,102.57652631578948,98.839,4.0,92.713,23.17825
883,16,57,102.40731578947369,97.07,3.0,71.04,23.680000000000003
883,17,57,101.71477192982456,98.557,3.0,64.05,21.349999999999998
883,18,57,101.87945614035087,97.743,4.0,87.913,21.97825
883,20,57,101.06136842105262,96.961,3.0,64.856,21.618666666666666
883,154,57,101.40359649122807,97.627,3.0,67.769,22.58966666666667
883,807,57,102.3408947368421,98.77,3.0,66.87,22.290000000000003
883,813,57,102.22715789473683,98.962,3.0,67.459,22.486333333333334
883,814,57,101.44254385964913,98.336,2.0,44.484,22.242
883,815,57,101.69291228070176,97.913,3.0,63.951,21.317
883,817,56,102.97471428571428,99.579,3.0,67.18,22.393333333333334
883,818,16,112.1510625,103.107,1.0,41.485,41.485
883,819,56,103.14905357142857,99.546,3.0,68.751,22.917
883,820,56,104.0434642857143,99.279,4.0,95.44200000000001,23.860500000000002
883,821,56,103.15958928571429,98.202,4.0,94.783,23.69575
883,822,57,102.49138596491227,98.192,3.0,74.974,24.991333333333333
883,823,55,105.74067272727272,99.334,5.0,119.301,23.8602
883,824,56,103.82410714285714,98.756,4.0,94.4,23.6
884,1,65,91.80869230769231,87.895,4.0,81.307,20.32675
884,3,66,91.28206060606061,87.591,3.0,58.798,19.599333333333334
884,4,66,90.25145454545455,86.681,4.0,76.851,19.21275
884,8,66,90.39293939393939,86.757,3.0,59.905,19.968333333333334
884,13,66,90.64613636363637,86.394,4.0,77.19,19.2975
884,16,65,91.816,86.564,4.0,136.85399999999998,34.213499999999996
884,17,66,90.97816666666667,87.017,4.0,76.92,19.23
884,18,66,91.45609090909092,87.957,3.0,57.296,19.098666666666666
884,20,66,90.83134848484848,87.036,4.0,75.559,18.88975
884,154,8,97.4195,91.136,,,
884,807,65,92.11018461538461,86.586,6.0,135.005,22.500833333333333
884,813,65,92.0883076923077,87.849,5.0,97.133,19.4266
884,814,66,91.29672727272728,86.776,4.0,79.71000000000001,19.927500000000002
884,815,66,91.4899090909091,87.251,4.0,79.687,19.92175
884,817,65,91.72926153846153,88.083,4.0,79.25,19.8125
884,818,52,93.38542307692308,88.231,4.0,95.54499999999999,23.886249999999997
884,819,65,92.8837076923077,89.362,3.0,62.806000000000004,20.935333333333336
884,820,64,93.56609375,88.011,3.0,68.21600000000001,22.73866666666667
884,821,65,91.73393846153846,86.217,4.0,81.538,20.3845
884,822,65,92.84676923076924,89.747,3.0,61.612,20.537333333333333
884,823,21,99.91266666666667,90.597,2.0,43.715,21.8575
884,824,64,93.1384375,88.884,4.0,90.384,22.596
885,1,78,106.23012820512821,78.133,1.0,24.801,24.801
885,3,78,106.052,78.327,1.0,25.2,25.2
885,4,78,106.3947435897436,79.34,1.0,24.489,24.489
885,8,78,106.521,77.392,2.0,49.545,24.7725
885,13,28,84.28967857142857,80.064,1.0,25.331,25.331
885,16,78,106.32734615384615,78.292,1.0,25.274,25.274
885,17,78,106.13294871794872,78.262,1.0,24.316,24.316
885,18,78,106.34819230769232,78.72,1.0,24.585,24.585
885,20,78,106.10184615384615,76.577,1.0,24.375,24.375
885,154,63,111.51014285714285,80.969,2.0,64.545,32.2725
885,807,78,106.59779487179487,79.853,1.0,24.974,24.974
885,813,44,89.06668181818182,80.881,2.0,66.65299999999999,33.326499999999996
885,814,78,106.40594871794872,79.215,1.0,25.643,25.643
885,815,72,108.57036111111111,79.53,1.0,24.672,24.672
885,817,61,111.1317049180328,79.426,1.0,25.225,25.225
885,818,78,106.40101282051283,79.151,1.0,24.827,24.827
885,819,7,85.71485714285714,82.772,,,
885,820,78,106.69155128205128,79.016,3.0,71.088,23.695999999999998
885,821,78,106.606,78.685,2.0,51.29,25.645
885,822,78,106.59932051282051,80.921,1.0,29.063,29.063
885,823,78,106.85443589743589,80.494,3.0,86.638,28.879333333333335
885,824,58,114.19639655172415,80.617,2.0,50.313,25.1565
886,1,70,79.2155,76.354,2.0,41.535,20.7675
886,3,70,79.98382857142857,76.534,3.0,63.416,21.138666666666666
886,4,70,79.19358571428572,76.203,2.0,41.147999999999996,20.573999999999998
886,8,69,80.60350724637682,77.766,1.0,25.182,25.182
886,13,69,80.56450724637682,76.939,2.0,40.845,20.4225
886,16,69,80.63943478260869,77.694,3.0,58.278000000000006,19.426000000000002
886,17,70,79.35534285714286,76.182,2.0,43.425,21.7125
886,18,69,80.6960579710145,77.458,1.0,20.212,20.212
886,20,70,78.98775714285713,76.561,2.0,41.733000000000004,20.866500000000002
886,154,69,80.87727536231884,77.607,2.0,42.43300000000001,21.216500000000003
886,807,45,82.07877777777779,79.056,2.0,42.637,21.3185
886,813,68,81.92701470588234,78.105,3.0,60.64,20.213333333333335
886,814,69,80.53560869565217,77.841,1.0,21.066,21.066
886,815,69,80.6580579710145,77.369,2.0,41.232,20.616
886,817,68,81.4060588235294,78.257,2.0,42.538,21.269
886,818,69,80.39959420289854,77.909,2.0,42.638999999999996,21.319499999999998
886,819,67,82.53728358208956,79.38,2.0,44.217,22.1085
886,820,67,82.85285074626866,79.566,1.0,21.374,21.374
886,821,63,81.86490476190477,79.478,2.0,43.541,21.7705
886,822,69,81.19542028985508,78.004,2.0,46.66,23.33
886,823,43,85.91727906976743,81.811,4.0,97.928,24.482
886,824,68,82.24638235294117,78.873,1.0,21.378,21.378
887,1,52,107.44638461538462,94.159,2.0,53.661,26.8305
887,3,52,107.29723076923077,93.531,3.0,75.319,25.106333333333335
887,4,52,107.43423076923077,94.09,3.0,74.379,24.793000000000003
887,8,52,107.51371153846154,95.384,2.0,49.42,24.71
887,13,52,107.57748076923076,95.273,4.0,109.162,27.2905
887,16,52,107.6113653846154,95.684,2.0,49.965,24.9825
887,17,52,107.3119423076923,93.401,3.0,80.702,26.900666666666666
887,18,52,107.7966346153846,95.853,2.0,49.102000000000004,24.551000000000002
887,20,41,106.39034146341463,94.486,2.0,48.251,24.1255
887,154,51,107.97392156862746,95.614,3.0,75.387,25.129
887,807,52,107.67625,95.868,3.0,80.803,26.93433333333333
887,813,52,107.70367307692308,95.818,2.0,50.519,25.2595
887,814,52,107.64228846153847,95.33,3.0,83.504,27.834666666666667
887,815,46,109.37165217391303,95.146,2.0,49.623999999999995,24.811999999999998
887,817,52,107.61536538461539,95.542,2.0,55.675,27.8375
887,818,35,108.94505714285714,98.37,2.0,55.735,27.8675
887,819,52,107.90517307692308,97.091,2.0,52.562,26.281
887,820,52,108.5983846153846,99.156,2.0,51.732,25.866
887,821,52,107.80271153846154,95.805,4.0,108.394,27.0985
887,822,52,107.77980769230768,96.312,2.0,62.082,31.041
887,823,52,108.60028846153847,98.722,3.0,78.72,26.24
887,824,52,107.99140384615384,97.978,2.0,51.656,25.828
888,1,60,101.69396666666665,94.156,3.0,58.123999999999995,19.374666666666666
888,3,60,102.02553333333334,94.181,3.0,61.581,20.527
888,4,60,101.37386666666667,93.468,3.0,59.214,19.738
888,8,60,101.26198333333333,93.767,3.0,59.296,19.765333333333334
888,13,3,100.35833333333333,98.89,,,
888,16,60,102.20748333333334,95.816,3.0,61.913,20.637666666666664
888,17,60,101.87121666666665,94.782,3.0,201.954,67.318
888,18,60,101.71178333333334,94.201,2.0,40.504000000000005,20.252000000000002
888,20,60,101.24518333333333,94.164,3.0,58.135999999999996,19.378666666666664
888,154,60,101.34235000000001,94.576,3.0,59.871,19.957
888,807,60,102.07671666666666,94.244,3.0,62.147,20.715666666666667
888,813,60,102.27733333333333,94.293,2.0,56.527,28.2635
888,814,60,102.14136666666667,96.566,2.0,42.03,21.015
888,815,60,101.88361666666667,96.134,2.0,40.864999999999995,20.432499999999997
888,817,60,102.19476666666667,95.982,3.0,59.994,19.998
888,818,22,101.86627272727272,99.281,1.0,23.147,23.147
888,819,59,103.56793220338983,97.584,3.0,67.07300000000001,22.35766666666667
888,820,59,103.73584745762713,98.383,4.0,82.679,20.66975
888,821,60,102.24785,95.792,3.0,60.845,20.281666666666666
888,822,59,103.11772881355932,93.972,2.0,79.491,39.7455
888,823,59,103.65425423728813,98.509,3.0,63.419,21.139666666666667
888,824,21,103.10361904761905,99.844,2.0,41.211,20.6055
890,1,70,87.8492142857143,84.647,3.0,65.43,21.810000000000002
890,3,64,88.82890625,85.089,3.0,66.497,22.165666666666667
890,4,70,88.29794285714286,85.394,3.0,65.601,21.867
890,8,70,88.00547142857143,85.26,2.0,43.804,21.902
890,13,70,88.6556,85.176,3.0,66.377,22.125666666666664
890,16,19,90.82636842105262,88.548,,,
890,17,70,88.10698571428571,84.069,3.0,66.133,22.04433333333333
890,18,70,88.61805714285714,86.195,2.0,44.602999999999994,22.301499999999997
890,20,70,88.0272,84.553,3.0,64.872,21.624
890,154,70,88.31057142857144,85.328,4.0,83.225,20.80625
890,807,69,89.83826086956522,86.74,3.0,61.42100000000001,20.47366666666667
890,813,69,89.41230434782608,85.597,3.0,68.779,22.926333333333332
890,814,66,90.08866666666667,86.608,3.0,68.504,22.834666666666667
890,815,69,89.15313043478261,86.143,2.0,45.045,22.5225
890,817,69,89.85376811594203,86.863,2.0,46.028999999999996,23.014499999999998
890,818,69,89.84491304347826,86.491,3.0,68.783,22.927666666666667
890,819,68,91.06308823529412,87.725,2.0,44.915,22.4575
890,820,67,92.67276119402985,88.16,3.0,67.881,22.627
890,821,28,91.66135714285714,89.135,1.0,22.425,22.425
890,822,42,91.11354761904762,87.127,2.0,44.635,22.3175
890,823,68,90.96935294117648,87.473,3.0,68.41499999999999,22.804999999999996
890,824,67,92.0324776119403,88.25,3.0,67.41,22.47
891,1,44,114.77113636363637,111.596,2.0,46.07899999999999,23.039499999999997
891,3,44,114.81972727272728,111.582,2.0,46.616,23.308
891,4,44,114.52420454545454,111.383,2.0,45.075,22.5375
891,8,25,117.07392,113.688,1.0,23.744,23.744
891,13,44,115.36631818181817,112.182,2.0,45.506,22.753
891,16,44,115.72143181818183,112.226,2.0,46.982,23.491
891,17,44,114.91002272727272,111.397,2.0,46.481,23.2405
891,18,44,115.06795454545454,110.823,2.0,45.782,22.891
891,20,44,114.14081818181818,110.756,2.0,45.569,22.7845
891,154,44,115.41004545454545,112.497,1.0,23.445,23.445
891,807,44,116.14668181818182,113.11,2.0,47.553,23.7765
891,813,43,117.76130232558138,112.579,3.0,93.181,31.060333333333332
891,814,26,117.70242307692308,114.757,2.0,47.015,23.5075
891,815,44,116.003,113.472,2.0,39.975,19.9875
891,817,44,115.8105909090909,110.967,2.0,46.015,23.0075
891,818,44,116.11218181818182,113.065,2.0,48.609,24.3045
891,819,8,121.44675,117.33,,,
891,820,42,119.7627619047619,114.924,3.0,65.356,21.78533333333333
891,821,44,116.42345454545455,111.849,3.0,62.906,20.968666666666667
891,822,44,116.583,112.688,2.0,46.951,23.4755
891,823,43,117.71123255813954,113.995,2.0,48.966,24.483
891,824,43,118.91746511627908,114.894,2.0,48.044,24.022
892,1,53,89.56375471698112,85.849,2.0,48.775000000000006,24.387500000000003
892,3,53,89.13869811320754,86.5,1.0,24.079,24.079
892,4,53,89.03432075471699,86.797,1.0,24.208,24.208
892,8,53,89.66126415094341,86.948,2.0,55.739000000000004,27.869500000000002
892,13,53,89.1077924528302,87.095,1.0,24.692,24.692
892,16,52,89.91334615384616,87.418,1.0,26.873,26.873
892,17,53,89.05098113207546,86.69,1.0,24.205,24.205
892,18,53,89.65432075471699,87.83,1.0,24.45,24.45
892,20,53,88.93116981132076,87.19,1.0,24.305,24.305
892,154,53,89.5562641509434,87.043,1.0,27.04,27.04
892,807,53,89.12654716981133,86.716,1.0,25.633,25.633
892,813,53,89.85730188679246,86.981,1.0,25.397,25.397
892,815,53,89.68145283018868,87.607,1.0,25.933,25.933
892,817,53,89.54115094339622,87.294,1.0,24.319,24.319
892,818,14,90.79342857142856,89.71,,,
892,819,52,91.49751923076923,88.62,2.0,51.932,25.966
892,820,52,92.16398076923076,89.491,1.0,26.146,26.146
892,821,53,89.70249056603774,87.092,1.0,24.668,24.668
892,822,53,90.00337735849057,87.166,1.0,24.665,24.665
892,823,52,91.78786538461539,88.663,2.0,59.502,29.751
892,824,52,91.92886538461539,89.595,1.0,25.541,25.541
893,1,61,118.13591803278688,109.916,2.0,59.117000000000004,29.558500000000002
893,3,61,118.1030655737705,110.353,2.0,58.828,29.414
893,4,61,117.79932786885246,111.082,2.0,58.611999999999995,29.305999999999997
893,8,61,117.98445901639344,111.14,2.0,62.482,31.241
893,13,61,118.31162295081967,110.509,3.0,87.749,29.249666666666666
893,16,61,118.65245901639345,109.656,3.0,91.074,30.358
893,17,60,118.33765,109.783,2.0,57.94,28.97
893,18,61,118.63091803278688,111.74,2.0,59.369,29.6845
893,20,61,117.26445901639345,108.574,2.0,57.721000000000004,28.860500000000002
893,154,37,123.56486486486487,111.097,3.0,133.00400000000002,44.33466666666667
893,807,61,118.64578688524591,112.186,2.0,60.163,30.0815
893,813,61,118.7149344262295,110.708,3.0,90.58500000000001,30.195000000000004
893,814,54,118.83744444444444,110.739,2.0,59.444,29.722
893,815,61,118.63855737704918,111.926,2.0,58.105000000000004,29.052500000000002
893,817,23,116.76056521739132,113.052,1.0,32.097,32.097
893,818,61,119.12531147540983,110.328,3.0,90.449,30.149666666666665
893,819,60,119.81105000000001,110.99,3.0,95.39500000000001,31.798333333333336
893,820,60,119.68985,113.041,3.0,91.357,30.452333333333332
893,821,61,118.86927868852459,112.007,2.0,61.07,30.535
893,822,61,118.98840983606557,111.706,3.0,96.418,32.13933333333333
893,823,60,119.57058333333333,112.472,3.0,98.00200000000001,32.66733333333334
893,824,60,119.80858333333333,112.898,4.0,121.06,30.265
894,1,55,113.07192727272728,102.539,2.0,44.521,22.2605
894,3,55,113.09816363636364,102.471,2.0,65.844,32.922
894,4,55,113.08890909090908,102.709,2.0,45.015,22.5075
894,8,55,112.68954545454545,101.975,2.0,46.16,23.08
894,13,55,113.23801818181819,102.954,2.0,44.875,22.4375
894,16,50,115.45786,104.095,4.0,143.40800000000002,35.852000000000004
894,17,36,114.36836111111111,103.863,3.0,68.795,22.93166666666667
894,18,55,113.19932727272727,103.073,2.0,52.894000000000005,26.447000000000003
894,20,55,112.61274545454545,101.38,2.0,45.596999999999994,22.798499999999997
894,154,55,112.70232727272727,101.936,2.0,45.286,22.643
894,807,55,113.05118181818182,102.608,2.0,47.766,23.883
894,813,55,113.52207272727273,104.136,2.0,47.111999999999995,23.555999999999997
894,814,24,110.18770833333333,106.411,2.0,47.668,23.834
894,815,55,113.25192727272727,102.973,2.0,61.794,30.897
894,817,52,113.78346153846154,102.947,2.0,47.086,23.543
894,818,53,114.22049056603774,104.09,3.0,72.338,24.112666666666666
894,819,55,113.76870909090908,104.477,2.0,48.686,24.343
894,820,55,113.93816363636364,105.408,2.0,50.06,25.03
894,821,55,113.26710909090909,102.744,2.0,46.504000000000005,23.252000000000002
894,822,55,113.46818181818182,103.869,2.0,48.152,24.076
894,823,55,113.78549090909091,104.375,3.0,66.048,22.016000000000002
894,824,55,113.84856363636364,104.991,2.0,46.911,23.4555
895,1,7,113.20157142857144,101.202,1.0,25.297,25.297
895,3,53,99.64762264150943,94.65,4.0,85.94,21.485
895,4,53,99.14916981132075,95.877,2.0,45.483999999999995,22.741999999999997
895,8,53,99.18162264150943,95.516,2.0,46.602999999999994,23.301499999999997
895,13,53,99.97290566037736,97.001,3.0,63.638999999999996,21.212999999999997
895,16,52,100.50661538461539,97.367,2.0,47.287000000000006,23.643500000000003
895,17,53,98.42320754716981,94.587,3.0,69.485,23.161666666666665
895,18,53,99.81362264150943,95.549,3.0,72.83,24.276666666666667
895,20,53,98.28869811320754,95.317,2.0,45.789,22.8945
895,154,53,98.47567924528302,95.991,2.0,46.367999999999995,23.183999999999997
895,807,53,99.26256603773584,96.482,2.0,47.214,23.607
895,813,52,100.5513653846154,97.423,2.0,47.726,23.863
895,814,53,100.14854716981132,97.407,2.0,47.334,23.667
895,815,52,100.50888461538462,95.845,3.0,79.715,26.57166666666667
895,817,52,100.28073076923077,95.02,3.0,66.587,22.195666666666668
895,818,52,100.23865384615384,95.895,3.0,74.779,24.926333333333332
895,819,52,101.72161538461539,97.489,3.0,66.696,22.232
895,820,52,102.09098076923077,98.713,2.0,48.021,24.0105
895,821,53,99.64020754716981,96.499,2.0,47.071,23.5355
895,822,52,100.56255769230769,97.856,2.0,46.903999999999996,23.451999999999998
896,1,60,92.0777,89.052,2.0,47.120000000000005,23.560000000000002
896,3,60,91.70016666666668,88.816,2.0,47.58,23.79
896,4,60,92.50806666666666,88.709,3.0,77.461,25.820333333333334
896,8,60,92.33625,87.679,2.0,51.129999999999995,25.564999999999998
896,13,60,91.89798333333334,88.886,2.0,46.911,23.4555
896,16,60,92.44868333333334,88.419,1.0,23.891,23.891
896,17,39,92.46812820512821,89.5,2.0,46.946,23.473
896,18,59,92.81044067796611,88.814,3.0,72.045,24.015
896,20,60,91.20311666666667,88.116,2.0,47.568,23.784
896,154,60,91.86798333333334,88.796,1.0,23.648,23.648
896,807,54,93.21520370370371,88.947,3.0,77.987,25.995666666666665
896,813,60,92.51896666666666,89.012,2.0,51.842,25.921
896,814,60,92.41758333333333,89.3,2.0,47.686,23.843
896,815,60,91.93360000000001,88.503,2.0,48.451,24.2255
896,817,60,92.47373333333334,88.831,2.0,50.079,25.0395
896,818,59,92.80861016949153,89.28,2.0,48.36,24.18
896,819,35,97.35974285714286,92.907,2.0,56.052,28.026
896,820,58,94.55512068965517,90.335,2.0,49.202,24.601
896,821,59,93.0467966101695,88.682,3.0,68.49799999999999,22.832666666666665
896,822,59,93.05572881355933,88.928,2.0,53.528,26.764
896,823,1,162.39,162.39,,,
896,824,58,94.56756896551725,90.171,2.0,59.31999999999999,29.659999999999997
897,1,55,108.46132727272727,105.463,2.0,42.981,21.4905
897,3,55,107.63192727272728,104.458,2.0,43.286,21.643
897,4,55,108.24158181818181,103.434,2.0,42.983000000000004,21.491500000000002
897,13,55,108.52712727272727,105.447,2.0,43.8,21.9
897,16,55,108.71569090909091,105.609,1.0,22.048,22.048
897,17,55,107.58063636363637,104.364,2.0,43.086,21.543
897,18,55,108.90678181818181,106.336,2.0,48.69199999999999,24.345999999999997
897,20,55,107.02010909090909,103.893,2.0,43.57299999999999,21.786499999999997
897,154,55,107.65287272727272,104.301,2.0,43.913,21.9565
897,807,54,109.0124074074074,105.57,3.0,61.373,20.457666666666665
897,813,55,108.76536363636363,105.53,2.0,46.296,23.148
897,814,55,108.44145454545455,105.786,1.0,22.27,22.27
897,815,55,108.67825454545455,105.435,2.0,42.873000000000005,21.436500000000002
897,817,54,109.10066666666667,106.042,2.0,45.14,22.57
897,818,54,109.69292592592593,104.517,2.0,45.538,22.769
897,819,54,110.35285185185185,106.432,2.0,46.503,23.2515
897,820,53,111.58945283018868,107.707,2.0,46.292,23.146
897,821,55,108.91638181818182,105.974,2.0,44.754999999999995,22.377499999999998
897,822,54,109.02061111111111,104.351,2.0,50.041,25.0205
897,823,54,110.14712962962963,106.592,2.0,45.120000000000005,22.560000000000002
897,824,53,111.49728301886792,107.619,2.0,47.64,23.82
898,1,56,106.86617857142856,100.818,1.0,23.904,23.904
898,3,56,107.43373214285714,101.133,1.0,23.806,23.806
898,4,56,106.90607142857144,101.186,1.0,23.817,23.817
898,5,56,108.07519642857143,101.028,2.0,61.656,30.828
898,13,56,107.92967857142857,101.209,2.0,48.052,24.026
898,17,56,106.52757142857143,100.591,1.0,23.537,23.537
898,18,56,107.75760714285714,101.285,1.0,24.589,24.589
898,20,56,106.37764285714286,99.856,1.0,24.086,24.086
898,154,56,106.48985714285715,100.445,1.0,23.876,23.876
898,807,56,106.9205,100.952,1.0,24.03,24.03
898,813,55,108.62372727272728,103.058,1.0,32.794,32.794
898,814,56,108.10716071428571,101.148,2.0,49.358000000000004,24.679000000000002
898,815,56,107.21142857142857,101.83,1.0,23.808,23.808
898,817,56,107.82414285714286,102.119,1.0,24.226,24.226
898,818,56,107.88789285714286,101.32,1.0,24.381,24.381
898,819,55,109.92521818181818,103.968,2.0,46.260000000000005,23.130000000000003
898,820,54,110.66268518518518,103.775,2.0,43.03,21.515
898,821,56,108.01526785714286,101.401,2.0,49.886,24.943
898,822,56,107.35101785714285,100.492,1.0,25.014,25.014
898,823,55,109.37512727272727,103.933,1.0,25.268,25.268
898,824,55,109.33965454545454,103.419,1.0,26.205,26.205
899,1,71,79.28454929577465,76.692,3.0,64.463,21.487666666666666
899,3,71,78.80771830985915,76.442,2.0,46.081,23.0405
899,4,71,78.52412676056338,75.496,2.0,45.486999999999995,22.743499999999997
899,5,70,79.61178571428572,77.249,2.0,45.665,22.8325
899,13,71,78.94943661971831,76.47,3.0,62.364000000000004,20.788
899,16,70,79.46061428571429,76.049,3.0,70.143,23.381
899,17,71,78.40495774647887,75.436,2.0,51.730000000000004,25.865000000000002
899,18,71,78.78394366197183,76.45,2.0,46.534,23.267
899,20,71,78.25774647887323,75.624,2.0,55.409000000000006,27.704500000000003
899,154,2,84.3105,80.898,,,
899,807,71,79.1627042253521,76.802,2.0,47.123999999999995,23.561999999999998
899,813,70,80.03918571428572,77.554,2.0,50.334,25.167
899,814,70,79.44791428571429,76.855,2.0,46.56699999999999,23.283499999999997
899,815,71,78.87818309859155,76.246,2.0,44.988,22.494
899,817,70,79.42441428571429,76.974,2.0,46.061,23.0305
899,818,70,79.82725714285714,76.79,3.0,71.089,23.69633333333333
899,819,58,80.72687931034483,78.434,1.0,24.099,24.099
899,820,69,81.61773913043479,77.281,3.0,71.731,23.91033333333333
899,821,70,79.4554857142857,76.528,2.0,46.995000000000005,23.497500000000002
899,822,45,80.84382222222223,76.84,2.0,47.861000000000004,23.930500000000002
899,823,69,80.95702898550725,77.59,3.0,68.178,22.726
899,824,69,80.81479710144927,77.717,2.0,48.06,24.03
900,1,2,103.2075,100.287,,,
900,3,57,97.87210526315789,92.478,2.0,48.004,24.002
900,4,57,98.49112280701755,92.616,2.0,44.865,22.4325
900,8,57,98.88394736842105,93.691,2.0,47.367999999999995,23.683999999999997
900,16,56,99.7652142857143,94.564,1.0,24.305,24.305
900,18,57,98.39889473684211,93.186,2.0,44.81,22.405
900,20,3,114.128,109.947,,,
900,154,43,101.02709302325582,94.766,2.0,39.519,19.7595
900,807,57,98.76189473684211,93.21,2.0,45.548,22.774
900,813,29,104.03341379310345,97.332,1.0,22.847,22.847
900,815,57,99.37940350877193,93.366,3.0,70.564,23.52133333333333
900,817,57,98.30236842105262,93.066,2.0,45.421,22.7105
900,818,57,98.93247368421052,93.864,2.0,46.102000000000004,23.051000000000002
900,820,55,101.83761818181819,95.635,2.0,47.702,23.851
900,821,56,99.87421428571429,94.202,2.0,56.45399999999999,28.226999999999997
900,822,57,98.70787719298245,92.568,2.0,58.038,29.019
900,824,49,115.76002040816327,95.281,2.0,46.477000000000004,23.238500000000002
900,825,57,98.34187719298245,92.917,2.0,45.423,22.7115
900,826,57,98.98763157894737,92.634,2.0,54.434,27.217
900,828,27,105.0142962962963,97.064,1.0,23.238,23.238
901,1,56,107.60667857142856,103.066,3.0,74.384,24.794666666666668
901,3,56,107.91583928571428,103.96,3.0,74.664,24.888
901,4,56,108.24939285714285,104.165,3.0,73.32900000000001,24.443
901,8,55,110.13952727272726,105.129,3.0,75.062,25.020666666666667
901,13,56,109.12589285714286,104.897,3.0,73.74000000000001,24.580000000000002
901,16,32,111.43659375,108.04,2.0,51.491,25.7455
901,18,56,109.10116071428571,106.039,3.0,74.393,24.797666666666668
901,20,56,108.04478571428571,104.289,3.0,74.346,24.782
901,154,55,110.13701818181819,106.224,3.0,76.377,25.459
901,155,55,110.86814545454546,107.753,2.0,53.629,26.8145
901,807,56,108.44951785714285,105.982,2.0,50.223,25.1115
901,813,7,115.51528571428571,110.929,,,
901,817,49,112.70502040816326,104.675,5.0,227.99,45.598
901,818,18,116.10583333333332,108.527,2.0,72.227,36.1135
901,820,54,111.80816666666666,108.249,3.0,82.67699999999999,27.558999999999997
901,821,35,111.36962857142858,107.782,2.0,55.745000000000005,27.872500000000002
901,822,56,109.134125,105.475,3.0,74.482,24.827333333333332
901,824,8,128.704,111.473,1.0,52.836,52.836
901,825,55,109.60663636363637,105.373,3.0,92.19200000000001,30.730666666666668
901,826,55,110.09698181818182,106.695,3.0,77.87100000000001,25.957000000000004
901,828,54,111.80575925925926,107.5,3.0,82.58500000000001,27.528333333333336
902,1,57,104.96040350877192,97.108,2.0,49.833,24.9165
902,3,57,104.97943859649122,97.02,2.0,49.757999999999996,24.878999999999998
902,4,57,105.53224561403509,99.732,3.0,74.839,24.94633333333333
902,8,57,105.54745614035087,99.438,3.0,74.877,24.959
902,13,57,105.50891228070175,99.272,3.0,74.999,24.999666666666666
902,16,17,116.07882352941176,101.791,2.0,66.03999999999999,33.019999999999996
902,18,55,106.50696363636364,99.565,2.0,49.721000000000004,24.860500000000002
902,20,57,105.48459649122807,99.312,2.0,51.15,25.575
902,154,57,105.71729824561403,99.443,3.0,75.917,25.305666666666667
902,155,57,106.50250877192983,101.246,2.0,53.751999999999995,26.875999999999998
902,807,57,105.4631052631579,98.785,2.0,49.197,24.5985
902,813,57,106.06221052631578,99.666,4.0,118.958,29.7395
902,815,57,105.38263157894737,99.32,2.0,49.434,24.717
902,817,57,105.3900350877193,99.269,2.0,49.522,24.761
902,818,18,109.37861111111111,101.65,2.0,59.792,29.896
902,820,57,106.01143859649122,101.825,3.0,79.072,26.357333333333333
902,821,39,104.07179487179488,100.698,2.0,51.176,25.588
902,822,57,105.51963157894737,99.762,3.0,76.088,25.362666666666666
902,824,56,108.20651785714286,102.175,5.0,125.723,25.1446
902,825,40,103.87935,100.108,3.0,74.742,24.914
902,826,57,105.68570175438597,100.16,3.0,76.749,25.583
902,828,33,105.41957575757576,101.134,2.0,51.186,25.593
903,1,56,103.80017857142856,101.196,2.0,46.967,23.4835
903,3,56,104.13385714285714,100.402,2.0,46.366,23.183
903,4,56,104.26026785714285,102.081,2.0,45.723,22.8615
903,8,56,105.3,102.3,2.0,46.285,23.1425
903,13,55,106.46016363636363,102.379,2.0,102.107,51.0535
903,16,5,120.5804,118.376,,,
903,18,55,105.99829090909091,103.375,2.0,44.956,22.478
903,20,56,104.71110714285714,102.169,2.0,44.816,22.408
903,154,28,107.8917857142857,104.366,1.0,23.213,23.213
903,155,55,107.41290909090908,103.323,3.0,75.007,25.002333333333336
903,807,56,104.82841071428571,102.624,2.0,46.202,23.101
903,813,55,106.34443636363638,103.067,2.0,47.032,23.516
903,815,56,105.344625,102.228,2.0,46.55,23.275
903,817,56,104.28192857142857,101.473,2.0,45.684,22.842
903,818,55,106.10165454545454,102.896,2.0,48.536,24.268
903,820,54,107.96988888888889,102.875,3.0,71.545,23.848333333333333
903,821,55,106.63652727272726,102.257,3.0,68.974,22.991333333333333
903,822,56,104.83848214285715,102.66,2.0,48.419,24.2095
903,824,55,107.41881818181818,104.825,2.0,49.104,24.552
903,825,55,106.19814545454547,102.701,2.0,46.249,23.1245
903,826,55,105.80247272727273,103.337,2.0,47.149,23.5745
903,828,54,108.32501851851852,103.62,3.0,71.376,23.792
904,1,66,91.89628787878787,89.483,2.0,46.541,23.2705
904,3,66,91.90592424242423,89.236,2.0,44.563,22.2815
904,4,66,93.22572727272728,89.898,3.0,65.648,21.882666666666665
904,8,65,93.36072307692308,90.58,2.0,44.783,22.3915
904,13,65,93.82623076923076,90.468,3.0,67.575,22.525000000000002
904,16,65,94.43826153846153,91.473,2.0,51.391000000000005,25.695500000000003
904,18,65,93.80718461538461,90.563,2.0,46.218,23.109
904,20,66,93.0584393939394,88.918,3.0,65.181,21.727
904,154,65,93.56121538461538,91.068,2.0,44.204,22.102
904,155,34,96.93467647058824,93.064,1.0,22.789,22.789
904,807,65,93.73816923076923,91.411,2.0,45.079,22.5395
904,813,65,94.07724615384615,91.235,2.0,49.875,24.9375
904,815,65,93.5781076923077,90.756,2.0,44.649,22.3245
904,817,66,92.63892424242424,90.012,2.0,43.799,21.8995
904,818,24,95.81695833333333,91.781,1.0,22.976,22.976
904,820,64,95.7810625,91.767,3.0,71.155,23.718333333333334
904,821,65,94.3902,90.666,3.0,70.868,23.622666666666664
904,822,66,93.09769696969697,90.424,2.0,45.525000000000006,22.762500000000003
904,824,64,95.145265625,91.784,2.0,45.496,22.748
904,825,65,93.8172923076923,90.318,2.0,43.662,21.831
904,826,65,93.95324615384615,90.269,3.0,68.528,22.84266666666667
904,828,64,96.10696875,93.35,2.0,49.762,24.881
905,1,78,84.31885897435897,79.361,1.0,27.509,27.509
905,3,78,84.20078205128205,79.425,1.0,24.672,24.672
905,4,78,84.61683333333333,79.727,1.0,26.499,26.499
905,8,77,86.06512987012987,78.479,3.0,82.862,27.620666666666665
905,13,77,85.5776883116883,80.314,1.0,24.264,24.264
905,16,23,88.14452173913043,81.761,1.0,33.207,33.207
905,18,77,85.56846753246754,81.047,1.0,25.992,25.992
905,20,5,120.44239999999999,94.569,1.0,66.065,66.065
905,154,77,85.79992207792208,80.979,2.0,51.341,25.6705
905,155,75,87.81710666666667,82.425,2.0,50.537,25.2685
905,807,77,85.56597402597401,80.767,1.0,25.714,25.714
905,817,78,84.32403846153846,79.252,1.0,26.584,26.584
905,818,50,87.54226,81.083,2.0,44.829,22.4145
905,820,75,88.47775999999999,80.579,3.0,96.56299999999999,32.187666666666665
905,821,59,86.55527118644068,81.146,1.0,25.906,25.906
905,822,55,86.87867272727273,81.105,1.0,25.595,25.595
905,824,77,85.78097402597402,81.254,1.0,32.658,32.658
905,825,77,85.91925974025975,80.657,1.0,28.943,28.943
905,826,10,94.11439999999999,82.011,,,
905,828,77,86.05720779220779,80.911,2.0,53.676,26.838
906,1,46,87.21160869565217,78.942,2.0,47.971000000000004,23.985500000000002
906,3,70,85.10094285714285,78.616,2.0,48.984,24.492
906,4,70,85.25284285714285,78.614,2.0,47.721999999999994,23.860999999999997
906,8,70,85.80725714285714,78.529,2.0,48.146,24.073
906,13,69,84.92485507246377,78.504,2.0,51.961,25.9805
906,16,69,86.51239130434783,80.226,2.0,47.771,23.8855
906,18,70,85.20835714285714,78.759,2.0,48.543,24.2715
906,20,70,85.11538571428572,79.171,2.0,47.244,23.622
906,154,59,86.6582372881356,79.65,2.0,47.79900000000001,23.899500000000003
906,155,23,95.69147826086957,83.13,,,
906,807,70,85.2239,78.936,1.0,23.902,23.902
906,813,21,95.55161904761906,81.514,,,
906,815,69,84.92268115942029,79.491,1.0,23.907,23.907
906,817,70,85.04042857142856,78.64,2.0,46.88,23.44
906,818,70,85.4408,79.399,2.0,48.408,24.204
906,821,64,86.481125,80.112,3.0,73.541,24.513666666666666
906,822,70,85.37725714285713,79.321,2.0,47.939,23.9695
906,825,70,85.45834285714285,78.819,2.0,47.385999999999996,23.692999999999998
906,826,47,88.43314893617021,79.978,2.0,50.933,25.4665
906,828,7,122.89785714285715,111.041,,,
907,1,71,74.32264788732394,72.217,2.0,44.781,22.3905
907,3,71,74.29543661971832,72.598,2.0,43.138000000000005,21.569000000000003
907,4,71,74.55674647887324,72.595,2.0,42.510000000000005,21.255000000000003
907,8,71,74.96835211267606,72.884,2.0,43.532,21.766
907,13,71,74.53991549295775,72.586,2.0,43.992000000000004,21.996000000000002
907,16,70,75.9250142857143,73.709,2.0,45.409000000000006,22.704500000000003
907,18,71,75.01326760563381,72.858,2.0,42.747,21.3735
907,20,34,79.47376470588235,74.254,2.0,51.225,25.6125
907,154,70,76.42211428571429,73.953,2.0,46.096000000000004,23.048000000000002
907,155,69,76.98036231884058,75.274,1.0,22.48,22.48
907,807,71,74.91708450704225,73.156,2.0,44.166,22.083
907,813,70,75.54875714285714,73.187,2.0,45.955,22.9775
907,815,71,74.69749295774648,72.142,2.0,45.730000000000004,22.865000000000002
907,817,71,74.90842253521127,73.06,2.0,42.864999999999995,21.432499999999997
907,818,59,76.16918644067796,73.317,2.0,44.605999999999995,22.302999999999997
907,820,69,77.01095652173913,74.847,1.0,22.977,22.977
907,821,69,77.1229420289855,74.036,3.0,106.819,35.60633333333333
907,822,71,74.4105352112676,72.581,2.0,43.340999999999994,21.670499999999997
907,824,69,76.51692753623189,74.476,1.0,24.452,24.452
907,825,71,74.74657746478873,72.746,2.0,43.55200000000001,21.776000000000003
907,826,24,76.34779166666667,74.332,1.0,21.906,21.906
907,828,69,77.11871014492753,74.672,2.0,48.355000000000004,24.177500000000002
908,1,52,169.46334615384615,97.176,2.0,58.97,29.485
908,3,28,229.4567142857143,98.091,1.0,28.329,28.329
908,4,52,170.61615384615385,98.587,1.0,34.41,34.41
908,16,51,173.42333333333335,100.041,1.0,29.956,29.956
908,18,52,170.3746923076923,98.284,1.0,28.645,28.645
908,20,52,170.4991923076923,97.481,2.0,57.345,28.6725
908,154,51,173.05529411764704,98.919,1.0,29.71,29.71
908,155,50,177.5259,101.462,2.0,59.047,29.5235
908,807,52,171.16896153846153,98.625,1.0,29.579,29.579
908,813,49,176.70385714285712,100.314,1.0,28.831,28.831
908,815,51,173.001,98.716,1.0,29.599,29.599
908,817,52,170.3574807692308,98.459,1.0,28.483,28.483
908,818,51,172.84711764705884,99.261,1.0,30.218,30.218
908,820,50,178.15107999999998,100.399,2.0,52.891,26.4455
908,821,9,507.85922222222223,102.566,,,
908,822,52,170.04286538461537,98.264,1.0,29.104,29.104
908,824,51,174.0889411764706,99.961,1.0,30.353,30.353
908,825,52,170.6664807692308,98.677,1.0,28.745,28.745
908,826,52,171.18142307692307,98.407,2.0,57.275,28.6375
908,828,11,437.7107272727273,104.319,,,
909,1,67,84.26035820895522,79.908,3.0,59.495999999999995,19.831999999999997
909,3,67,83.9240895522388,81.298,2.0,40.312,20.156
909,4,67,84.70717910447762,80.548,3.0,57.513999999999996,19.171333333333333
909,8,66,85.47975757575757,81.338,3.0,59.343999999999994,19.781333333333333
909,16,47,86.39210638297871,82.529,3.0,60.093,20.031000000000002
909,18,67,85.1884328358209,81.346,3.0,60.741,20.247
909,20,67,84.58101492537314,81.545,3.0,57.547,19.182333333333332
909,154,26,88.44203846153847,84.137,1.0,18.928,18.928
909,155,65,86.91369230769232,82.866,3.0,60.571,20.19033333333333
909,807,67,84.88197014925373,82.098,2.0,39.078,19.539
909,813,66,85.62148484848485,82.305,2.0,38.225,19.1125
909,815,66,85.35328787878787,80.752,3.0,61.577,20.525666666666666
909,817,67,84.70840298507463,80.846,3.0,57.275999999999996,19.092
909,818,66,85.63265151515152,81.876,3.0,67.416,22.471999999999998
909,820,65,87.09953846153847,83.035,3.0,65.435,21.811666666666667
909,821,66,85.72865151515153,82.008,3.0,64.086,21.362
909,822,67,84.23437313432837,81.494,2.0,40.321,20.1605
909,824,66,86.25745454545455,82.522,2.0,40.605999999999995,20.302999999999997
909,825,66,85.24001515151515,80.224,3.0,64.421,21.47366666666667
909,826,44,86.62854545454546,82.179,2.0,40.564,20.282
909,828,65,87.54346153846153,83.23,3.0,67.80799999999999,22.602666666666664
910,1,70,97.01307142857144,87.38,2.0,47.164,23.582
910,3,70,97.02027142857143,85.724,3.0,68.69200000000001,22.897333333333336
910,4,70,97.00404285714286,87.419,2.0,43.887,21.9435
910,8,70,97.37927142857143,87.983,2.0,45.367999999999995,22.683999999999997
910,13,70,97.3557,88.229,3.0,67.24,22.41333333333333
910,16,70,97.90324285714286,88.704,2.0,54.456,27.228
910,18,70,97.89054285714286,89.156,3.0,71.755,23.918333333333333
910,20,70,97.5146,88.746,2.0,43.778000000000006,21.889000000000003
910,154,10,113.57419999999999,106.312,1.0,23.979,23.979
910,155,24,109.46841666666667,92.888,1.0,34.086,34.086
910,807,14,117.12464285714286,101.151,1.0,24.04,24.04
910,813,70,98.12974285714286,89.128,3.0,76.802,25.60066666666667
910,815,22,108.18763636363637,90.28,1.0,25.535,25.535
910,817,70,96.9294,86.608,3.0,68.219,22.739666666666665
910,818,70,97.7655,89.12,2.0,46.932,23.466
910,820,69,99.0419420289855,89.499,2.0,47.857,23.9285
910,821,32,107.254375,90.485,1.0,24.05,24.05
910,822,70,97.52002857142857,86.85,3.0,70.604,23.534666666666666
910,824,69,99.03463768115942,89.883,3.0,72.622,24.207333333333334
910,825,70,98.05032857142858,88.883,2.0,45.358000000000004,22.679000000000002
910,826,69,98.60479710144928,89.401,2.0,45.625,22.8125
910,828,7,112.51685714285715,108.459,,,
911,1,38,118.68631578947368,113.707,3.0,73.40299999999999,24.467666666666663
911,3,44,115.45315909090908,110.511,3.0,76.325,25.441666666666666
911,4,44,116.76631818181818,113.879,2.0,51.894000000000005,25.947000000000003
911,8,44,116.21297727272727,114.09,2.0,45.677,22.8385
911,13,44,117.10297727272727,112.512,3.0,71.252,23.750666666666664
911,16,44,117.25006818181818,112.413,3.0,71.26599999999999,23.75533333333333
911,18,44,116.61672727272727,113.483,2.0,45.388000000000005,22.694000000000003
911,20,44,116.56254545454546,112.953,3.0,68.721,22.907
911,154,33,119.30960606060606,115.649,3.0,76.663,25.554333333333332
911,807,44,116.86938636363637,113.612,2.0,47.664,23.832
911,813,1,129.072,129.072,,,
911,815,44,116.83747727272728,114.532,2.0,47.081,23.5405
911,817,44,115.37627272727272,112.974,2.0,45.588,22.794
911,818,44,117.01081818181818,113.276,2.0,46.773,23.3865
911,820,43,119.49551162790698,115.247,2.0,48.607,24.3035
911,821,44,117.44047727272728,114.0,2.0,46.157,23.0785
911,822,44,116.01336363636364,112.716,2.0,45.94499999999999,22.972499999999997
911,824,39,120.95671794871795,116.347,2.0,49.28,24.64
911,825,44,116.6095,114.203,2.0,45.528999999999996,22.764499999999998
911,826,44,116.86143181818183,114.159,2.0,48.518,24.259
911,827,1,129.985,129.985,,,
911,828,43,119.511,115.9,2.0,48.296,24.148
912,1,53,89.62709433962263,88.004,1.0,24.453,24.453
912,3,53,89.687,88.206,1.0,24.583,24.583
912,4,28,91.75932142857144,89.68,1.0,24.913,24.913
912,8,53,90.8258679245283,88.942,1.0,24.547,24.547
912,13,53,90.09928301886792,88.342,1.0,24.323,24.323
912,16,52,91.62592307692307,89.375,1.0,26.864,26.864
912,18,53,90.81696226415094,89.245,1.0,24.669,24.669
912,20,53,90.75850943396226,89.141,1.0,25.176,25.176
912,154,52,92.09142307692308,90.083,1.0,25.098,25.098
912,155,52,92.67851923076924,90.758,1.0,25.277,25.277
912,807,53,90.99701886792454,89.366,1.0,25.547,25.547
912,813,52,91.39930769230769,89.856,1.0,24.223,24.223
912,815,53,90.80667924528301,89.107,1.0,24.938,24.938
912,817,53,90.57632075471699,88.588,1.0,24.388,24.388
912,818,53,91.00620754716981,89.121,1.0,25.046,25.046
912,820,5,95.3384,92.569,,,
912,821,51,93.23082352941177,89.449,3.0,78.918,26.306
912,822,53,90.39664150943396,88.559,1.0,24.991,24.991
912,824,52,92.93055769230769,90.521,1.0,26.641,26.641
912,825,53,90.7812641509434,89.283,1.0,24.214,24.214
912,826,53,90.97018867924528,88.486,1.0,24.651,24.651
912,828,51,93.4442156862745,90.28,1.0,28.685,28.685
913,1,60,120.07991666666668,110.417,3.0,89.746,29.915333333333333
913,3,13,120.32215384615384,116.769,,,
913,4,60,120.3364,112.115,3.0,86.713,28.90433333333333
913,8,60,121.09060000000001,112.872,3.0,89.06,29.686666666666667
913,13,60,120.7826,113.283,2.0,58.584,29.292
913,16,40,123.725475,113.948,3.0,90.307,30.102333333333334
913,18,52,121.57703846153846,113.707,2.0,57.268,28.634
913,20,60,120.30548333333334,112.519,2.0,58.879999999999995,29.439999999999998
913,154,60,121.21373333333334,113.543,3.0,88.12299999999999,29.37433333333333
913,807,60,121.1076,112.762,3.0,89.764,29.921333333333333
913,813,60,121.19516666666667,113.213,4.0,118.01400000000001,29.503500000000003
913,815,60,121.06388333333334,112.007,4.0,124.109,31.02725
913,817,60,120.3178,112.569,2.0,58.873999999999995,29.436999999999998
913,818,60,120.94326666666666,111.937,3.0,95.226,31.742
913,820,59,122.47679661016949,113.807,3.0,98.60300000000001,32.86766666666667
913,821,17,120.87794117647059,115.684,1.0,33.679,33.679
913,822,60,121.16433333333333,112.515,2.0,59.22,29.61
913,824,60,121.65563333333333,113.538,3.0,90.05,30.016666666666666
913,825,60,121.11708333333333,111.639,3.0,86.231,28.743666666666666
913,826,60,121.28005,111.761,3.0,91.369,30.456333333333333
913,828,60,121.64971666666666,115.416,2.0,60.507999999999996,30.253999999999998
914,1,44,152.34138636363636,111.6,3.0,1184.863,394.95433333333335
914,3,44,152.55002272727273,112.551,3.0,1185.074,395.0246666666667
914,4,2,189.6215,189.504,1.0,1137.051,1137.051
914,8,43,156.0427441860465,112.426,5.0,1241.874,248.3748
914,13,44,154.95788636363636,113.45,3.0,1185.8980000000001,395.2993333333334
914,16,40,159.43810000000002,115.753,4.0,1209.654,302.4135
914,18,44,153.87661363636366,111.721,4.0,1213.89,303.4725
914,20,44,153.00325,111.915,3.0,1182.1850000000002,394.0616666666667
914,154,43,156.8088372093023,115.302,5.0,1228.877,245.7754
914,155,43,159.04932558139535,115.641,5.0,1238.1550000000002,247.63100000000003
914,807,44,154.97656818181818,112.814,4.0,1209.923,302.48075
914,813,43,156.81158139534884,114.702,4.0,1202.77,300.6925
914,815,43,155.41037209302326,113.556,4.0,1210.618,302.6545
914,817,44,153.22361363636364,112.231,3.0,1185.311,395.10366666666664
914,818,44,155.24225,113.562,3.0,1186.361,395.4536666666667
914,820,43,158.51818604651163,116.472,3.0,1187.0939999999998,395.6979999999999
914,821,43,156.62041860465118,115.372,3.0,1186.369,395.4563333333333
914,822,44,154.92713636363635,114.103,3.0,1186.511,395.5036666666667
914,824,41,158.3929024390244,115.985,3.0,1183.7340000000002,394.57800000000003
914,825,43,156.79232558139535,113.51,5.0,1241.718,248.3436
914,826,43,156.00951162790696,114.021,4.0,1209.872,302.468
914,828,43,157.45179069767443,114.669,4.0,1196.67,299.1675
915,1,53,103.97630188679246,101.606,1.0,30.503,30.503
915,3,53,104.23398113207547,101.36,1.0,33.82,33.82
915,4,53,105.10867924528301,102.179,1.0,35.112,35.112
915,8,53,105.46454716981133,102.919,1.0,30.097,30.097
915,13,53,105.50228301886793,102.879,2.0,60.19,30.095
915,16,52,106.82763461538461,103.822,1.0,30.733,30.733
915,18,53,104.54675471698113,101.964,1.0,29.994,29.994
915,20,53,105.22507547169812,102.63,1.0,30.355,30.355
915,154,52,106.88676923076923,104.461,1.0,30.037,30.037
915,155,21,109.54285714285714,107.407,,,
915,807,53,105.51043396226416,102.685,1.0,30.096,30.096
915,813,52,107.419,104.03,1.0,30.18,30.18
915,815,53,105.487,102.924,1.0,29.876,29.876
915,817,53,105.14256603773585,103.05,1.0,30.006,30.006
915,818,53,105.81205660377358,102.55,1.0,30.272,30.272
915,820,9,115.91944444444444,108.268,1.0,31.374,31.374
915,821,52,106.51030769230769,104.075,1.0,30.303,30.303
915,822,53,104.30507547169812,100.896,1.0,30.363,30.363
915,825,53,104.98792452830189,103.076,1.0,29.736,29.736
915,826,52,106.01265384615384,102.022,2.0,61.905,30.9525
915,828,51,108.15405882352941,103.979,2.0,61.78,30.89
916,1,56,107.22830357142857,101.929,2.0,48.611999999999995,24.305999999999997
916,3,56,107.3053392857143,101.932,2.0,48.946,24.473
916,4,56,108.92885714285714,101.474,2.0,48.733999999999995,24.366999999999997
916,8,55,109.53816363636363,102.888,3.0,72.229,24.076333333333334
916,13,56,107.70908928571428,102.971,2.0,49.944,24.972
916,18,55,109.29290909090909,104.255,2.0,50.352000000000004,25.176000000000002
916,20,56,108.93783928571429,101.379,4.0,95.882,23.9705
916,154,55,109.27205454545455,104.44,2.0,48.489999999999995,24.244999999999997
916,807,16,116.7755,106.226,1.0,33.427,33.427
916,813,56,109.06526785714286,103.808,2.0,54.202,27.101
916,815,1,146.788,146.788,,,
916,817,56,107.68473214285714,102.831,2.0,48.396,24.198
916,818,56,109.083,104.18,2.0,54.711,27.3555
916,821,55,109.55767272727273,103.006,3.0,80.931,26.977
916,822,56,107.78173214285715,102.505,2.0,48.434,24.217
916,825,56,109.02619642857144,104.287,2.0,51.378,25.689
916,826,55,109.67367272727273,101.689,3.0,75.725,25.241666666666664
917,1,71,76.11284507042254,73.555,3.0,70.449,23.483
917,3,71,76.09232394366198,73.619,3.0,70.316,23.438666666666666
917,4,71,76.9642394366197,74.313,3.0,69.489,23.163
917,8,71,76.98992957746479,74.963,2.0,51.361000000000004,25.680500000000002
917,13,71,76.67022535211267,74.101,3.0,80.222,26.740666666666666
917,16,70,77.73371428571429,74.834,3.0,78.62,26.206666666666667
917,18,71,76.77764788732394,73.999,3.0,69.021,23.007
917,20,71,76.81654929577465,74.018,3.0,69.749,23.249666666666666
917,154,63,77.89512698412699,74.07,3.0,71.811,23.937
917,807,71,76.99280281690142,73.728,3.0,70.288,23.429333333333332
917,813,70,77.43338571428572,74.81,3.0,69.708,23.236
917,815,70,77.56165714285714,74.55,3.0,76.531,25.510333333333335
917,817,39,78.6407435897436,75.387,2.0,46.012,23.006
917,818,70,77.44824285714286,74.774,3.0,72.19200000000001,24.064000000000004
917,821,70,77.51008571428571,74.875,3.0,71.346,23.782
917,822,70,77.33745714285713,74.229,3.0,85.041,28.346999999999998
917,825,71,77.07943661971831,74.544,3.0,71.382,23.794
917,826,70,77.34738571428572,74.144,3.0,74.112,24.703999999999997
918,1,55,108.04761818181818,105.599,2.0,43.772000000000006,21.886000000000003
918,3,54,110.26562962962963,106.869,2.0,45.824,22.912
918,4,55,109.60785454545454,107.424,2.0,43.687,21.8435
918,8,55,109.64434545454546,107.736,2.0,43.751999999999995,21.875999999999998
918,13,55,108.09445454545454,104.826,2.0,44.093999999999994,22.046999999999997
918,16,54,110.60487037037036,107.508,3.0,66.995,22.331666666666667
918,18,55,109.14460000000001,106.739,2.0,44.669,22.3345
918,20,55,109.35752727272727,105.552,2.0,44.705,22.3525
918,154,54,110.23012962962963,107.897,3.0,59.393,19.797666666666668
918,155,42,111.96228571428571,107.431,2.0,46.846999999999994,23.423499999999997
918,807,55,109.17758181818182,105.777,2.0,49.087,24.5435
918,813,26,110.98153846153846,108.933,1.0,21.998,21.998
918,815,55,109.33961818181818,105.808,2.0,44.355999999999995,22.177999999999997
918,817,55,108.72465454545454,104.496,2.0,43.329,21.6645
918,818,55,109.71938181818182,105.686,3.0,68.02799999999999,22.676
918,821,54,110.29533333333333,107.698,2.0,46.397999999999996,23.198999999999998
918,822,55,108.57270909090909,105.727,2.0,43.676,21.838
918,825,55,109.69081818181817,106.824,2.0,43.71,21.855
918,826,14,111.21085714285715,108.748,1.0,24.169,24.169
918,829,54,112.03022222222222,108.398,2.0,47.689,23.8445
926,1,58,95.07012068965517,90.945,1.0,22.295,22.295
926,3,58,95.09356896551725,91.092,1.0,22.105,22.105
926,8,40,97.94789999999999,91.426,2.0,49.870000000000005,24.935000000000002
926,13,58,95.7286724137931,91.719,1.0,22.062,22.062
926,18,56,98.89798214285715,93.338,1.0,23.353,23.353
926,20,58,95.6653448275862,91.457,1.0,22.694,22.694
926,807,57,97.56578947368422,91.97,2.0,43.748999999999995,21.874499999999998
926,815,57,98.15777192982456,91.959,1.0,26.009,26.009
926,817,57,96.92659649122808,92.797,1.0,22.535,22.535
926,828,57,97.82549122807016,91.56,3.0,68.28800000000001,22.76266666666667
926,830,32,99.9726875,94.295,1.0,23.532,23.532
926,831,58,96.71062068965517,92.612,1.0,22.933,22.933
926,832,57,97.94194736842105,92.872,1.0,55.789,55.789
927,1,56,108.47075,103.125,3.0,74.868,24.956
927,3,56,108.53755357142856,102.062,3.0,82.599,27.533
927,4,21,115.53661904761906,108.46,1.0,25.222,25.222
927,8,56,109.27883928571428,104.124,3.0,76.682,25.560666666666666
927,13,56,109.63176785714286,103.99,3.0,77.59,25.863333333333333
927,18,41,113.99051219512195,106.056,3.0,84.45400000000001,28.151333333333337
927,20,56,108.31773214285714,103.648,2.0,49.087999999999994,24.543999999999997
927,154,55,110.80978181818182,104.812,3.0,75.012,25.004
927,807,55,111.17621818181819,104.822,3.0,86.224,28.741333333333333
927,813,47,111.96138297872339,105.07,3.0,98.959,32.986333333333334
927,815,55,111.16794545454545,105.345,2.0,61.044000000000004,30.522000000000002
927,817,55,110.4883090909091,105.312,3.0,77.711,25.903666666666666
927,822,56,109.5750357142857,104.088,3.0,79.588,26.52933333333333
927,826,55,110.34416363636363,104.514,3.0,81.393,27.131
927,828,3,111.87366666666667,108.76,,,
927,830,56,110.06348214285714,104.579,3.0,79.939,26.64633333333333
927,831,55,110.85536363636363,103.902,4.0,110.194,27.5485
927,832,55,110.3254909090909,105.507,2.0,50.291,25.1455
927,833,53,115.17898113207546,109.04,3.0,83.74600000000001,27.915333333333336
928,1,56,106.82157142857143,102.208,2.0,44.879999999999995,22.439999999999998
928,3,56,106.83432142857143,102.565,2.0,45.312,22.656
928,4,55,108.86870909090909,103.728,2.0,46.583,23.2915
928,8,56,106.89005357142857,103.026,2.0,45.271,22.6355
928,13,56,106.97414285714285,102.734,2.0,46.462,23.231
928,18,55,108.90567272727273,104.991,2.0,47.209,23.6045
928,20,56,106.87492857142857,103.018,2.0,44.932,22.466
928,154,56,107.161,103.134,2.0,47.025999999999996,23.512999999999998
928,807,9,107.17077777777779,105.844,,,
928,813,49,108.57957142857144,103.686,3.0,63.281,21.093666666666667
928,815,55,108.85512727272727,103.512,3.0,69.311,23.10366666666667
928,817,56,107.39508928571429,103.245,2.0,45.532,22.766
928,822,56,106.99808928571429,103.051,2.0,46.666,23.333
928,826,15,107.70386666666667,106.291,,,
928,828,55,108.80165454545454,104.204,2.0,48.435,24.2175
928,829,54,110.97103703703704,105.414,2.0,48.186,24.093
928,830,52,106.26098076923077,103.88,2.0,47.513999999999996,23.756999999999998
928,831,56,107.22558928571429,103.692,2.0,47.141,23.5705
928,832,55,108.93247272727274,102.652,2.0,47.219,23.6095
928,833,54,110.97744444444444,105.963,2.0,50.025999999999996,25.012999999999998
929,1,57,100.10191228070175,97.857,2.0,50.319,25.1595
929,3,57,100.20775438596492,97.326,2.0,50.729,25.3645
929,4,56,102.226125,98.992,2.0,50.248000000000005,25.124000000000002
929,8,57,100.16121052631578,96.311,2.0,49.32,24.66
929,13,56,102.1550892857143,99.094,2.0,49.911,24.9555
929,20,57,100.87364912280702,96.624,3.0,82.879,27.626333333333335
929,154,57,101.58898245614036,99.161,2.0,49.994,24.997
929,807,56,102.37833928571429,98.653,3.0,76.31,25.436666666666667
929,813,56,103.05744642857144,97.665,3.0,162.13,54.04333333333333
929,815,56,101.917375,98.338,2.0,50.861000000000004,25.430500000000002
929,817,57,101.18526315789474,98.948,2.0,50.666,25.333
929,822,57,100.85554385964913,98.095,2.0,49.916,24.958
929,826,56,102.04605357142856,98.725,2.0,50.113,25.0565
929,828,56,102.39885714285714,98.422,3.0,101.249,33.74966666666666
929,829,55,105.27087272727273,101.759,2.0,52.582,26.291
929,830,34,104.47070588235293,99.607,2.0,66.563,33.2815
929,831,56,102.246125,98.216,3.0,77.56700000000001,25.855666666666668
929,832,29,103.40972413793102,100.651,2.0,59.239999999999995,29.619999999999997
929,833,54,106.06705555555556,102.033,2.0,53.407,26.7035
930,1,66,92.27433333333333,88.27,3.0,69.27799999999999,23.092666666666663
930,3,66,92.00840909090908,89.109,2.0,44.322,22.161
930,4,26,95.99953846153846,93.387,1.0,23.728,23.728
930,8,66,92.9175303030303,89.931,2.0,44.412000000000006,22.206000000000003
930,13,66,93.2404393939394,90.374,3.0,67.025,22.34166666666667
930,18,65,94.79973846153847,91.162,3.0,69.982,23.327333333333332
930,20,66,92.6954090909091,90.737,2.0,43.598,21.799
930,154,65,94.3162,91.945,2.0,56.565,28.2825
930,807,65,94.78746153846153,90.888,3.0,67.738,22.579333333333334
930,813,45,95.87939999999999,92.912,3.0,80.01,26.67
930,815,65,94.76816923076923,91.932,2.0,44.894,22.447
930,817,65,93.8599076923077,91.124,2.0,47.324,23.662
930,822,66,92.90563636363636,90.711,2.0,43.882000000000005,21.941000000000003
930,826,65,94.4269076923077,91.887,2.0,44.94,22.47
930,828,65,94.77821538461538,92.222,2.0,48.144,24.072
930,829,63,97.70230158730158,93.655,3.0,70.526,23.508666666666667
930,830,65,94.44373846153846,91.896,2.0,47.003,23.5015
930,831,65,94.63081538461539,91.928,2.0,45.863,22.9315
930,832,65,94.40406153846153,91.156,2.0,45.037000000000006,22.518500000000003
930,833,62,98.37416129032258,94.211,3.0,71.901,23.967
931,1,78,84.15991025641026,78.676,2.0,49.676,24.838
931,3,78,84.0823076923077,78.599,1.0,24.789,24.789
931,4,41,82.53956097560976,80.459,1.0,30.345,30.345
931,8,78,84.26621794871795,79.651,1.0,24.177,24.177
931,13,77,85.55285714285715,79.764,3.0,92.29899999999999,30.766333333333332
931,18,78,84.28824358974359,79.49,2.0,49.723,24.8615
931,20,78,84.13982051282052,78.854,1.0,24.851,24.851
931,154,78,84.44660256410256,80.483,1.0,25.077,25.077
931,807,78,84.41861538461539,79.921,2.0,59.531000000000006,29.765500000000003
931,813,5,85.2118,82.271,,,
931,815,78,84.27478205128205,79.657,2.0,49.852000000000004,24.926000000000002
931,817,78,84.25676923076924,78.063,2.0,48.745000000000005,24.372500000000002
931,822,78,84.66934615384615,78.944,2.0,49.053,24.5265
931,826,78,84.23570512820513,79.13,1.0,25.119,25.119
931,828,78,84.48178205128205,79.285,3.0,76.25,25.416666666666668
931,829,76,86.97052631578948,82.693,1.0,28.606,28.606
931,830,62,82.30633870967742,78.873,2.0,78.557,39.2785
931,831,78,84.38520512820513,80.017,2.0,52.152,26.076
931,832,78,84.40353846153847,79.816,1.0,25.306,25.306
931,833,76,86.92207894736843,81.715,1.0,27.554,27.554
932,1,70,78.7592142857143,77.472,1.0,23.708,23.708
932,3,70,78.79185714285714,77.637,1.0,23.321,23.321
932,4,44,81.53670454545454,79.58,1.0,23.553,23.553
932,8,70,79.411,76.987,2.0,48.208,24.104
932,13,70,79.56465714285714,77.553,1.0,23.912,23.912
932,18,54,81.802,78.856,2.0,43.431,21.7155
932,20,70,79.47211428571428,77.105,2.0,51.186,25.593
932,154,69,80.11472463768115,77.969,1.0,24.292,24.292
932,807,69,79.98162318840579,78.238,1.0,23.507,23.507
932,813,70,79.71155714285715,78.385,1.0,23.66,23.66
932,815,69,80.40392753623189,78.889,1.0,23.453,23.453
932,817,69,80.56931884057971,79.06,1.0,23.997,23.997
932,822,70,79.34015714285715,77.922,1.0,25.541,25.541
932,826,69,80.08769565217392,78.048,1.0,23.681,23.681
932,828,69,80.6522463768116,78.89,1.0,24.149,24.149
932,829,66,83.91777272727272,80.707,1.0,30.807,30.807
932,830,69,80.66895652173913,78.616,1.0,36.105,36.105
932,831,68,81.09954411764706,79.088,1.0,24.795,24.795
932,832,69,80.407884057971,78.811,1.0,24.277,24.277
932,833,57,83.09219298245614,80.804,1.0,26.986,26.986
933,1,71,76.34830985915494,71.475,1.0,21.869,21.869
933,3,71,76.29478873239437,71.235,1.0,21.768,21.768
933,13,71,76.5422957746479,71.613,1.0,22.447,22.447
933,18,8,115.883375,101.204,2.0,52.831,26.4155
933,20,71,76.55085915492958,71.499,1.0,31.882,31.882
933,154,35,82.60865714285715,72.881,1.0,22.016,22.016
933,807,71,77.19725352112677,72.541,1.0,21.685,21.685
933,813,70,77.40301428571429,71.785,1.0,21.847,21.847
933,815,70,77.61977142857143,72.377,1.0,26.689,26.689
933,817,70,77.66325714285713,71.689,1.0,27.71,27.71
933,822,71,77.04977464788733,72.248,1.0,22.777,22.777
933,826,70,78.05392857142857,72.316,2.0,50.743,25.3715
933,828,69,79.15242028985507,72.516,3.0,68.892,22.964
933,829,1,109.759,109.759,,,
933,830,70,77.41577142857143,72.349,1.0,21.984,21.984
933,831,70,77.96007142857144,73.05,1.0,22.803,22.803
933,832,35,83.69031428571428,73.234,1.0,27.638,27.638
933,833,68,80.1530588235294,74.939,1.0,23.926,23.926
934,1,52,105.53325,97.093,2.0,57.396,28.698
934,3,52,105.74394230769231,96.975,2.0,58.786,29.393
934,4,51,109.19970588235293,98.883,3.0,132.474,44.157999999999994
934,8,51,107.67619607843137,97.493,3.0,89.549,29.849666666666668
934,13,52,106.24169230769232,97.466,2.0,61.317,30.6585
934,20,52,106.02253846153847,97.707,2.0,58.622,29.311
934,807,52,107.04755769230769,98.233,2.0,62.449,31.2245
934,815,51,107.95550980392157,98.466,2.0,60.858000000000004,30.429000000000002
934,817,21,110.39238095238095,99.119,2.0,71.70400000000001,35.852000000000004
934,822,52,106.74851923076923,96.61,2.0,60.718,30.359
934,826,52,106.76315384615384,97.91,2.0,62.326,31.163
934,828,51,109.28276470588234,98.131,4.0,120.49,30.1225
934,829,49,113.4554081632653,101.919,2.0,92.82499999999999,46.412499999999994
934,830,3,140.57733333333334,127.987,,,
934,832,31,104.51483870967742,98.697,1.0,29.393,29.393
934,833,49,112.18077551020409,102.324,2.0,65.358,32.679
936,1,69,93.07260869565218,85.727,6.0,127.687,21.281166666666667
936,3,69,93.17189855072463,85.149,5.0,102.771,20.5542
936,4,69,93.02991304347826,87.311,5.0,100.70400000000001,20.140800000000002
936,8,55,95.01863636363636,86.954,5.0,138.10399999999998,27.620799999999996
936,13,69,93.395115942029,86.864,5.0,104.994,20.9988
936,18,69,93.29004347826087,88.535,4.0,77.111,19.27775
936,20,69,92.3186231884058,86.772,4.0,77.68799999999999,19.421999999999997
936,154,69,93.16757971014493,88.08,5.0,109.662,21.9324
936,807,41,90.72131707317074,88.074,2.0,44.795,22.3975
936,813,69,93.40763768115943,87.13,6.0,117.642,19.607
936,815,53,94.9083396226415,88.499,5.0,116.19,23.238
936,817,69,92.68215942028985,84.821,5.0,111.89699999999999,22.379399999999997
936,822,69,93.48134782608696,87.058,5.0,108.856,21.7712
936,826,69,92.40192753623188,86.519,5.0,99.611,19.9222
936,828,69,93.32050724637682,88.004,5.0,104.0,20.8
936,829,65,96.5319076923077,89.543,5.0,103.949,20.7898
936,830,69,92.95994202898551,87.65,5.0,101.91,20.381999999999998
936,831,69,93.38323188405796,88.268,5.0,104.214,20.8428
936,832,60,94.27358333333333,88.611,4.0,81.47200000000001,20.368000000000002
936,833,67,95.49338805970149,89.868,5.0,108.958,21.7916
937,1,43,116.75318604651163,112.504,2.0,45.358,22.679
937,3,43,116.8010465116279,112.416,2.0,45.762,22.881
937,4,42,119.85392857142857,113.692,3.0,72.267,24.089
937,8,43,118.04860465116279,114.517,2.0,45.721000000000004,22.860500000000002
937,13,43,118.03883720930232,114.093,2.0,46.937,23.4685
937,18,42,120.89959523809523,115.533,3.0,71.995,23.998333333333335
937,20,42,119.25195238095237,115.316,1.0,22.681,22.681
937,154,43,117.63662790697674,114.779,2.0,47.209999999999994,23.604999999999997
937,813,2,169.0805,122.29,,,
937,815,43,118.00893023255814,114.796,2.0,46.480000000000004,23.240000000000002
937,817,19,118.01289473684211,116.263,1.0,22.637,22.637
937,822,43,118.17272093023256,114.646,3.0,64.151,21.383666666666667
937,826,43,117.81579069767442,113.032,2.0,45.358999999999995,22.679499999999997
937,828,43,118.87490697674419,114.022,2.0,47.867000000000004,23.933500000000002
937,829,42,122.10447619047618,118.15,2.0,48.275999999999996,24.137999999999998
937,830,43,118.05727906976743,113.276,3.0,70.547,23.515666666666664
937,831,43,119.13251162790698,113.991,2.0,46.727000000000004,23.363500000000002
937,832,32,127.178625,114.68,2.0,47.08,23.54
937,833,42,121.8437380952381,118.174,2.0,46.925,23.4625
938,1,53,88.3148679245283,86.672,1.0,24.368,24.368
938,3,50,88.87264,87.067,1.0,24.657,24.657
938,4,47,92.3448510638298,89.285,2.0,43.70399999999999,21.851999999999997
938,8,53,89.61411320754716,87.584,1.0,24.442,24.442
938,13,53,89.21364150943396,87.874,1.0,25.207,25.207
938,18,52,91.44432692307693,89.766,1.0,24.31,24.31
938,20,53,88.78735849056604,87.376,1.0,24.34,24.34
938,154,1,95.106,95.106,,,
938,807,52,90.06740384615384,88.913,1.0,24.286,24.286
938,813,1,139.892,139.892,,,
938,815,53,89.6881320754717,88.14,1.0,24.281,24.281
938,817,52,90.07707692307692,88.065,1.0,24.259,24.259
938,822,53,89.22045283018868,87.525,1.0,25.536,25.536
938,826,52,90.2226153846154,88.231,1.0,23.884,23.884
938,828,52,90.08173076923076,88.516,1.0,24.842,24.842
938,829,51,93.01339215686274,91.098,1.0,29.382,29.382
938,830,52,90.59840384615384,87.39,3.0,69.074,23.024666666666665
938,831,52,91.01159615384616,88.653,2.0,51.043,25.5215
938,832,52,90.29326923076924,87.51,2.0,55.094,27.547
938,833,51,93.27013725490195,91.311,1.0,26.435,26.435
939,1,32,124.0203125,112.505,1.0,28.917,28.917
939,3,61,119.78422950819672,110.934,2.0,60.449,30.2245
939,4,33,122.0990303030303,113.325,1.0,34.237,34.237
939,8,61,119.66019672131146,110.341,2.0,60.72,30.36
939,13,30,125.12723333333334,113.666,3.0,85.702,28.567333333333334
939,18,52,122.66057692307692,111.167,3.0,133.245,44.415
939,20,61,119.37898360655737,110.069,2.0,58.445,29.2225
939,154,59,121.32072881355933,112.353,2.0,60.466,30.233
939,807,12,116.95233333333333,113.868,1.0,30.868,30.868
939,813,61,120.98091803278689,110.175,3.0,88.981,29.66033333333333
939,815,61,120.21236065573771,111.97,2.0,59.408,29.704
939,817,61,119.4032131147541,110.041,2.0,60.726,30.363
939,822,61,119.93970491803279,111.342,2.0,58.499,29.2495
939,826,61,119.96108196721312,111.109,2.0,62.083,31.0415
939,828,61,120.97745901639345,111.594,3.0,88.844,29.614666666666665
939,829,59,123.99527118644068,115.89,2.0,68.245,34.1225
939,830,61,120.2224262295082,110.298,2.0,62.051,31.0255
939,831,61,120.85513114754099,112.566,2.0,59.596000000000004,29.798000000000002
939,832,61,120.24554098360655,110.401,3.0,94.59700000000001,31.532333333333337
939,834,59,123.74432203389831,115.312,2.0,63.216,31.608
940,1,53,99.74543396226416,96.145,2.0,45.915,22.9575
940,3,53,100.10324528301886,97.147,2.0,46.319,23.1595
940,4,52,102.13890384615384,99.614,2.0,47.407,23.7035
940,8,53,100.38256603773584,98.035,2.0,46.298,23.149
940,13,51,104.46939215686274,98.595,3.0,85.571,28.523666666666667
940,18,52,102.65446153846153,100.121,2.0,47.144,23.572
940,20,53,100.13883018867925,97.906,2.0,46.204,23.102
940,154,53,101.10954716981132,98.167,2.0,48.346999999999994,24.173499999999997
940,807,53,100.79371698113208,98.331,3.0,83.001,27.667
940,813,53,101.13364150943396,98.136,2.0,48.090999999999994,24.045499999999997
940,815,52,102.22073076923077,98.591,3.0,73.611,24.537000000000003
940,817,52,102.5585,98.898,2.0,49.312,24.656
940,822,53,100.43875471698112,98.241,2.0,47.13,23.565
940,826,52,102.33698076923076,98.366,3.0,69.88,23.293333333333333
940,828,52,102.52926923076923,99.343,2.0,46.858999999999995,23.429499999999997
940,829,50,106.00941999999999,101.452,3.0,85.282,28.427333333333333
940,830,53,101.54383018867925,98.237,2.0,51.769999999999996,25.884999999999998
940,831,49,103.05595918367348,100.088,2.0,48.879000000000005,24.439500000000002
940,832,52,101.89003846153847,98.686,2.0,63.046,31.523
940,834,51,105.1405294117647,101.467,2.0,50.234,25.117
941,1,53,110.01932075471699,100.573,1.0,30.216,30.216
941,3,7,127.62328571428571,103.133,,,
941,4,53,111.64592452830188,103.265,1.0,29.539,29.539
941,8,53,110.81852830188679,100.294,1.0,29.386,29.386
941,13,53,110.75198113207547,100.881,1.0,30.741,30.741
941,18,53,111.51869811320755,103.068,1.0,29.719,29.719
941,20,53,110.13164150943396,100.071,1.0,29.367,29.367
941,154,11,118.78927272727272,105.266,1.0,54.445,54.445
941,813,53,111.17192452830189,101.52,1.0,29.952,29.952
941,815,53,110.56494339622641,101.772,1.0,30.545,30.545
941,817,47,111.66865957446808,101.888,1.0,29.732,29.732
941,822,52,110.64623076923077,101.134,1.0,30.316,30.316
941,826,53,110.9167924528302,101.372,1.0,30.418,30.418
941,829,51,114.48435294117648,104.926,2.0,62.821,31.4105
941,830,53,111.68769811320755,102.639,2.0,67.575,33.7875
941,831,53,111.08550943396226,101.507,1.0,30.362,30.362
941,832,45,112.56928888888889,102.258,1.0,30.288,30.288
941,833,52,113.53246153846153,105.049,1.0,35.072,35.072
942,1,56,118.79826785714286,100.738,2.0,48.442,24.221
942,3,56,118.84916071428572,100.666,2.0,49.882000000000005,24.941000000000003
942,4,56,119.777125,104.323,3.0,82.023,27.340999999999998
942,8,25,122.75088000000001,106.186,2.0,59.281000000000006,29.640500000000003
942,13,23,121.01286956521739,108.231,1.0,24.646,24.646
942,18,56,119.29930357142857,103.026,3.0,76.837,25.612333333333336
942,20,56,118.85864285714285,101.33,3.0,74.753,24.917666666666666
942,154,10,136.8643,119.612,2.0,55.351,27.6755
942,807,35,121.8367142857143,105.095,2.0,54.704,27.352
942,813,56,119.37457142857143,102.849,3.0,78.351,26.117
942,815,56,119.23421428571429,103.01,2.0,51.188,25.594
942,817,56,119.75132142857143,101.98,3.0,76.74600000000001,25.582000000000004
942,822,5,157.747,130.102,2.0,66.872,33.436
942,826,41,121.27587804878048,103.728,2.0,49.843,24.9215
942,828,25,121.44532000000001,107.381,2.0,60.66,30.33
942,829,1,182.097,182.097,,,
942,830,56,119.1975357142857,103.172,2.0,50.431,25.2155
942,831,56,119.51714285714286,104.407,5.0,143.303,28.6606
942,832,56,119.25575,102.66,3.0,96.681,32.227
942,834,56,120.1425,108.173,3.0,90.08,30.026666666666667
943,1,71,86.71819718309858,80.723,2.0,44.632,22.316
943,3,71,86.69067605633802,80.521,2.0,44.694,22.347
943,4,1,118.053,118.053,,,
943,8,21,86.31171428571429,84.054,,,
943,13,71,86.99339436619718,82.009,2.0,45.935,22.9675
943,18,71,87.3838309859155,83.006,2.0,46.374,23.187
943,20,50,85.56744,81.847,2.0,50.226,25.113
943,154,71,87.22495774647888,82.893,2.0,45.836,22.918
943,807,71,87.0549014084507,82.391,2.0,47.413,23.7065
943,813,71,87.23346478873239,82.963,2.0,50.584,25.292
943,815,71,87.17438028169015,82.757,1.0,23.547,23.547
943,817,71,86.96788732394367,81.625,2.0,44.91,22.455
943,822,71,86.89619718309858,81.585,2.0,46.117000000000004,23.058500000000002
943,826,71,86.92408450704225,81.549,2.0,45.077,22.5385
943,828,71,87.25659154929578,82.716,3.0,69.709,23.236333333333334
943,829,69,89.511115942029,85.54,2.0,49.311,24.6555
943,830,71,87.18685915492958,82.603,2.0,45.574,22.787
943,831,57,88.139,83.35,3.0,70.256,23.418666666666667
943,832,71,87.37760563380282,82.172,3.0,69.97200000000001,23.324
943,834,69,89.36079710144928,85.005,2.0,55.809,27.9045
944,1,71,77.13867605633803,74.832,3.0,70.412,23.47066666666667
944,3,71,77.02943661971831,74.957,3.0,71.406,23.802000000000003
944,4,70,79.15544285714286,76.519,3.0,70.009,23.336333333333332
944,8,71,77.69905633802817,75.416,2.0,48.601,24.3005
944,13,70,78.50905714285715,75.743,3.0,71.215,23.738333333333333
944,18,70,79.02242857142856,76.321,3.0,70.909,23.636333333333337
944,20,71,77.23005633802816,75.046,3.0,71.136,23.712
944,154,70,78.67875714285714,75.739,3.0,72.22,24.073333333333334
944,807,70,78.3917,76.774,2.0,48.208,24.104
944,813,70,78.8577,76.354,2.0,54.197,27.0985
944,815,70,78.9933,75.97,3.0,71.195,23.731666666666666
944,817,70,78.87971428571429,76.313,3.0,72.691,24.230333333333334
944,822,70,78.159,76.039,2.0,48.649,24.3245
944,826,70,78.43608571428571,76.5,2.0,47.785,23.8925
944,828,69,79.42579710144928,75.789,3.0,78.949,26.316333333333333
944,829,67,81.8385671641791,79.098,2.0,52.641999999999996,26.320999999999998
944,830,70,78.83267142857143,75.972,3.0,72.39699999999999,24.13233333333333
944,831,70,79.01438571428572,76.794,2.0,50.019999999999996,25.009999999999998
944,834,67,81.99588059701493,78.617,2.0,52.198,26.099
945,1,55,107.60810909090908,104.517,2.0,42.738,21.369
945,3,55,107.45772727272728,105.356,2.0,43.217,21.6085
945,4,53,112.40983018867925,104.796,4.0,105.741,26.43525
945,8,55,107.811,104.942,2.0,47.775,23.8875
945,13,55,109.23501818181819,106.984,2.0,45.561,22.7805
945,18,54,109.9959074074074,107.509,2.0,46.032,23.016
945,20,55,108.25290909090909,104.55,2.0,43.423,21.7115
945,154,55,109.2432,105.859,2.0,44.437,22.2185
945,807,55,109.15987272727273,107.064,2.0,44.219,22.1095
945,815,55,108.6204909090909,105.892,2.0,44.038,22.019
945,817,55,108.63972727272728,106.305,2.0,44.067,22.0335
945,822,54,110.00462962962963,106.464,3.0,82.699,27.566333333333333
945,826,55,109.3190181818182,106.882,2.0,43.501999999999995,21.750999999999998
945,828,54,110.04,106.517,2.0,45.038,22.519
945,829,53,113.09818867924528,109.61,2.0,45.766999999999996,22.883499999999998
945,830,54,109.70488888888889,105.746,3.0,67.12100000000001,22.37366666666667
945,831,54,110.113,106.424,3.0,73.299,24.433000000000003
945,832,55,109.34,106.998,2.0,47.37,23.685
945,833,52,114.45426923076923,111.213,1.0,24.314,24.314
948,1,57,114.09868421052632,90.646,2.0,1112.027,556.0135
948,3,57,113.95728070175439,90.557,2.0,1110.834,555.417
948,4,16,96.20775,92.553,1.0,21.796,21.796
948,8,21,152.3687619047619,90.701,2.0,1111.873,555.9365
948,13,57,114.992,92.288,2.0,1111.355,555.6775
948,18,56,116.02175,91.684,3.0,1128.9189999999999,376.30633333333327
948,20,57,114.12645614035087,89.951,3.0,1135.1989999999998,378.39966666666663
948,154,57,115.2218596491228,92.862,1.0,1089.417,1089.417
948,807,57,115.25901754385964,92.833,2.0,1111.322,555.661
948,815,57,115.5660350877193,92.78,2.0,1112.03,556.015
948,817,57,114.38412280701755,88.997,3.0,1134.0479999999998,378.0159999999999
948,821,16,96.172,92.998,,,
948,822,57,115.27575438596492,92.725,2.0,1110.365,555.1825
948,825,57,115.45914035087719,92.452,3.0,996.228,332.07599999999996
948,828,38,127.52202631578947,93.892,3.0,1126.168,375.3893333333333
948,830,57,115.30522807017543,91.516,3.0,1140.7410000000002,380.24700000000007
948,831,56,116.17289285714286,92.711,2.0,1105.038,552.519
948,832,57,115.285,91.671,3.0,1134.777,378.259
948,835,57,115.42042105263157,92.955,2.0,1111.5800000000002,555.7900000000001
948,836,56,117.59203571428571,92.673,3.0,1132.241,377.41366666666664
948,837,17,99.41223529411765,93.847,1.0,23.224,23.224
949,1,57,99.03235087719298,94.677,3.0,74.066,24.688666666666666
949,3,57,98.50343859649122,94.482,3.0,77.92099999999999,25.973666666666663
949,8,57,98.68382456140351,95.158,3.0,75.199,25.066333333333333
949,13,56,100.32651785714286,97.56,2.0,48.329,24.1645
949,18,6,100.90583333333333,99.427,,,
949,154,57,99.87710526315789,96.095,3.0,81.953,27.317666666666668
949,807,56,101.13292857142856,95.188,4.0,108.19,27.0475
949,815,56,101.16557142857144,96.067,3.0,79.911,26.637
949,817,57,99.59982456140351,96.064,3.0,76.051,25.350333333333335
949,821,9,105.92722222222221,99.341,1.0,32.793,32.793
949,822,56,100.45064285714285,97.077,3.0,70.423,23.474333333333334
949,825,56,100.82114285714286,96.73,3.0,75.6,25.2
949,826,56,100.28267857142856,95.678,3.0,73.304,24.43466666666667
949,828,56,100.96030357142857,98.003,2.0,50.138,25.069
949,830,57,99.92324561403508,95.504,3.0,76.533,25.511
949,831,56,101.11366071428571,95.36,3.0,77.39699999999999,25.798999999999996
949,832,29,104.22106896551725,98.408,2.0,63.379000000000005,31.689500000000002
949,836,56,101.00567857142856,95.448,3.0,77.202,25.733999999999998
949,837,56,101.50401785714286,96.685,3.0,80.019,26.673000000000002
949,838,56,100.501625,96.121,3.0,74.602,24.867333333333335
950,1,56,107.35930357142857,100.662,5.0,122.126,24.4252
950,3,56,105.9623392857143,100.418,2.0,46.39,23.195
950,4,56,107.699,102.226,2.0,45.801,22.9005
950,8,56,107.138625,100.593,3.0,77.262,25.754
950,13,56,107.31075,101.815,2.0,45.473,22.7365
950,18,56,107.78358928571429,100.298,3.0,69.611,23.203666666666667
950,20,56,106.6369107142857,100.61,3.0,74.741,24.913666666666668
950,154,55,108.48374545454546,99.923,4.0,129.804,32.451
950,807,55,107.99765454545454,99.824,4.0,103.91,25.9775
950,815,56,107.64596428571429,101.846,3.0,68.051,22.683666666666667
950,817,56,106.90319642857143,101.015,3.0,69.279,23.093
950,821,55,107.9734,100.368,3.0,69.911,23.30366666666667
950,822,56,107.50148214285714,101.558,3.0,68.059,22.686333333333334
950,825,55,108.36685454545454,102.311,3.0,69.092,23.030666666666665
950,826,56,106.782625,101.546,3.0,69.375,23.125
950,828,55,108.18941818181818,103.269,2.0,47.518,23.759
950,830,56,107.37783928571429,100.399,3.0,76.908,25.636
950,831,55,108.90294545454545,100.582,3.0,85.946,28.648666666666667
950,832,56,107.46460714285715,101.485,3.0,72.855,24.285
950,835,55,109.04307272727273,102.232,3.0,70.178,23.392666666666667
950,836,55,108.45409090909091,101.489,3.0,75.34700000000001,25.11566666666667
950,837,55,109.0036909090909,102.009,3.0,72.187,24.06233333333333
951,1,53,105.41545283018867,100.266,1.0,30.001,30.001
951,3,53,104.9433396226415,99.094,1.0,29.709,29.709
951,4,52,107.02121153846153,100.347,1.0,29.751,29.751
951,8,53,105.54707547169812,100.101,1.0,30.498,30.498
951,13,53,106.34762264150943,99.743,2.0,59.616,29.808
951,18,52,107.33036538461539,101.72,1.0,30.58,30.58
951,154,52,107.22486538461538,102.026,1.0,31.42,31.42
951,815,52,107.25417307692308,101.897,2.0,63.199999999999996,31.599999999999998
951,817,52,107.47773076923076,101.179,2.0,78.96799999999999,39.483999999999995
951,821,52,108.25865384615385,102.378,2.0,65.20599999999999,32.602999999999994
951,822,53,105.89083018867925,101.159,1.0,29.841,29.841
951,825,52,107.18732692307692,101.832,1.0,30.585,30.585
951,826,52,107.99480769230769,102.344,2.0,80.18799999999999,40.093999999999994
951,828,52,107.69378846153847,102.05,2.0,60.962,30.481
951,830,33,109.08739393939393,102.029,1.0,30.553,30.553
951,831,52,108.02538461538461,102.253,1.0,30.259,30.259
951,832,52,107.46280769230769,102.205,1.0,30.805,30.805
951,835,52,107.656,102.66,1.0,30.805,30.805
951,836,51,109.7912156862745,101.907,2.0,88.584,44.292
952,4,45,95.25475555555556,89.75,2.0,44.782,22.391
952,8,66,92.43383333333333,88.538,2.0,44.275999999999996,22.137999999999998
952,13,66,93.64733333333332,89.238,3.0,65.783,21.927666666666667
952,18,65,93.88380000000001,90.26,2.0,44.870000000000005,22.435000000000002
952,20,66,92.50906060606061,87.974,3.0,65.863,21.954333333333334
952,154,56,95.26492857142857,88.974,3.0,80.863,26.954333333333334
952,807,20,98.55510000000001,91.81,1.0,22.176,22.176
952,815,66,93.62962121212122,89.801,2.0,44.596999999999994,22.298499999999997
952,817,66,93.09040909090909,88.209,4.0,88.658,22.1645
952,821,65,94.05238461538461,90.139,2.0,45.635999999999996,22.817999999999998
952,822,66,93.11042424242424,89.081,2.0,44.29900000000001,22.149500000000003
952,825,65,94.60969230769231,88.716,3.0,68.13,22.709999999999997
952,826,65,93.93480000000001,86.948,3.0,68.28,22.76
952,828,65,94.48072307692308,89.715,3.0,68.859,22.953
952,830,66,92.4245,88.816,2.0,44.717,22.3585
952,831,65,94.6179076923077,89.905,2.0,46.066,23.033
952,832,66,93.35472727272727,89.663,2.0,45.811,22.9055
952,835,65,94.56683076923078,89.779,2.0,45.68,22.84
952,836,65,94.99887692307692,91.182,2.0,48.941,24.4705
952,837,65,95.22576923076923,89.402,2.0,54.939,27.4695
953,1,78,91.91196153846153,77.939,1.0,26.315,26.315
953,3,78,93.10798717948717,78.763,2.0,54.378,27.189
953,4,78,93.00267948717948,79.17,2.0,52.348,26.174
953,8,10,127.2395,107.149,,,
953,13,77,93.40024675324676,79.213,2.0,50.116,25.058
953,18,77,93.35302597402598,79.67,2.0,51.215999999999994,25.607999999999997
953,20,78,92.1151153846154,78.005,2.0,50.675,25.3375
953,154,76,95.35622368421052,80.219,2.0,58.601,29.3005
953,807,78,93.10425641025641,79.232,2.0,52.278999999999996,26.139499999999998
953,815,78,92.08920512820512,78.446,2.0,51.322,25.661
953,817,78,92.00493589743589,78.294,2.0,60.381,30.1905
953,821,77,94.11064935064935,79.131,2.0,53.451,26.7255
953,822,77,94.09863636363637,79.223,3.0,77.515,25.838333333333335
953,825,32,111.19734375,89.802,4.0,121.514,30.3785
953,826,18,121.78844444444444,97.895,3.0,140.22500000000002,46.741666666666674
953,828,51,101.98319607843138,81.342,3.0,86.953,28.984333333333336
953,830,34,105.37270588235293,86.563,2.0,51.063,25.5315
953,831,48,103.13102083333332,81.889,3.0,101.108,33.702666666666666
953,832,77,93.12723376623377,78.519,2.0,55.849999999999994,27.924999999999997
953,835,7,134.03428571428572,118.474,,,
953,836,76,95.32636842105262,80.372,1.0,26.517,26.517
953,837,74,97.05108108108108,79.868,3.0,82.789,27.596333333333334
954,1,70,78.07565714285715,75.981,1.0,22.243,22.243
954,3,70,78.9627,75.599,2.0,45.194,22.597
954,4,69,79.92592753623188,77.307,1.0,27.952,27.952
954,8,70,78.9759,76.919,2.0,46.083,23.0415
954,13,35,80.24805714285714,77.424,1.0,22.925,22.925
954,18,9,81.4388888888889,79.456,,,
954,20,70,78.14724285714286,76.297,2.0,44.958,22.479
954,154,68,80.38758823529412,77.281,3.0,78.84899999999999,26.282999999999998
954,807,69,79.4071884057971,76.604,2.0,45.987,22.9935
954,815,69,79.52734782608697,76.559,2.0,47.313,23.6565
954,817,70,78.98471428571429,76.506,2.0,46.89,23.445
954,821,68,80.37917647058823,77.728,2.0,47.34,23.67
954,822,70,78.73882857142857,76.938,1.0,22.184,22.184
954,825,68,80.70591176470589,78.224,1.0,23.162,23.162
954,826,69,80.01102898550725,76.942,2.0,45.626999999999995,22.813499999999998
954,828,68,80.50508823529411,78.1,2.0,46.256,23.128
954,830,70,78.83308571428572,76.319,2.0,46.495,23.2475
954,831,68,81.00133823529411,77.883,2.0,47.595,23.7975
954,832,69,79.48966666666666,76.578,2.0,47.962,23.981
954,835,16,82.8326875,79.879,,,
954,836,68,80.82023529411765,78.282,2.0,49.3,24.65
954,837,68,81.4687205882353,78.658,2.0,54.801,27.4005
955,1,51,110.3666862745098,106.822,1.0,20.108,20.108
955,3,51,109.26207843137254,106.485,1.0,20.058,20.058
955,4,42,112.82930952380953,109.101,2.0,40.936,20.468
955,8,51,109.81309803921569,107.181,1.0,20.593,20.593
955,13,51,110.9360980392157,107.761,2.0,39.303,19.6515
955,18,51,111.3173137254902,107.622,2.0,40.825,20.4125
955,20,51,109.58945098039216,107.028,1.0,20.422,20.422
955,154,50,111.59922,107.943,2.0,44.72,22.36
955,807,51,110.78576470588234,108.012,1.0,20.347,20.347
955,815,51,109.757,106.99,1.0,20.614,20.614
955,817,51,110.61950980392156,107.736,2.0,39.995000000000005,19.997500000000002
955,821,50,112.1786,107.563,2.0,50.760000000000005,25.380000000000003
955,822,51,110.45592156862746,107.604,1.0,19.732,19.732
955,825,50,111.83462,109.282,1.0,20.772,20.772
955,826,6,122.8235,113.167,1.0,24.802,24.802
955,828,50,112.45408,108.898,2.0,41.641999999999996,20.820999999999998
955,830,51,110.64827450980391,106.973,2.0,42.566,21.283
955,831,50,111.55064,107.708,2.0,41.383,20.6915
955,832,31,112.99103225806452,108.804,2.0,43.058,21.529
955,835,50,112.08239999999999,107.583,2.0,41.525999999999996,20.762999999999998
955,836,39,113.48628205128205,110.571,1.0,26.187,26.187
955,837,49,113.98697959183673,111.365,1.0,33.405,33.405
956,1,71,74.05784507042254,68.411,4.0,80.726,20.1815
956,3,71,74.29319718309858,68.491,4.0,79.104,19.776
956,4,64,75.72253125,71.02,4.0,79.761,19.94025
956,8,71,74.14269014084506,68.876,3.0,61.577,20.525666666666666
956,13,63,75.71390476190476,69.899,4.0,78.73100000000001,19.682750000000002
956,18,71,74.58891549295775,70.001,4.0,82.16499999999999,20.541249999999998
956,20,26,72.15919230769231,71.441,,,
956,154,71,74.61654929577465,69.925,3.0,61.07599999999999,20.358666666666664
956,807,64,76.007671875,70.309,5.0,107.27,21.454
956,815,69,74.80752173913044,70.12,4.0,77.809,19.45225
956,817,71,74.49419718309859,68.77,4.0,81.22200000000001,20.305500000000002
956,821,70,75.16655714285714,69.694,4.0,78.757,19.68925
956,822,70,75.14238571428572,70.21,4.0,81.362,20.3405
956,825,70,75.45005714285715,70.45,4.0,86.48400000000001,21.621000000000002
956,826,2,82.3165,78.302,,,
956,828,70,75.50545714285714,70.704,4.0,82.766,20.6915
956,830,71,74.13839436619719,69.618,3.0,57.565,19.188333333333333
956,831,70,75.40735714285715,70.415,3.0,61.375,20.458333333333332
956,832,71,74.72545070422535,70.138,3.0,74.703,24.901
956,835,70,75.38052857142857,70.228,4.0,79.706,19.9265
956,836,70,75.15768571428572,70.859,4.0,82.757,20.68925
956,837,70,75.52612857142857,70.342,4.0,82.606,20.6515
957,1,52,109.53521153846154,95.771,2.0,59.071,29.5355
957,3,52,109.66811538461539,95.548,2.0,59.11,29.555
957,4,51,112.05476470588235,95.669,3.0,90.10900000000001,30.036333333333335
957,8,52,110.87642307692307,96.994,2.0,60.04,30.02
957,13,51,111.70039215686275,96.141,3.0,87.99199999999999,29.330666666666662
957,18,51,111.78227450980391,97.907,2.0,59.681,29.8405
957,20,52,111.2016346153846,96.933,2.0,60.544,30.272
957,154,17,137.19429411764705,111.966,2.0,62.514,31.257
957,807,52,111.02967307692307,97.618,2.0,60.614000000000004,30.307000000000002
957,815,52,111.01484615384615,97.9,2.0,58.39,29.195
957,817,52,110.03926923076924,96.013,2.0,60.010999999999996,30.005499999999998
957,821,51,112.75876470588236,97.713,2.0,71.392,35.696
957,822,51,112.38186274509805,97.383,2.0,59.09,29.545
957,825,49,113.83763265306123,97.619,3.0,88.455,29.485
957,826,52,111.31598076923076,97.667,2.0,60.642,30.321
957,828,11,160.32672727272725,120.286,2.0,140.373,70.1865
957,830,52,109.69386538461539,96.407,2.0,61.424,30.712
957,831,51,112.55345098039216,98.71,2.0,61.124,30.562
957,832,52,111.18632692307692,97.401,2.0,60.681,30.3405
957,835,37,120.84056756756758,99.755,3.0,126.967,42.32233333333333
957,836,6,169.41116666666665,144.906,1.0,31.812,31.812
957,837,24,129.14891666666668,101.38,2.0,60.133,30.0665
958,1,70,86.1445,83.849,2.0,43.214,21.607
958,3,70,86.17274285714286,83.67,2.0,43.584,21.792
958,4,69,87.4763768115942,84.958,2.0,43.995999999999995,21.997999999999998
958,8,70,86.84512857142857,83.086,2.0,43.808,21.904
958,13,68,89.03591176470589,85.296,2.0,44.159,22.0795
958,18,60,89.1442,86.744,3.0,61.433,20.477666666666668
958,20,70,86.54754285714286,84.383,2.0,43.175,21.5875
958,154,69,88.20550724637681,85.958,2.0,44.730000000000004,22.365000000000002
958,807,69,87.7349420289855,85.392,2.0,45.364000000000004,22.682000000000002
958,815,69,87.9496811594203,85.021,2.0,52.629999999999995,26.314999999999998
958,817,70,86.5379142857143,84.608,2.0,44.247,22.1235
958,821,69,88.03950724637681,85.955,2.0,45.348,22.674
958,822,69,87.63217391304347,85.273,2.0,43.109,21.5545
958,825,69,88.22402898550725,86.23,2.0,44.041,22.0205
958,826,69,88.23444927536232,84.669,2.0,50.056,25.028
958,828,68,89.36104411764707,85.475,3.0,70.379,23.459666666666667
958,830,70,86.83962857142858,84.687,2.0,44.076,22.038
958,831,69,88.2557536231884,85.676,2.0,45.742999999999995,22.871499999999997
958,832,69,87.52684057971014,85.103,2.0,45.377,22.6885
958,835,69,88.05472463768115,85.743,2.0,43.557,21.7785
958,836,68,89.30454411764707,86.524,2.0,46.251000000000005,23.125500000000002
958,837,68,89.77433823529411,87.791,1.0,24.254,24.254
959,1,67,81.25671641791044,78.746,3.0,55.629000000000005,18.543000000000003
959,3,67,81.49320895522388,79.122,3.0,66.993,22.331
959,4,66,82.87280303030302,80.132,3.0,57.825,19.275000000000002
959,8,67,81.80929850746269,79.572,3.0,61.06,20.353333333333335
959,13,36,84.63036111111111,81.476,2.0,54.985,27.4925
959,18,66,82.60863636363636,79.781,3.0,57.819,19.273
959,20,67,81.74283582089552,78.71,3.0,57.702,19.233999999999998
959,154,66,82.92462121212121,80.25,2.0,40.164,20.082
959,807,67,82.30222388059701,80.056,3.0,58.659,19.553
959,815,66,82.70451515151515,79.606,3.0,57.835,19.278333333333332
959,817,67,81.3611343283582,78.442,3.0,56.681,18.893666666666665
959,821,66,82.80598484848485,79.883,2.0,39.425,19.7125
959,822,66,82.68062121212121,80.442,2.0,37.979,18.9895
959,825,66,83.25162121212122,81.649,2.0,38.193,19.0965
959,826,66,83.00554545454546,79.585,3.0,62.733999999999995,20.91133333333333
959,828,65,83.96678461538463,81.212,2.0,39.466,19.733
959,830,67,81.4569104477612,78.91,3.0,57.120999999999995,19.040333333333333
959,831,57,84.47152631578948,81.42,3.0,69.564,23.188
959,832,66,82.96769696969697,79.957,3.0,62.045,20.68166666666667
959,835,65,84.15595384615385,81.127,3.0,65.711,21.903666666666666
959,836,65,83.83004615384615,80.71,3.0,59.097,19.699
959,837,65,84.57756923076924,81.845,3.0,73.422,24.474
960,1,44,143.60663636363634,111.583,3.0,1047.253,349.0843333333333
960,3,44,142.9785909090909,111.746,2.0,1018.746,509.373
960,4,44,144.32961363636366,114.484,2.0,1020.6850000000001,510.34250000000003
960,8,44,144.3674318181818,113.498,4.0,1076.359,269.08975
960,13,44,144.47570454545456,114.342,3.0,1045.663,348.5543333333333
960,18,1,141.859,141.859,,,
960,20,44,144.01027272727273,112.728,3.0,1043.676,347.892
960,154,44,144.71663636363635,113.803,3.0,1046.178,348.72600000000006
960,807,44,143.79465909090908,113.53,3.0,1046.047,348.68233333333336
960,815,44,143.90268181818183,113.414,3.0,1046.719,348.90633333333335
960,817,44,143.29934090909092,112.461,2.0,1020.9319999999999,510.46599999999995
960,821,44,144.65761363636364,114.335,3.0,1045.6689999999999,348.55633333333327
960,822,44,144.3456590909091,114.12,3.0,1042.836,347.612
960,825,5,121.888,116.588,,,
960,826,44,144.95806818181816,112.081,3.0,1047.188,349.0626666666667
960,828,3,140.78633333333335,130.752,,,
960,830,44,144.59536363636366,113.281,4.0,1075.739,268.93475
960,831,43,146.59388372093022,116.152,3.0,1057.826,352.6086666666667
960,832,1,125.072,125.072,,,
960,835,44,145.09597727272725,113.251,4.0,1068.843,267.21075
960,839,43,146.567,115.734,3.0,1053.906,351.30199999999996
961,1,53,87.9841320754717,86.303,1.0,23.633,23.633
961,3,53,87.6997924528302,86.599,1.0,25.55,25.55
961,4,52,89.97596153846153,85.34,3.0,74.619,24.873
961,8,53,88.21981132075472,86.016,2.0,48.394999999999996,24.197499999999998
961,13,53,88.93784905660378,86.4,2.0,47.762,23.881
961,18,52,89.46588461538461,86.354,2.0,50.845,25.4225
961,20,53,88.09583018867924,86.31,2.0,50.505,25.2525
961,154,52,89.45528846153847,87.227,1.0,25.34,25.34
961,807,53,89.1838679245283,86.954,2.0,48.596000000000004,24.298000000000002
961,815,53,88.9253396226415,86.92,2.0,48.57,24.285
961,817,53,88.55441509433962,85.919,2.0,47.378,23.689
961,821,52,89.85419230769232,87.106,2.0,50.665,25.3325
961,822,53,88.66233962264151,86.708,2.0,48.06,24.03
961,825,52,91.0516923076923,87.618,2.0,48.262,24.131
961,826,36,91.65825,88.037,2.0,49.546,24.773
961,828,52,90.42248076923076,88.552,1.0,25.145,25.145
961,830,53,88.72311320754717,86.405,2.0,48.437,24.2185
961,831,6,255.09616666666665,97.837,3.0,874.8340000000001,291.61133333333333
961,832,52,90.0273653846154,86.751,2.0,49.641999999999996,24.820999999999998
961,835,7,100.509,91.361,1.0,33.275,33.275
961,836,26,90.848,88.723,1.0,25.962,25.962
961,839,51,91.45896078431372,88.534,1.0,25.539,25.539
962,1,61,114.04898360655737,107.752,4.0,110.339,27.58475
962,3,61,113.91721311475409,110.296,3.0,85.866,28.622
962,4,61,115.37947540983608,111.249,3.0,84.431,28.143666666666665
962,8,61,114.08473770491804,108.204,4.0,112.004,28.001
962,13,60,116.12065,111.455,4.0,114.092,28.523
962,18,43,118.90130232558138,111.631,3.0,100.838,33.61266666666666
962,20,61,114.3712131147541,107.345,3.0,82.657,27.552333333333333
962,815,61,115.73790163934426,111.517,2.0,61.563,30.7815
962,817,61,113.92521311475409,107.187,4.0,112.398,28.0995
962,821,60,116.09648333333334,111.075,3.0,86.98599999999999,28.99533333333333
962,822,35,120.69425714285714,111.368,4.0,153.714,38.4285
962,825,61,115.88363934426229,110.858,3.0,84.32900000000001,28.10966666666667
962,826,61,115.74601639344263,110.944,3.0,84.09,28.03
962,828,60,117.1461,110.963,4.0,114.989,28.74725
962,830,61,115.08437704918033,109.05,4.0,112.357,28.08925
962,831,60,116.43721666666666,111.683,3.0,84.89099999999999,28.296999999999997
962,832,60,116.54260000000001,110.532,4.0,114.51599999999999,28.628999999999998
962,835,60,116.89206666666666,111.777,3.0,82.862,27.620666666666665
962,836,60,117.13835,112.021,3.0,85.311,28.437
962,839,59,119.38364406779661,111.748,4.0,201.70800000000003,50.42700000000001
963,1,40,103.3143,98.595,1.0,23.689,23.689
963,3,56,104.4337857142857,96.424,3.0,71.887,23.962333333333333
963,4,56,105.3210892857143,98.291,3.0,73.176,24.392
963,8,56,104.67073214285715,97.466,3.0,73.805,24.60166666666667
963,13,55,106.62292727272728,99.92,3.0,71.731,23.91033333333333
963,18,56,105.61771428571429,98.74,2.0,49.382999999999996,24.691499999999998
963,154,7,111.41814285714285,102.142,,,
963,807,56,105.47925,97.793,3.0,75.813,25.271
963,815,56,105.29589285714286,99.328,2.0,50.971000000000004,25.485500000000002
963,817,56,104.15671428571429,97.449,2.0,48.605000000000004,24.302500000000002
963,821,39,107.64307692307692,101.775,3.0,80.602,26.867333333333335
963,822,56,105.25639285714286,99.199,1.0,23.828,23.828
963,825,17,113.059,103.379,1.0,30.679,30.679
963,826,55,106.83921818181818,99.798,3.0,81.469,27.156333333333333
963,828,55,106.22896363636364,99.781,2.0,49.977999999999994,24.988999999999997
963,830,56,104.20033928571429,97.376,3.0,76.065,25.355
963,831,46,107.9968695652174,100.49,1.0,24.697,24.697
963,832,56,105.92239285714285,99.243,2.0,48.873,24.4365
963,835,56,105.86146428571429,99.35,1.0,23.928,23.928
963,836,55,107.29639999999999,99.653,3.0,77.17699999999999,25.725666666666665
963,839,55,107.68227272727272,101.467,2.0,58.706,29.353
964,1,53,98.28507547169812,95.152,2.0,45.721000000000004,22.860500000000002
964,3,53,98.17609433962264,96.049,2.0,45.82299999999999,22.911499999999997
964,4,52,100.73892307692307,98.208,2.0,45.818,22.909
964,8,53,98.71137735849057,95.99,2.0,46.006,23.003
964,13,53,100.020679245283,97.785,1.0,22.463,22.463
964,18,52,100.82265384615384,97.177,2.0,47.717,23.8585
964,20,53,98.5585283018868,95.118,2.0,46.113,23.0565
964,154,53,100.04881132075471,97.02,2.0,49.17,24.585
964,807,53,99.29264150943396,97.351,2.0,45.784000000000006,22.892000000000003
964,815,53,99.26090566037736,96.756,2.0,46.326,23.163
964,817,53,98.81649056603774,95.511,2.0,48.857,24.4285
964,821,52,101.05101923076923,97.775,2.0,47.902,23.951
964,822,53,100.03124528301888,97.844,1.0,25.007,25.007
964,825,52,100.68311538461539,98.036,1.0,23.072,23.072
964,826,52,100.49721153846153,97.597,2.0,45.933,22.9665
964,828,52,100.69761538461539,98.496,1.0,24.011,24.011
964,830,53,98.27001886792453,96.386,2.0,45.643,22.8215
964,831,52,100.992,98.544,1.0,25.131,25.131
964,832,52,100.75588461538462,97.723,2.0,45.924,22.962
964,835,52,100.38098076923076,97.978,1.0,23.452,23.452
964,836,52,101.47392307692307,98.0,2.0,50.090999999999994,25.045499999999997
964,839,52,101.092,98.38,2.0,49.229,24.6145
965,1,56,105.22532142857143,102.386,2.0,47.176,23.588
965,3,56,105.30603571428571,101.897,2.0,47.675,23.8375
965,4,56,106.90305357142857,103.502,2.0,48.983000000000004,24.491500000000002
965,8,38,106.65128947368422,101.841,3.0,73.218,24.406000000000002
965,13,55,107.25612727272727,103.414,3.0,71.46,23.819999999999997
965,18,55,107.55667272727273,104.468,2.0,49.248000000000005,24.624000000000002
965,20,56,105.99557142857144,99.877,3.0,72.401,24.133666666666667
965,154,55,107.70032727272726,104.335,2.0,50.579,25.2895
965,807,1,143.182,143.182,,,
965,815,55,107.52109090909092,103.925,2.0,47.817,23.9085
965,817,56,105.5769642857143,102.555,2.0,47.489999999999995,23.744999999999997
965,821,16,110.5589375,105.364,1.0,24.47,24.47
965,822,55,108.8303090909091,104.977,2.0,52.32,26.16
965,825,55,108.05692727272728,102.475,3.0,72.311,24.10366666666667
965,826,55,108.1353090909091,104.73,1.0,37.837,37.837
965,828,55,108.33796363636364,105.14,1.0,25.229,25.229
965,830,28,106.00425,102.424,2.0,59.601,29.8005
965,831,55,108.64294545454545,104.117,1.0,24.244,24.244
965,832,56,106.94182142857143,102.832,2.0,49.059,24.5295
965,835,55,108.2504,104.724,2.0,48.837,24.4185
965,836,55,108.8513090909091,105.451,2.0,51.241,25.6205
965,839,54,109.56472222222222,103.585,3.0,77.413,25.804333333333332
966,1,71,84.94932394366198,82.596,1.0,21.709,21.709
966,3,71,85.06698591549296,82.792,1.0,21.997,21.997
966,4,70,86.87712857142857,83.668,2.0,47.632,23.816
966,8,71,85.64476056338029,82.512,2.0,45.372,22.686
966,13,71,86.02264788732394,83.576,1.0,21.863,21.863
966,18,70,86.7566,83.777,1.0,22.438,22.438
966,20,71,85.1931690140845,82.497,1.0,22.035,22.035
966,154,70,87.29910000000001,83.278,2.0,46.635000000000005,23.317500000000003
966,807,71,85.77877464788733,83.288,1.0,22.134,22.134
966,815,71,86.03098591549296,83.607,1.0,22.213,22.213
966,817,71,85.2430985915493,81.134,2.0,44.53,22.265
966,821,70,87.1704857142857,83.456,2.0,48.308,24.154
966,822,71,85.8734366197183,83.54,1.0,22.396,22.396
966,825,70,87.16097142857143,83.146,2.0,44.655,22.3275
966,826,70,87.08962857142858,83.618,2.0,45.53,22.765
966,828,70,86.6597,84.34,1.0,32.608,32.608
966,830,71,85.17922535211267,82.887,1.0,21.775,21.775
966,831,70,87.07794285714286,83.657,1.0,23.54,23.54
966,832,70,87.03232857142858,84.467,1.0,22.747,22.747
966,835,70,86.96567142857143,84.574,1.0,23.897,23.897
966,839,69,87.84236231884057,84.964,1.0,23.866,23.866
967,1,71,152.97654929577467,85.639,2.0,3492.409,1746.2045
967,3,71,153.13788732394366,86.222,2.0,3491.371,1745.6855
967,4,71,153.60235211267604,87.104,3.0,3517.428,1172.4759999999999
967,8,19,112.97957894736842,88.847,,,
967,13,46,183.79195652173914,86.767,4.0,3554.7740000000003,888.6935000000001
967,18,71,154.13139436619718,86.983,5.0,3569.001,713.8002
967,20,71,153.34745070422534,86.195,3.0,3524.541,1174.847
967,807,71,153.39664788732395,86.728,3.0,3518.09,1172.6966666666667
967,815,71,153.33353521126762,87.093,2.0,3490.688,1745.344
967,817,71,153.4059295774648,85.532,5.0,3572.0899999999997,714.4179999999999
967,821,60,166.11781666666667,87.805,4.0,3538.573,884.64325
967,822,71,153.6144647887324,86.062,4.0,3542.27,885.5675
967,825,71,153.70267605633805,86.524,4.0,3542.704,885.676
967,826,71,153.6975633802817,87.476,4.0,3546.767,886.69175
967,828,11,115.50127272727272,91.265,1.0,25.395,25.395
967,830,71,153.27909859154929,85.305,5.0,3563.738,712.7475999999999
967,831,71,153.5768309859155,87.547,2.0,3491.42,1745.71
967,832,71,153.38725352112675,87.153,2.0,3491.881,1745.9405
967,835,20,115.2755,94.334,2.0,49.400999999999996,24.700499999999998
967,836,71,153.8286338028169,87.919,3.0,3518.9519999999998,1172.984
967,839,71,153.62174647887323,87.796,2.0,3494.1440000000002,1747.0720000000001
968,1,55,106.98205454545455,105.137,2.0,43.955,21.9775
968,3,55,106.99003636363636,105.261,2.0,44.971000000000004,22.485500000000002
968,4,55,108.07107272727272,104.495,2.0,44.676,22.338
968,8,55,107.32416363636364,105.163,2.0,44.046,22.023
968,13,55,108.0627090909091,105.675,2.0,43.314,21.657
968,18,12,113.56991666666667,108.753,,,
968,20,55,106.99738181818182,103.729,2.0,43.583,21.7915
968,154,55,108.378,104.97,2.0,45.365,22.6825
968,807,55,107.89321818181818,105.949,2.0,43.316,21.658
968,815,55,108.0507090909091,105.249,2.0,43.32,21.66
968,817,55,107.07869090909091,104.889,2.0,43.852000000000004,21.926000000000002
968,821,55,108.71138181818182,105.928,2.0,44.134,22.067
968,822,6,110.51183333333333,107.837,,,
968,825,5,117.4616,108.601,1.0,27.068,27.068
968,826,14,111.63692857142857,108.752,1.0,21.896,21.896
968,828,54,109.6605925925926,106.216,1.0,22.991,22.991
968,830,55,107.0126909090909,105.187,1.0,21.221,21.221
968,831,54,109.76003703703704,106.287,2.0,53.205,26.6025
968,832,41,110.29582926829268,106.591,2.0,43.696,21.848
968,835,54,109.81861111111111,105.715,3.0,69.514,23.171333333333333
968,836,54,109.64405555555557,106.145,2.0,56.34400000000001,28.172000000000004
968,839,54,109.52729629629629,106.189,2.0,47.061,23.5305
969,1,57,88.80082456140352,87.033,1.0,21.709,21.709
969,4,50,91.72838,90.077,1.0,22.484,22.484
969,8,57,89.01868421052632,86.538,1.0,22.033,22.033
969,13,57,90.08873684210526,88.045,1.0,21.568,21.568
969,20,57,88.6258245614035,86.638,1.0,21.988,21.988
969,154,13,91.33407692307692,90.183,,,
969,807,56,91.44866071428571,88.486,2.0,46.289,23.1445
969,815,56,90.49248214285714,88.336,1.0,22.045,22.045
969,817,25,98.88004,89.447,,,
969,822,57,88.82319298245613,86.593,1.0,21.44,21.44
969,825,46,93.98471739130436,87.568,2.0,53.525,26.7625
969,826,56,90.75867857142856,86.711,2.0,49.585,24.7925
969,828,21,94.35571428571428,92.052,,,
969,830,57,89.13156140350878,86.964,1.0,22.208,22.208
969,832,56,90.51558928571428,87.677,1.0,21.762,21.762
969,835,15,96.51219999999999,92.195,,,
969,838,55,92.70558181818181,89.44,1.0,39.562,39.562
969,839,56,91.430625,88.475,1.0,22.154,22.154
969,840,40,92.860525,89.389,2.0,44.673,22.3365
969,841,55,92.44118181818182,89.052,1.0,28.591,28.591
970,1,56,104.57425,95.378,4.0,81.02,20.255
970,4,33,111.27827272727272,99.496,4.0,76.158,19.0395
970,8,56,105.43275,96.003,4.0,82.27799999999999,20.569499999999998
970,13,55,107.71610909090909,96.511,6.0,121.113,20.1855
970,20,56,104.68585714285715,95.423,5.0,97.435,19.487000000000002
970,154,55,107.25994545454544,97.551,5.0,112.596,22.5192
970,807,55,107.56636363636363,98.015,5.0,115.751,23.1502
970,815,55,106.91072727272729,96.531,6.0,123.019,20.50316666666667
970,817,56,105.39630357142856,96.791,4.0,80.938,20.2345
970,822,56,105.44582142857143,95.849,4.0,91.27,22.8175
970,825,55,106.6517090909091,97.528,5.0,99.16499999999999,19.833
970,826,18,122.01444444444444,100.09,4.0,75.982,18.9955
970,828,55,108.23374545454546,99.732,4.0,79.96300000000001,19.990750000000002
970,830,56,105.38125,96.722,4.0,80.648,20.162
970,832,56,105.87591071428571,97.398,4.0,74.89099999999999,18.722749999999998
970,835,55,107.60361818181818,98.181,4.0,75.876,18.969
970,838,17,126.4164705882353,101.46,4.0,77.058,19.2645
970,839,55,107.03032727272728,97.036,5.0,108.812,21.7624
970,841,3,143.87933333333334,122.409,1.0,29.443,29.443
971,1,57,98.9479649122807,92.798,2.0,61.369,30.6845
971,4,54,101.40444444444444,95.595,2.0,49.644999999999996,24.822499999999998
971,8,57,99.22542105263157,93.72,2.0,52.286,26.143
971,13,57,99.78421052631579,94.256,2.0,49.944,24.972
971,20,57,98.83112280701754,93.826,2.0,49.016000000000005,24.508000000000003
971,154,57,100.14454385964913,94.948,2.0,50.04,25.02
971,807,57,100.2379298245614,95.372,2.0,51.769000000000005,25.884500000000003
971,815,57,99.92947368421052,94.609,2.0,48.962,24.481
971,817,57,99.52140350877193,93.495,2.0,50.512,25.256
971,822,57,99.1889649122807,94.087,2.0,52.908,26.454
971,825,8,100.029625,98.718,,,
971,826,56,100.81041071428571,94.985,2.0,50.45,25.225
971,828,50,101.41446,95.086,1.0,25.576,25.576
971,830,11,97.49909090909091,96.681,1.0,25.174,25.174
971,832,12,99.045,98.026,1.0,25.001,25.001
971,835,56,100.93992857142857,95.552,2.0,53.886,26.943
971,836,56,100.80003571428571,96.786,1.0,26.542,26.542
971,839,57,100.51026315789473,95.179,2.0,49.169,24.5845
971,840,12,100.73891666666667,96.303,1.0,24.915,24.915
972,1,52,102.4050576923077,98.398,1.0,29.739,29.739
972,8,52,101.91813461538462,96.844,1.0,30.152,30.152
972,13,51,103.74856862745098,98.232,2.0,59.843,29.9215
972,20,52,101.71846153846153,97.312,1.0,30.097,30.097
972,807,52,103.55636538461539,98.418,1.0,30.28,30.28
972,815,52,103.37559615384616,98.661,1.0,29.868,29.868
972,817,5,136.684,102.285,,,
972,822,52,101.70659615384615,97.367,1.0,29.356,29.356
972,825,51,104.5724705882353,99.566,1.0,36.559,36.559
972,826,51,104.19643137254901,98.3,1.0,29.991,29.991
972,828,51,105.17135294117648,99.835,2.0,62.89,31.445
972,830,52,102.8684423076923,98.429,1.0,29.567,29.567
972,832,51,104.00711764705882,98.858,1.0,29.973,29.973
972,836,50,105.87505999999999,100.922,2.0,62.065,31.0325
972,838,51,105.11894117647059,99.79,2.0,66.00399999999999,33.001999999999995
972,839,52,103.53359615384616,98.745,1.0,30.253,30.253
972,840,51,104.11760784313726,98.87,1.0,29.791,29.791
973,1,66,87.21965151515153,83.593,2.0,43.266000000000005,21.633000000000003
973,4,64,90.263234375,83.894,3.0,68.967,22.989
973,13,64,90.348859375,86.472,3.0,85.97,28.656666666666666
973,20,66,87.27253030303031,83.674,2.0,44.806,22.403
973,154,65,89.8848153846154,86.871,2.0,45.507,22.7535
973,807,65,89.549,86.703,2.0,44.852,22.426
973,815,65,89.01169230769231,85.755,2.0,48.189,24.0945
973,817,66,88.3684393939394,83.686,2.0,43.729,21.8645
973,822,38,89.52213157894738,84.696,1.0,21.689,21.689
973,825,64,90.437421875,86.371,3.0,71.569,23.856333333333335
973,826,65,89.84376923076924,85.976,2.0,44.352000000000004,22.176000000000002
973,828,64,90.084390625,86.213,2.0,45.769999999999996,22.884999999999998
973,830,1,160.999,160.999,,,
973,832,65,89.63855384615385,86.186,2.0,44.366,22.183
973,835,64,90.457046875,84.843,3.0,70.67099999999999,23.557
973,836,65,89.62101538461539,86.476,1.0,23.445,23.445
973,838,32,90.4368125,87.554,1.0,22.547,22.547
973,839,65,89.18618461538462,86.276,2.0,45.259,22.6295
973,840,64,90.52996875,86.838,2.0,44.17100000000001,22.085500000000003
974,1,78,80.77103846153847,75.825,1.0,24.155,24.155
974,8,78,80.60878205128205,75.527,1.0,24.833,24.833
974,13,78,80.81775641025641,76.543,2.0,49.476,24.738
974,18,57,79.89147368421052,76.912,2.0,50.522,25.261
974,20,78,80.56846153846153,75.238,1.0,24.306,24.306
974,154,78,80.80115384615384,77.095,1.0,24.66,24.66
974,807,15,79.33786666666667,77.885,,,
974,815,78,81.06960256410257,74.82,3.0,91.824,30.608
974,817,78,80.61647435897436,75.756,1.0,24.183,24.183
974,822,78,80.63919230769231,76.439,1.0,24.308,24.308
974,825,78,80.8433717948718,76.313,2.0,51.019,25.5095
974,826,71,81.07721126760563,76.539,1.0,24.406,24.406
974,828,63,81.11057142857143,76.829,1.0,24.949,24.949
974,830,78,80.64793589743589,76.329,2.0,51.021,25.5105
974,832,78,80.72279487179487,76.649,1.0,24.427,24.427
974,835,78,80.85996153846153,76.614,1.0,25.472,25.472
974,836,57,79.85515789473683,78.034,1.0,25.813,25.813
974,838,66,81.0805606060606,76.665,1.0,24.768,24.768
974,839,78,80.87262820512821,76.482,3.0,73.437,24.479
974,840,71,81.43681690140846,76.075,2.0,51.938,25.969
975,1,70,79.7879142857143,74.551,1.0,23.061,23.061
975,4,66,81.30530303030302,75.853,1.0,23.526,23.526
975,8,70,80.62551428571429,75.388,2.0,47.260000000000005,23.630000000000003
975,20,70,80.30087142857143,74.719,2.0,54.941,27.4705
975,154,69,81.34389855072465,76.949,1.0,31.256,31.256
975,807,70,80.65039999999999,76.136,1.0,26.764,26.764
975,815,70,80.36614285714286,76.367,1.0,23.229,23.229
975,817,70,80.29215714285715,76.165,1.0,23.309,23.309
975,822,70,80.07052857142857,75.894,1.0,22.946,22.946
975,825,69,81.36549275362319,76.341,1.0,28.869,28.869
975,826,54,83.97364814814814,76.713,2.0,124.46199999999999,62.230999999999995
975,828,69,81.62202898550724,76.995,1.0,24.047,24.047
975,830,10,90.71010000000001,77.187,,,
975,835,69,81.35946376811593,76.704,1.0,24.423,24.423
975,836,68,82.32901470588234,77.091,2.0,75.959,37.9795
975,838,69,81.65931884057972,76.774,1.0,23.267,23.267
975,839,70,80.36957142857143,76.247,1.0,23.409,23.409
975,840,69,81.07972463768115,75.979,1.0,22.79,22.79
976,1,51,145.91688235294117,103.469,4.0,1373.4450000000002,343.36125000000004
976,4,51,146.9632156862745,105.168,3.0,1349.5079999999998,449.83599999999996
976,8,46,153.76032608695652,105.542,4.0,1637.077,409.26925
976,13,25,188.39651999999998,107.34,3.0,1347.1570000000002,449.05233333333337
976,20,51,145.9127254901961,103.441,4.0,1375.358,343.8395
976,154,50,149.04698000000002,106.831,5.0,1395.069,279.0138
976,807,24,190.8675,108.536,3.0,1350.5420000000001,450.1806666666667
976,815,39,162.20964102564102,105.588,4.0,1645.436,411.359
976,817,51,145.79554901960782,104.882,4.0,1372.037,343.00925
976,822,51,145.8720980392157,103.925,4.0,1385.158,346.2895
976,825,51,146.61423529411766,106.312,3.0,1348.223,449.40766666666667
976,826,9,110.94333333333333,108.394,,,
976,828,51,147.595431372549,107.186,3.0,1364.9070000000002,454.96900000000005
976,830,12,111.4085,106.398,,,
976,832,51,146.7641764705882,105.866,3.0,1349.699,449.8996666666667
976,835,7,123.56671428571428,111.673,,,
976,836,51,147.5424705882353,107.12,5.0,1426.36,285.272
976,838,51,147.60260784313726,106.648,4.0,1371.155,342.78875
976,839,51,146.38962745098038,105.634,4.0,1381.084,345.271
976,840,51,145.87415686274508,105.108,3.0,1350.68,450.2266666666667
977,1,71,69.23877464788733,67.411,1.0,20.761,20.761
977,4,1,96.711,96.711,,,
977,8,71,69.42102816901408,67.486,1.0,21.662,21.662
977,13,70,70.36462857142858,68.419,1.0,20.977,20.977
977,20,71,69.14339436619719,67.496,1.0,21.75,21.75
977,154,71,70.16454929577465,68.59,1.0,22.026,22.026
977,807,70,70.99811428571428,69.043,1.0,21.977,21.977
977,815,70,70.24535714285715,68.47,1.0,22.03,22.03
977,817,71,69.21880281690142,67.442,1.0,21.713,21.713
977,822,71,69.13412676056338,67.847,1.0,22.387,22.387
977,825,29,72.14731034482757,70.402,,,
977,826,68,72.3889705882353,68.061,3.0,72.02,24.006666666666664
977,828,69,71.42755072463768,69.284,1.0,22.339,22.339
977,832,44,71.92797727272728,69.15,1.0,21.659,21.659
977,835,70,70.62988571428572,68.652,1.0,22.233,22.233
977,836,70,71.07015714285714,69.241,1.0,22.414,22.414
977,838,70,70.84914285714285,68.422,2.0,37.92,18.96
977,839,70,70.35127142857144,68.659,1.0,22.176,22.176
977,840,70,70.6221,68.777,1.0,21.332,21.332
978,1,51,95.83196078431372,90.621,1.0,27.733,27.733
978,4,32,100.933625,94.263,1.0,28.269,28.269
978,8,51,96.54901960784314,91.517,2.0,57.533,28.7665
978,13,50,97.85458,93.562,1.0,27.583,27.583
978,20,51,97.67488235294117,91.872,2.0,63.567,31.7835
978,154,50,98.34524,92.29,2.0,57.359,28.6795
978,807,51,97.16743137254902,92.577,1.0,30.841,30.841
978,815,50,97.83844,93.504,1.0,28.942,28.942
978,817,51,97.12519607843137,91.874,1.0,27.91,27.91
978,822,51,96.10770588235293,90.905,1.0,27.858,27.858
978,825,50,98.05918,92.683,1.0,28.099,28.099
978,826,50,98.7838,93.594,3.0,97.06299999999999,32.35433333333333
978,828,50,98.54648,93.119,1.0,28.825,28.825
978,830,51,96.85401960784313,90.678,2.0,57.203,28.6015
978,836,50,98.98212,93.342,3.0,91.05199999999999,30.350666666666665
978,838,50,97.93318,93.464,1.0,29.337,29.337
978,839,50,97.7984,93.521,1.0,29.194,29.194
978,840,50,98.94752,93.4,2.0,58.184,29.092
979,1,70,85.70854285714286,80.818,1.0,21.338,21.338
979,4,70,86.54194285714286,80.182,1.0,22.399,22.399
979,8,70,85.53744285714286,80.461,1.0,21.919,21.919
979,20,70,85.52447142857143,80.807,1.0,22.317,22.317
979,154,20,95.91794999999999,84.702,1.0,22.638,22.638
979,807,67,87.56398507462687,81.611,1.0,31.86,31.86
979,814,60,88.96998333333333,83.242,1.0,22.399,22.399
979,815,69,86.9190579710145,82.105,1.0,24.017,24.017
979,822,70,85.7025,81.214,1.0,22.681,22.681
979,825,69,87.14775362318841,82.1,1.0,22.684,22.684
979,826,69,87.16588405797101,81.631,1.0,22.273,22.273
979,828,68,88.66680882352941,81.752,2.0,49.275999999999996,24.637999999999998
979,830,70,85.71412857142857,80.49,1.0,33.605,33.605
979,832,69,86.90404347826086,81.871,1.0,22.745,22.745
979,835,69,87.17282608695653,81.589,1.0,22.684,22.684
979,836,68,88.40992647058823,83.573,2.0,47.211,23.6055
979,838,69,87.05420289855073,81.96,1.0,28.616,28.616
979,839,69,87.04557971014493,82.431,1.0,22.441,22.441
979,840,69,87.51752173913043,82.83,1.0,21.804,21.804
980,1,44,115.51863636363636,106.603,2.0,44.394,22.197
980,4,25,114.82976,111.72,1.0,24.158,24.158
980,8,44,115.84752272727272,107.73,3.0,75.869,25.289666666666665
980,13,44,116.35156818181818,109.637,2.0,45.759,22.8795
980,20,44,115.57222727272728,106.577,2.0,48.093,24.0465
980,154,44,116.23575,109.087,2.0,45.681,22.8405
980,807,44,116.15697727272727,108.922,2.0,47.04600000000001,23.523000000000003
980,815,42,117.54295238095239,108.3,3.0,78.45700000000001,26.152333333333335
980,817,44,115.76388636363637,107.549,2.0,46.08,23.04
980,822,44,115.89263636363637,107.721,2.0,45.882000000000005,22.941000000000003
980,825,44,117.04731818181817,109.126,3.0,69.473,23.157666666666668
980,826,44,116.65363636363637,109.708,2.0,45.785,22.8925
980,828,44,117.10297727272727,110.775,3.0,71.012,23.670666666666666
980,830,7,111.90457142857143,111.022,,,
980,832,44,116.41515909090909,109.709,2.0,48.465,24.2325
980,835,44,116.72861363636363,109.283,2.0,50.876000000000005,25.438000000000002
980,836,2,131.1545,129.424,,,
980,838,44,116.81586363636363,109.907,2.0,53.081,26.5405
980,839,44,116.38577272727272,109.721,3.0,76.21000000000001,25.403333333333336
980,840,44,116.63225,110.543,2.0,47.806,23.903
981,1,53,85.51532075471698,83.488,1.0,23.725,23.725
981,4,50,88.36030000000001,85.871,1.0,24.442,24.442
981,8,53,86.64894339622641,85.054,1.0,25.367,25.367
981,13,53,86.92728301886793,85.477,1.0,25.078,25.078
981,20,53,86.20054716981133,83.897,1.0,24.307,24.307
981,154,52,88.38432692307693,85.02,2.0,57.739999999999995,28.869999999999997
981,807,52,87.78290384615384,86.131,1.0,24.418,24.418
981,815,53,86.93562264150943,84.968,1.0,25.377,25.377
981,817,53,86.27635849056604,83.361,1.0,23.951,23.951
981,822,53,85.59967924528301,83.722,1.0,23.728,23.728
981,825,52,87.7136153846154,86.037,1.0,24.384,24.384
981,826,52,87.73063461538462,85.894,1.0,25.826,25.826
981,828,49,90.01471428571429,87.663,1.0,25.31,25.31
981,830,52,87.51303846153847,84.351,2.0,64.06099999999999,32.030499999999996
981,832,52,87.80246153846153,86.21,1.0,24.865,24.865
981,835,29,89.40141379310344,85.752,1.0,31.008,31.008
981,836,51,89.05501960784314,86.547,1.0,25.212,25.212
981,838,33,88.47993939393939,86.912,,,
981,839,53,86.86490566037736,85.652,1.0,24.432,24.432
981,840,53,86.91449056603774,85.625,1.0,26.131,26.131
982,1,58,127.64731034482757,105.008,4.0,107.613,26.90325
982,4,8,164.392375,133.579,3.0,91.832,30.610666666666663
982,13,58,128.4496551724138,107.055,6.0,184.389,30.7315
982,154,58,128.39355172413792,107.637,4.0,126.05199999999999,31.512999999999998
982,807,48,132.91322916666667,108.011,6.0,210.176,35.029333333333334
982,815,58,128.0845344827586,106.731,5.0,140.626,28.1252
982,817,58,127.7250172413793,105.301,5.0,138.277,27.655399999999997
982,822,58,127.79903448275863,105.405,4.0,110.332,27.583
982,825,50,132.38016,107.585,6.0,175.12800000000001,29.188000000000002
982,826,10,154.8837,130.512,3.0,85.095,28.365
982,828,35,139.89577142857144,112.496,6.0,219.0,36.5
982,832,58,128.04079310344827,106.537,4.0,115.59,28.8975
982,835,58,128.11729310344828,106.722,5.0,142.157,28.431400000000004
982,836,56,133.7653214285714,109.061,6.0,209.772,34.961999999999996
982,838,58,128.17124137931035,106.722,5.0,149.174,29.8348
982,839,58,128.4196379310345,107.677,6.0,172.632,28.772000000000002
982,840,58,128.36620689655172,107.512,4.0,121.693,30.42325
983,1,56,96.67964285714285,94.452,1.0,23.489,23.489
983,4,55,99.0964909090909,96.501,1.0,25.798,25.798
983,13,55,98.74654545454545,96.944,1.0,23.791,23.791
983,20,56,97.1187857142857,94.08,1.0,23.695,23.695
983,154,55,99.16349090909091,95.796,2.0,49.331,24.6655
983,807,55,99.30058181818181,94.266,2.0,50.586,25.293
983,815,56,97.85571428571428,95.591,1.0,24.314,24.314
983,817,56,96.85373214285714,94.77,1.0,24.199,24.199
983,822,56,97.45198214285715,95.284,1.0,23.676,23.676
983,825,55,99.14852727272726,97.192,1.0,23.766,23.766
983,828,54,100.09835185185186,96.63,1.0,24.719,24.719
983,830,56,96.45160714285714,94.467,1.0,23.652,23.652
983,832,29,99.81693103448275,98.123,,,
983,835,55,99.29841818181818,97.186,1.0,25.558,25.558
983,836,55,99.45703636363636,96.395,1.0,25.06,25.06
983,838,55,98.45809090909091,95.931,1.0,24.58,24.58
983,839,55,99.0466909090909,97.075,1.0,24.456,24.456
983,840,55,98.6336909090909,96.627,1.0,24.109,24.109
983,842,55,99.19041818181819,97.17,1.0,25.044,25.044
984,1,53,99.0791320754717,93.78,1.0,22.724,22.724
984,4,52,101.07240384615385,95.111,1.0,24.636,24.636
984,8,53,99.69464150943396,93.175,1.0,23.699,23.699
984,13,52,101.05586538461539,95.943,1.0,22.956,22.956
984,20,4,119.63975,99.494,,,
984,154,53,100.77503773584905,95.347,1.0,22.781,22.781
984,807,40,100.81819999999999,95.883,1.0,23.199,23.199
984,815,53,100.42675471698114,94.744,1.0,23.634,23.634
984,817,53,99.26175471698113,93.694,1.0,23.796,23.796
984,822,53,99.27875471698113,93.144,1.0,22.876,22.876
984,825,53,100.75749056603775,95.338,1.0,23.065,23.065
984,828,7,110.76542857142857,98.596,,,
984,830,53,99.10198113207547,93.73,1.0,22.62,22.62
984,835,52,101.08461538461539,94.095,1.0,25.618,25.618
984,836,51,103.47903921568629,96.43,3.0,74.294,24.764666666666667
984,838,52,101.38907692307693,93.724,2.0,46.829,23.4145
984,839,53,100.35815094339623,94.843,1.0,24.078,24.078
984,840,45,100.66306666666667,94.548,2.0,46.211,23.1055
984,842,52,101.13459615384616,94.533,2.0,47.757000000000005,23.878500000000003
985,1,56,100.5534107142857,98.776,1.0,23.402,23.402
985,4,24,104.17745833333333,101.537,1.0,23.796,23.796
985,8,56,100.83517857142857,98.809,1.0,23.575,23.575
985,13,55,102.44203636363636,100.131,1.0,23.772,23.772
985,20,56,100.73453571428571,97.766,2.0,47.92,23.96
985,154,55,103.16412727272727,101.259,1.0,24.897,24.897
985,807,3,107.46466666666667,104.27,,,
985,815,55,102.4325090909091,100.851,1.0,24.326,24.326
985,817,14,102.93985714285715,100.102,1.0,23.604,23.604
985,822,56,101.17782142857143,97.767,2.0,46.713,23.3565
985,825,55,103.57638181818182,97.893,2.0,50.379999999999995,25.189999999999998
985,826,55,102.55387272727273,100.971,1.0,24.883,24.883
985,828,55,103.19641818181819,101.041,1.0,25.841,25.841
985,830,56,100.76355357142856,98.06,2.0,47.748,23.874
985,832,56,102.213125,100.462,1.0,24.525,24.525
985,836,5,114.59960000000001,107.073,1.0,31.334,31.334
985,838,55,102.9784,100.349,1.0,23.578,23.578
985,839,56,102.17805357142856,100.499,1.0,24.502,24.502
985,840,55,102.94852727272726,99.666,2.0,49.446,24.723
985,843,55,103.04710909090909,99.979,2.0,48.629,24.3145
986,1,70,83.36394285714286,79.945,2.0,52.598,26.299
986,4,70,83.40511428571429,81.014,1.0,22.655,22.655
986,8,71,82.26139436619718,80.054,1.0,22.54,22.54
986,13,70,83.46921428571429,81.136,1.0,22.055,22.055
986,20,71,82.48774647887323,78.785,2.0,54.416,27.208
986,154,69,84.26185507246377,80.345,2.0,51.796,25.898
986,807,24,83.697375,81.691,1.0,22.587,22.587
986,815,70,82.8819857142857,79.929,2.0,45.431,22.7155
986,817,5,89.44160000000001,82.789,,,
986,822,71,81.77788732394366,79.374,1.0,21.758,21.758
986,825,70,83.35518571428572,81.214,1.0,22.507,22.507
986,828,55,84.47783636363637,81.686,1.0,22.736,22.736
986,830,71,81.5007323943662,78.892,1.0,22.57,22.57
986,832,59,84.60308474576271,81.36,2.0,45.887,22.9435
986,836,69,84.06885507246378,81.638,1.0,23.358,23.358
986,838,70,83.47757142857144,80.972,1.0,28.044,28.044
986,839,70,82.81964285714285,80.946,1.0,22.665,22.665
986,840,70,82.84002857142858,81.062,1.0,21.825,21.825
986,842,70,83.73558571428572,80.859,1.0,22.709,22.709
986,843,30,83.95,82.572,,,
987,1,71,77.34830985915494,71.845,4.0,80.46,20.115
987,4,71,78.24823943661971,73.451,4.0,77.315,19.32875
987,8,71,77.33608450704224,72.492,4.0,78.92,19.73
987,13,71,78.2414647887324,73.452,4.0,76.994,19.2485
987,20,71,77.2712957746479,72.539,4.0,77.492,19.373
987,154,69,79.81228985507246,73.532,4.0,97.599,24.39975
987,807,70,78.62685714285715,73.758,4.0,79.582,19.8955
987,815,71,78.2501690140845,73.052,4.0,77.473,19.36825
987,817,71,77.95708450704225,72.029,4.0,85.488,21.372
987,822,71,77.31019718309858,72.466,4.0,77.392,19.348
987,828,70,79.20782857142858,73.666,4.0,80.819,20.20475
987,830,71,77.73523943661971,71.044,5.0,100.581,20.1162
987,832,70,78.72037142857143,73.625,4.0,79.709,19.92725
987,836,70,79.33435714285714,74.812,3.0,64.363,21.454333333333334
987,840,69,80.1786811594203,71.862,5.0,104.583,20.9166
987,842,70,78.9586,73.323,4.0,80.24000000000001,20.060000000000002
987,843,40,82.520875,74.658,4.0,80.943,20.23575
988,1,55,102.87201818181819,101.473,1.0,21.274,21.274
988,4,54,104.92137037037037,101.669,1.0,22.541,22.541
988,8,55,103.62632727272727,102.338,1.0,21.609,21.609
988,13,54,104.98438888888889,103.026,1.0,21.449,21.449
988,20,55,103.15258181818182,100.77,1.0,21.221,21.221
988,154,54,105.13162962962963,102.437,1.0,21.85,21.85
988,807,55,104.35954545454545,102.376,1.0,29.724,29.724
988,815,55,104.47498181818182,102.689,1.0,21.869,21.869
988,817,20,104.7073,102.757,1.0,23.477,23.477
988,822,55,102.80112727272727,100.65,1.0,21.478,21.478
988,825,54,106.08116666666668,103.928,1.0,21.875,21.875
988,828,54,106.23196296296297,103.567,1.0,22.176,22.176
988,830,55,103.64238181818182,102.028,1.0,21.269,21.269
988,832,31,105.18332258064517,103.378,1.0,21.956,21.956
988,836,54,106.1090925925926,103.867,1.0,22.959,22.959
988,838,54,106.06835185185186,103.986,1.0,22.125,22.125
988,839,55,104.5995090909091,102.609,1.0,21.865,21.865
988,840,54,106.3834074074074,102.324,3.0,65.064,21.688
988,842,54,106.18446296296297,103.844,1.0,21.519,21.519
988,843,54,106.1485,103.897,1.0,21.598,21.598
989,1,58,92.72963793103447,86.444,1.0,21.821,21.821
989,4,58,93.12360344827586,86.978,1.0,22.573,22.573
989,8,58,92.75158620689655,86.373,1.0,21.421,21.421
989,20,58,92.64281034482758,86.469,1.0,21.787,21.787
989,154,24,91.36991666666667,88.805,1.0,23.054,23.054
989,807,58,93.20610344827585,87.081,1.0,22.628,22.628
989,815,58,93.45,87.633,1.0,22.327,22.327
989,817,58,92.76468965517242,85.945,1.0,21.44,21.44
989,822,58,93.23486206896553,87.019,1.0,21.664,21.664
989,825,22,91.43031818181818,89.534,1.0,21.983,21.983
989,828,5,95.0192,92.21,,,
989,830,58,93.14186206896552,86.88,1.0,20.953,20.953
989,832,58,93.43112068965517,87.944,1.0,23.868,23.868
989,838,58,93.24489655172414,86.958,1.0,22.474,22.474
989,839,58,93.68208620689656,87.6,1.0,21.854,21.854
989,840,58,93.99260344827586,88.511,2.0,46.900999999999996,23.450499999999998
989,842,13,93.18853846153847,90.649,,,
989,843,57,94.66243859649123,88.176,2.0,44.509,22.2545
989,844,58,93.949,88.759,2.0,45.078,22.539
989,845,4,96.53675,92.573,,,
990,1,57,96.99038596491228,93.953,1.0,24.302,24.302
990,4,56,98.63482142857143,94.168,2.0,49.574,24.787
990,8,35,98.10654285714287,94.337,1.0,25.018,25.018
990,20,57,96.8761403508772,94.453,1.0,24.524,24.524
990,154,56,99.26867857142857,94.053,3.0,76.801,25.600333333333335
990,807,57,98.61340350877192,94.667,2.0,48.836,24.418
990,815,56,99.13339285714285,95.075,2.0,49.669,24.8345
990,817,1,98.684,98.684,,,
990,822,57,96.88840350877193,93.74,1.0,26.105,26.105
990,825,57,98.19273684210526,94.327,2.0,49.735,24.8675
990,828,56,98.88492857142856,95.093,1.0,25.194,25.194
990,830,3,136.29066666666665,103.654,1.0,30.381,30.381
990,832,56,99.1125892857143,95.535,2.0,51.075,25.5375
990,838,56,98.805875,95.131,2.0,50.212,25.106
990,839,56,98.994375,95.043,2.0,49.315,24.6575
990,840,56,99.62391071428571,95.266,2.0,58.25,29.125
990,842,57,97.9679649122807,94.863,2.0,49.792,24.896
990,843,56,99.133875,94.689,2.0,61.599000000000004,30.799500000000002
990,844,56,99.20669642857143,95.058,2.0,50.702,25.351
990,845,56,99.63705357142857,94.563,2.0,50.365,25.1825
991,1,56,102.73866071428571,96.878,1.0,22.464,22.464
991,4,56,102.98248214285715,97.234,1.0,24.11,24.11
991,8,56,102.60744642857144,96.456,1.0,22.913,22.913
991,20,56,103.06546428571428,97.479,1.0,23.009,23.009
991,154,56,103.60135714285714,97.41,2.0,46.716,23.358
991,807,56,102.81128571428572,96.881,2.0,46.951,23.4755
991,815,56,103.23401785714286,97.673,2.0,45.19,22.595
991,817,56,102.43535714285714,95.785,2.0,45.733000000000004,22.866500000000002
991,822,56,102.59417857142857,96.987,1.0,22.097,22.097
991,825,56,103.14239285714285,98.152,1.0,22.973,22.973
991,828,56,103.5532857142857,98.386,1.0,22.785,22.785
991,830,56,102.62171428571429,96.206,2.0,45.311,22.6555
991,832,56,103.07398214285715,97.754,2.0,47.052,23.526
991,838,56,103.31701785714286,98.137,1.0,23.73,23.73
991,839,56,103.2219642857143,97.985,2.0,45.918,22.959
991,840,56,103.42625,98.5,1.0,22.661,22.661
991,842,56,103.44125,98.367,2.0,58.599999999999994,29.299999999999997
991,843,51,104.41682352941176,99.376,2.0,47.242000000000004,23.621000000000002
991,844,56,103.90991071428572,98.808,1.0,23.392,23.392
991,845,56,103.475375,98.624,2.0,46.439,23.2195
992,1,51,122.04492156862746,105.412,2.0,41.706,20.853
992,4,51,122.25925490196079,107.449,2.0,78.081,39.0405
992,8,51,122.0931568627451,106.523,2.0,51.161,25.5805
992,20,51,122.14941176470589,105.53,2.0,40.86,20.43
992,154,42,118.2062142857143,106.88,2.0,44.482,22.241
992,807,10,138.9045,108.867,,,
992,815,51,122.12382352941177,106.206,2.0,54.283,27.1415
992,817,39,115.82641025641026,105.419,1.0,19.925,19.925
992,822,48,122.96758333333332,105.149,1.0,20.192,20.192
992,825,51,122.6461568627451,108.155,2.0,57.385999999999996,28.692999999999998
992,828,51,122.4079019607843,107.925,4.0,117.112,29.278
992,830,39,115.82041025641026,105.771,1.0,19.765,19.765
992,832,51,122.19227450980392,106.856,2.0,42.483,21.2415
992,838,51,122.32241176470589,107.666,4.0,83.72800000000001,20.932000000000002
992,840,51,122.29092156862745,106.815,2.0,40.973,20.4865
992,842,51,122.52962745098039,108.035,2.0,42.069,21.0345
992,843,51,122.39845098039216,108.288,3.0,63.257000000000005,21.08566666666667
992,844,51,122.22449019607843,107.403,2.0,43.088,21.544
993,1,66,86.81775757575757,79.133,1.0,22.085,22.085
993,4,65,89.04658461538462,80.727,1.0,21.721,21.721
993,8,25,96.40675999999999,81.531,,,
993,20,66,87.23569696969697,79.128,2.0,46.327,23.1635
993,815,64,89.540640625,81.128,2.0,44.68,22.34
993,817,66,87.57621212121212,78.441,1.0,21.618,21.618
993,822,66,87.12977272727272,79.478,1.0,23.213,23.213
993,825,65,88.43392307692308,80.246,1.0,22.917,22.917
993,828,64,89.904734375,82.487,1.0,22.1,22.1
993,830,66,87.22492424242424,79.422,1.0,21.74,21.74
993,832,65,88.99907692307693,81.324,1.0,22.409,22.409
993,838,45,92.7882,82.594,1.0,27.416,27.416
993,839,38,92.88505263157894,82.117,1.0,47.91,47.91
993,840,64,89.702578125,82.095,1.0,21.351,21.351
993,843,64,89.8425,81.439,2.0,45.103,22.5515
993,844,64,89.627390625,82.122,1.0,21.995,21.995
993,845,63,91.07001587301588,82.68,3.0,67.948,22.64933333333333
994,1,78,79.38230769230769,76.27,1.0,23.739,23.739
994,4,52,79.68798076923076,77.018,1.0,24.241,24.241
994,8,78,79.39658974358974,76.392,1.0,24.263,24.263
994,20,78,79.2582435897436,76.065,1.0,23.964,23.964
994,154,77,80.58506493506493,74.822,2.0,49.309,24.6545
994,807,78,79.48264102564103,76.061,1.0,25.213,25.213
994,815,78,80.06753846153846,77.546,1.0,29.379,29.379
994,817,78,79.16419230769232,75.562,1.0,24.542,24.542
994,822,78,79.4055,76.312,1.0,24.02,24.02
994,825,78,80.12346153846153,77.476,1.0,24.237,24.237
994,828,78,80.0598846153846,76.936,1.0,24.291,24.291
994,830,78,79.48876923076924,74.26,1.0,24.111,24.111
994,832,78,80.04897435897436,77.491,1.0,24.874,24.874
994,838,77,80.19531168831169,76.864,2.0,52.254999999999995,26.127499999999998
994,839,78,79.46761538461539,77.027,1.0,24.663,24.663
994,840,76,81.67786842105262,74.944,3.0,89.843,29.947666666666667
994,842,78,79.4761282051282,77.099,1.0,24.296,24.296
994,843,70,79.63727142857144,77.172,1.0,24.326,24.326
994,844,70,79.66074285714286,77.71,1.0,23.87,23.87
994,845,77,80.8627012987013,75.325,3.0,82.543,27.514333333333337
995,1,68,78.4255294117647,74.183,1.0,23.335,23.335
995,4,40,82.119675,76.18,1.0,23.099,23.099
995,8,68,78.50825,74.075,1.0,23.645,23.645
995,20,68,78.10848529411766,73.964,1.0,23.529,23.529
995,154,67,79.93740298507463,75.47,1.0,24.4,24.4
995,807,67,79.6321343283582,75.588,1.0,24.521,24.521
995,815,67,79.98170149253731,75.1,2.0,47.804,23.902
995,817,68,78.4157205882353,74.159,1.0,23.279,23.279
995,822,68,78.21695588235293,73.992,1.0,23.775,23.775
995,825,67,79.9814328358209,75.401,1.0,24.008,24.008
995,828,66,80.62280303030302,76.403,1.0,23.529,23.529
995,830,68,78.23142647058823,73.864,1.0,23.137,23.137
995,832,67,79.6584328358209,75.666,1.0,24.416,24.416
995,838,66,80.65518181818183,75.765,2.0,64.545,32.2725
995,839,67,79.71507462686567,75.61,1.0,25.353,25.353
995,842,67,79.92952238805971,75.699,1.0,24.107,24.107
995,844,67,79.86414925373134,75.48,1.0,23.666,23.666
995,845,66,80.88639393939394,75.924,1.0,23.531,23.531
996,1,53,102.10160377358491,94.509,1.0,24.31,24.31
996,4,50,105.28178,95.133,2.0,50.577,25.2885
996,8,53,102.59005660377359,94.398,1.0,24.289,24.289
996,20,53,103.27018867924528,94.485,2.0,63.641000000000005,31.820500000000003
996,154,52,104.27713461538461,95.695,1.0,29.996,29.996
996,807,53,103.83724528301887,95.873,1.0,25.016,25.016
996,815,27,108.26674074074074,98.319,,,
996,817,53,102.757,95.382,1.0,24.309,24.309
996,822,53,103.62296226415094,94.225,2.0,58.620999999999995,29.310499999999998
996,825,53,103.59903773584905,95.425,1.0,25.419,25.419
996,828,52,104.97746153846153,96.494,1.0,24.295,24.295
996,830,53,102.23537735849057,94.275,1.0,24.395,24.395
996,832,53,103.74658490566037,95.638,1.0,25.423,25.423
996,838,52,104.58848076923077,96.675,1.0,24.399,24.399
996,840,48,104.78845833333332,98.319,1.0,26.576,26.576
996,843,52,105.00580769230768,96.839,1.0,24.297,24.297
996,844,53,103.8727924528302,95.977,1.0,25.026,25.026
996,845,52,105.232,98.3,1.0,26.273,26.273
997,1,62,69.92987096774193,67.241,2.0,42.225,21.1125
997,4,70,70.94518571428571,68.661,1.0,21.588,21.588
997,8,71,69.26095774647888,66.957,1.0,21.552,21.552
997,20,71,69.28457746478873,67.082,1.0,23.912,23.912
997,154,70,70.53494285714285,69.071,1.0,22.121,22.121
997,807,11,71.81218181818183,70.38,,,
997,815,70,70.7349,68.504,1.0,22.863,22.863
997,817,53,70.2691320754717,67.591,2.0,43.209,21.6045
997,822,13,69.786,69.044,,,
997,825,70,70.5575,68.476,1.0,22.138,22.138
997,828,70,71.01447142857143,68.216,1.0,21.519,21.519
997,830,71,69.23977464788733,67.442,1.0,21.214,21.214
997,832,70,71.1763,68.766,2.0,49.592,24.796
997,838,65,72.75213846153846,68.894,2.0,69.083,34.5415
997,839,70,70.7135,68.85,1.0,22.527,22.527
997,840,69,71.65057971014492,69.203,2.0,44.480000000000004,22.240000000000002
997,842,70,71.10457142857143,69.295,1.0,22.011,22.011
997,843,54,71.7286111111111,69.171,,,
997,844,70,71.0067,69.006,1.0,21.364,21.364
997,845,69,71.76897101449275,68.971,2.0,47.932,23.966
998,1,52,101.00092307692307,91.245,1.0,28.982,28.982
998,4,52,101.55575,93.482,2.0,56.754000000000005,28.377000000000002
998,8,52,101.02761538461539,90.795,2.0,67.55799999999999,33.778999999999996
998,20,52,100.95738461538461,90.696,2.0,56.851,28.4255
998,154,37,100.46378378378378,94.391,1.0,29.254,29.254
998,807,52,101.50007692307692,93.405,1.0,28.719,28.719
998,815,52,101.62484615384615,93.472,2.0,57.486999999999995,28.743499999999997
998,817,52,101.14007692307692,91.589,2.0,56.195,28.0975
998,822,52,101.12821153846153,91.377,1.0,27.894,27.894
998,825,52,101.59561538461539,93.604,1.0,28.45,28.45
998,828,31,96.57419354838709,93.675,1.0,28.207,28.207
998,830,46,102.62345652173913,92.007,2.0,56.458,28.229
998,832,37,100.469,94.602,2.0,57.152,28.576
998,838,52,101.64534615384616,93.551,2.0,56.942,28.471
998,839,52,101.53296153846154,93.606,1.0,29.41,29.41
998,840,52,101.69019230769231,93.869,1.0,27.774,27.774
998,842,52,101.61371153846153,93.465,2.0,58.44199999999999,29.220999999999997
998,843,1,174.472,174.472,,,
998,844,18,95.9375,95.209,1.0,27.865,27.865
998,845,52,101.8826346153846,94.62,1.0,28.224,28.224
999,1,67,82.83350746268657,75.545,1.0,18.978,18.978
999,4,65,84.81378461538462,77.741,3.0,61.001999999999995,20.334
999,8,67,82.93398507462686,75.99,2.0,39.635,19.8175
999,20,51,79.092,77.29,1.0,18.657,18.657
999,154,67,83.26441791044776,76.716,3.0,62.688,20.896
999,807,67,83.23065671641791,77.91,3.0,61.147999999999996,20.382666666666665
999,815,67,83.2895671641791,77.867,1.0,25.13,25.13
999,817,27,80.25403703703704,78.262,,,
999,822,67,82.90119402985074,75.721,2.0,52.467,26.2335
999,825,67,83.35468656716418,77.697,3.0,82.29599999999999,27.432
999,828,67,83.31652238805971,77.745,1.0,18.84,18.84
999,830,67,82.94774626865672,75.852,3.0,58.126000000000005,19.375333333333334
999,832,67,83.32707462686567,77.43,3.0,60.327,20.108999999999998
999,838,67,83.52928358208956,77.537,2.0,39.399,19.6995
999,839,67,83.3073880597015,77.941,1.0,19.57,19.57
999,840,53,84.08443396226416,78.861,2.0,39.001999999999995,19.500999999999998
999,842,66,84.6740909090909,77.762,2.0,39.318,19.659
999,843,67,83.3439104477612,77.681,2.0,39.294,19.647
999,844,66,84.70124242424244,77.852,3.0,61.12,20.37333333333333
999,845,51,82.3392156862745,78.934,2.0,45.884,22.942
1000,1,70,83.37752857142857,81.107,1.0,21.48,21.48
1000,4,69,85.19073913043478,82.09,1.0,21.795,21.795
1000,8,70,83.66468571428572,80.292,2.0,46.3,23.15
1000,20,70,83.62214285714286,80.056,1.0,23.111,23.111
1000,154,69,85.37746376811593,82.606,1.0,21.733,21.733
1000,807,69,85.48727536231885,81.261,2.0,44.616,22.308
1000,815,69,85.75236231884058,83.263,1.0,22.561,22.561
1000,817,70,84.04065714285714,80.012,1.0,21.364,21.364
1000,822,70,84.09181428571428,81.736,1.0,21.337,21.337
1000,825,69,84.65776811594203,81.302,1.0,25.126,25.126
1000,828,68,86.43713235294118,83.671,1.0,22.64,22.64
1000,830,5,85.6118,83.985,,,
1000,832,69,85.36991304347826,82.774,1.0,21.914,21.914
1000,838,49,85.59006122448979,83.077,1.0,21.732,21.732
1000,839,69,85.61202898550725,82.876,1.0,22.258,22.258
1000,840,68,86.58855882352941,82.66,1.0,21.291,21.291
1000,842,70,84.42428571428572,81.685,1.0,21.684,21.684
1000,843,69,85.39710144927535,82.612,1.0,21.831,21.831
1000,845,68,86.57813235294117,83.708,1.0,21.509,21.509
1001,1,44,114.21675,106.721,2.0,41.747,20.8735
1001,8,8,149.157875,114.32,2.0,61.818,30.909
1001,20,44,113.96536363636363,106.644,2.0,41.835,20.9175
1001,154,44,115.91884090909092,108.283,2.0,43.528000000000006,21.764000000000003
1001,815,44,115.57952272727272,108.08,2.0,42.824,21.412
1001,817,28,127.71310714285714,109.242,,,
1001,822,44,115.41093181818182,106.286,3.0,73.267,24.42233333333333
1001,825,44,115.95715909090909,107.937,2.0,44.325,22.1625
1001,828,43,116.73132558139534,108.694,2.0,42.269,21.1345
1001,830,44,114.67836363636363,106.946,2.0,42.283,21.1415
1001,832,43,117.02081395348837,108.67,2.0,42.366,21.183
1001,838,43,117.64574418604651,108.956,3.0,65.94200000000001,21.980666666666668
1001,839,44,115.77263636363637,108.078,2.0,42.807,21.4035
1001,840,43,117.12893023255813,109.287,2.0,42.632999999999996,21.316499999999998
1001,842,44,116.372,108.588,2.0,43.089,21.5445
1001,843,43,117.50041860465116,108.756,2.0,47.4,23.7
1001,845,43,117.07753488372093,109.113,2.0,42.129999999999995,21.064999999999998
1002,1,53,87.0657358490566,82.497,1.0,23.728,23.728
1002,4,9,102.53655555555557,87.009,,,
1002,8,53,87.22998113207547,83.515,1.0,23.862,23.862
1002,20,53,87.3704716981132,82.505,2.0,56.519999999999996,28.259999999999998
1002,154,53,88.12837735849057,84.243,1.0,24.779,24.779
1002,807,52,89.19928846153847,84.059,2.0,49.69,24.845
1002,815,53,88.1728679245283,83.529,1.0,25.655,25.655
1002,817,23,91.69869565217392,85.229,1.0,24.805,24.805
1002,822,53,87.3311320754717,82.907,1.0,23.763,23.763
1002,825,52,90.3485,85.692,1.0,38.563,38.563
1002,828,52,89.31053846153847,83.768,2.0,55.567,27.7835
1002,830,53,87.31494339622641,83.609,1.0,24.003,24.003
1002,832,53,88.54007547169812,84.056,1.0,25.774,25.774
1002,838,52,89.17682692307692,84.772,1.0,24.094,24.094
1002,839,53,88.15556603773584,84.179,1.0,24.827,24.827
1002,840,52,88.75432692307692,84.58,1.0,26.44,26.44
1002,842,52,89.25063461538461,84.767,1.0,27.792,27.792
1002,844,52,88.9663076923077,84.504,1.0,24.084,24.084
1002,845,52,88.85876923076924,83.768,1.0,25.245,25.245
1003,1,61,109.37067213114754,102.913,1.0,28.946,28.946
1003,4,61,111.05937704918033,103.164,1.0,29.922,29.922
1003,8,61,110.23954098360655,104.715,1.0,29.513,29.513
1003,20,61,110.0255081967213,104.669,1.0,28.722,28.722
1003,154,60,112.37095,105.904,1.0,29.517,29.517
1003,807,60,112.01758333333333,106.093,1.0,31.183,31.183
1003,815,60,112.81818333333334,105.389,3.0,84.879,28.293000000000003
1003,817,61,110.25562295081967,103.12,1.0,28.779,28.779
1003,822,61,110.22198360655737,104.72,1.0,28.542,28.542
1003,825,59,113.37271186440678,101.905,3.0,89.443,29.814333333333334
1003,828,60,112.24713333333334,105.169,1.0,28.86,28.86
1003,830,61,109.5175737704918,103.345,1.0,29.681,29.681
1003,832,60,111.55131666666666,105.211,1.0,30.242,30.242
1003,838,60,112.26015,105.555,1.0,30.234,30.234
1003,840,60,112.45423333333333,106.033,1.0,28.767,28.767
1003,842,60,112.40418333333334,106.063,1.0,28.931,28.931
1003,843,60,113.06253333333333,104.889,2.0,59.376,29.688
1003,844,60,111.78880000000001,105.203,1.0,29.31,29.31
1003,845,59,114.41933898305085,105.902,2.0,64.499,32.2495
1004,1,53,98.96567924528301,95.916,1.0,29.551,29.551
1004,4,52,102.38182692307693,99.59,1.0,30.348,30.348
1004,8,53,99.27781132075471,96.611,1.0,29.531,29.531
1004,20,53,99.10694339622641,95.99,1.0,29.798,29.798
1004,154,52,101.58698076923076,98.244,1.0,30.469,30.469
1004,807,52,101.66819230769231,99.108,1.0,30.625,30.625
1004,815,52,101.286,98.3,1.0,29.924,29.924
1004,817,53,100.48362264150943,96.345,1.0,37.446,37.446
1004,822,53,99.01369811320754,95.861,1.0,29.794,29.794
1004,825,52,101.13040384615384,98.015,1.0,29.904,29.904
1004,828,52,102.009,97.931,2.0,60.197,30.0985
1004,830,53,99.55088679245283,96.283,1.0,29.37,29.37
1004,832,51,103.0444705882353,99.731,1.0,30.021,30.021
1004,838,51,102.96374509803921,99.922,1.0,29.636,29.636
1004,839,52,101.20748076923077,98.366,1.0,30.642,30.642
1004,840,52,102.39980769230769,99.435,1.0,29.266,29.266
1004,842,4,115.279,104.071,,,
1004,843,4,125.45325,105.852,1.0,29.418,29.418
1004,844,53,100.82209433962264,98.107,1.0,30.397,30.397
1004,845,51,103.06719607843137,99.838,1.0,29.912,29.912
1005,1,53,98.81249056603774,92.785,1.0,22.614,22.614
1005,4,52,101.56034615384615,93.943,1.0,27.454,27.454
1005,8,53,99.77471698113207,94.223,1.0,22.781,22.781
1005,20,53,100.13084905660378,92.318,1.0,22.748,22.748
1005,154,53,100.45773584905659,94.786,1.0,23.692,23.692
1005,807,37,103.39416216216216,94.934,1.0,23.555,23.555
1005,815,53,100.31020754716981,94.073,1.0,23.635,23.635
1005,817,53,99.18032075471699,93.187,1.0,22.864,22.864
1005,822,53,99.05624528301887,93.11,1.0,22.777,22.777
1005,825,8,126.835375,99.908,1.0,29.007,29.007
1005,828,52,101.54357692307693,96.294,1.0,23.244,23.244
1005,830,53,99.0822075471698,93.367,1.0,28.789,28.789
1005,832,52,100.8866153846154,94.197,1.0,23.477,23.477
1005,838,52,101.57626923076923,95.023,1.0,23.159,23.159
1005,839,53,100.47390566037737,94.67,1.0,23.316,23.316
1005,840,52,101.71244230769231,93.354,2.0,53.461,26.7305
1005,842,52,101.13375,94.133,1.0,23.376,23.376
1005,843,52,101.55392307692308,94.857,1.0,23.11,23.11
1005,844,38,103.08678947368422,94.515,2.0,65.563,32.7815
1005,845,52,101.62223076923077,93.985,2.0,47.307,23.6535
1006,1,56,101.08901785714285,97.392,2.0,47.608000000000004,23.804000000000002
1006,4,1,133.811,133.811,,,
1006,8,56,101.04719642857144,98.482,1.0,23.714,23.714
1006,20,56,101.37258928571428,98.28,1.0,24.449,24.449
1006,154,2,139.5125,129.819,1.0,35.104,35.104
1006,807,56,102.60451785714285,99.548,1.0,24.681,24.681
1006,815,56,102.85219642857143,99.569,1.0,25.723,25.723
1006,817,8,101.60875,100.933,,,
1006,822,56,101.48905357142857,98.47,1.0,23.478,23.478
1006,825,56,102.84464285714286,98.963,1.0,23.723,23.723
1006,828,55,103.47789090909092,100.098,1.0,23.94,23.94
1006,830,56,101.07007142857144,98.246,1.0,23.446,23.446
1006,832,56,102.74351785714285,99.858,1.0,29.319,29.319
1006,838,55,103.50303636363637,99.24,2.0,48.260000000000005,24.130000000000003
1006,839,56,102.82019642857144,99.992,1.0,24.534,24.534
1006,840,54,105.19433333333333,100.433,3.0,83.95400000000001,27.98466666666667
1006,842,55,103.92401818181818,99.646,2.0,48.084,24.042
1006,843,55,103.45445454545454,99.915,1.0,23.819,23.819
1006,844,31,106.21658064516129,101.982,1.0,34.812,34.812
1006,845,55,104.14798181818182,100.522,2.0,47.400999999999996,23.700499999999998
1007,1,71,84.33223943661972,80.728,2.0,44.668,22.334
1007,4,3,87.98533333333333,84.197,,,
1007,8,71,83.92626760563381,80.334,1.0,22.017,22.017
1007,20,71,83.46714084507042,79.522,2.0,44.435,22.2175
1007,154,68,86.92738235294118,81.37,2.0,46.159,23.0795
1007,807,69,85.92431884057972,80.637,1.0,23.037,23.037
1007,815,38,87.60718421052633,83.545,1.0,23.755,23.755
1007,817,61,83.16047540983607,79.462,1.0,22.022,22.022
1007,822,70,84.59214285714286,78.741,3.0,68.504,22.834666666666667
1007,825,69,86.83656521739131,81.874,1.0,22.39,22.39
1007,828,69,86.54920289855072,82.44,1.0,31.406,31.406
1007,830,71,83.22325352112676,79.186,2.0,44.263000000000005,22.131500000000003
1007,832,28,85.68710714285714,82.386,1.0,22.66,22.66
1007,838,69,86.39369565217392,81.921,1.0,22.174,22.174
1007,839,69,86.63220289855072,82.629,2.0,50.562,25.281
1007,840,69,86.67856521739131,82.983,2.0,47.822,23.911
1007,842,69,86.56640579710145,82.755,2.0,45.625,22.8125
1007,843,69,86.65791304347826,82.438,2.0,45.608000000000004,22.804000000000002
1007,844,69,86.09191304347826,80.537,1.0,22.588,22.588
1007,845,69,86.69046376811593,82.64,1.0,22.732,22.732
1008,1,71,73.64881690140845,71.795,1.0,22.641,22.641
1008,4,69,75.97769565217392,72.643,2.0,56.799,28.3995
1008,8,71,73.71591549295775,71.769,1.0,22.766,22.766
1008,20,71,74.02905633802817,70.831,2.0,45.233999999999995,22.616999999999997
1008,154,71,74.3703661971831,72.362,1.0,23.403,23.403
1008,807,32,76.04734375,74.029,,,
1008,815,70,74.82694285714285,72.472,1.0,23.505,23.505
1008,817,71,73.72195774647888,71.343,1.0,23.3,23.3
1008,822,71,73.97195774647888,70.54,2.0,45.682,22.841
1008,825,71,74.39328169014085,72.206,1.0,23.115,23.115
1008,828,20,79.12835000000001,75.281,1.0,23.377,23.377
1008,830,71,73.66950704225351,71.578,1.0,23.432,23.432
1008,832,70,75.56221428571429,72.169,2.0,47.709,23.8545
1008,838,70,75.63331428571428,72.968,1.0,22.618,22.618
1008,839,70,75.65215714285715,72.352,2.0,58.424,29.212
1008,840,69,76.29240579710145,71.751,2.0,48.891000000000005,24.445500000000003
1008,842,70,75.61139999999999,73.822,1.0,23.757,23.757
1008,843,70,75.54991428571428,72.949,1.0,23.422,23.422
1008,844,71,74.27133802816901,72.082,1.0,23.593,23.593
1008,845,69,76.02869565217392,74.262,1.0,23.273,23.273
1009,1,55,108.73421818181818,101.357,1.0,21.283,21.283
1009,4,54,111.26418518518518,102.393,1.0,21.726,21.726
1009,8,6,141.12283333333335,105.198,,,
1009,20,55,108.78114545454547,100.867,1.0,22.63,22.63
1009,154,54,111.18777777777778,103.195,1.0,22.354,22.354
1009,815,55,110.39376363636364,102.816,1.0,22.112,22.112
1009,817,55,109.01383636363636,101.249,1.0,21.061,21.061
1009,822,55,109.60616363636363,100.953,2.0,42.889,21.4445
1009,825,54,111.21620370370371,102.822,1.0,21.587,21.587
1009,828,24,117.76695833333333,106.077,,,
1009,830,55,108.96523636363636,101.909,1.0,21.057,21.057
1009,832,55,110.05327272727273,101.351,1.0,21.964,21.964
1009,838,54,111.70268518518519,103.249,1.0,22.317,22.317
1009,839,44,112.40329545454546,103.591,1.0,21.979,21.979
1009,840,54,111.69001851851853,104.033,1.0,22.189,22.189
1009,842,46,112.38080434782609,103.988,1.0,22.493,22.493
1009,843,54,111.6675,104.174,1.0,41.012,41.012
1009,844,55,110.38492727272728,102.876,1.0,21.828,21.828
1009,845,54,111.99903703703704,103.831,1.0,22.755,22.755
1010,1,58,88.76225862068965,86.057,1.0,21.515,21.515
1010,8,57,90.06507017543859,88.27,1.0,23.299,23.299
1010,9,55,94.16747272727274,89.284,3.0,77.229,25.743
1010,20,58,89.38679310344827,87.954,1.0,21.995,21.995
1010,154,29,91.72075862068965,88.462,1.0,29.981,29.981
1010,807,57,90.04428070175439,88.444,1.0,21.588,21.588
1010,815,57,90.80331578947369,88.485,1.0,23.234,23.234
1010,817,28,92.83292857142857,89.848,1.0,33.027,33.027
1010,822,58,88.4021551724138,85.58,1.0,22.014,22.014
1010,825,58,89.9048448275862,88.182,1.0,22.388,22.388
1010,826,57,90.09052631578948,87.448,1.0,22.086,22.086
1010,830,58,88.79043103448275,86.256,1.0,21.157,21.157
1010,832,9,92.77033333333333,90.899,,,
1010,840,57,90.07826315789474,87.568,1.0,22.471,22.471
1010,841,57,91.19056140350878,88.479,1.0,27.172,27.172
1010,842,57,90.09640350877193,87.229,1.0,21.269,21.269
1010,844,58,89.40612068965517,86.926,1.0,22.306,22.306
1010,846,57,90.79401754385965,88.555,1.0,21.627,21.627
1010,847,56,92.44651785714285,88.713,2.0,43.232,21.616
1010,848,57,90.81573684210527,88.188,1.0,21.78,21.78
1011,1,57,99.3209649122807,93.528,2.0,48.579,24.2895
1011,8,57,100.15377192982456,95.589,2.0,51.268,25.634
1011,9,55,102.9466,97.903,2.0,48.980000000000004,24.490000000000002
1011,20,57,99.95373684210527,94.895,3.0,82.633,27.54433333333333
1011,154,16,103.047625,97.262,1.0,32.082,32.082
1011,807,53,98.5642641509434,95.215,2.0,50.751000000000005,25.375500000000002
1011,815,57,100.43843859649122,96.33,2.0,53.934,26.967
1011,817,53,98.80154716981133,96.697,1.0,25.676,25.676
1011,822,57,99.37324561403508,94.209,2.0,49.298,24.649
1011,825,56,101.14003571428572,95.892,2.0,50.93,25.465
1011,826,56,101.12323214285715,94.934,2.0,57.269,28.6345
1011,830,57,99.43338596491228,95.311,2.0,50.928,25.464
1011,832,53,100.30452830188679,95.586,3.0,95.562,31.854
1011,840,56,101.45542857142857,97.037,2.0,60.938,30.469
1011,841,57,100.45428070175439,95.237,2.0,52.605000000000004,26.302500000000002
1011,842,57,100.34015789473683,95.291,2.0,52.041,26.0205
1011,844,57,99.42852631578948,93.411,2.0,48.876000000000005,24.438000000000002
1011,846,57,100.12366666666667,95.777,2.0,48.891999999999996,24.445999999999998
1011,847,56,102.16098214285715,97.313,2.0,49.545,24.7725
1011,848,57,100.42091228070176,96.752,2.0,50.501,25.2505
1012,1,56,98.68482142857144,95.892,2.0,46.241,23.1205
1012,8,55,100.87389090909092,97.812,1.0,23.888,23.888
1012,9,54,103.0910925925926,99.772,1.0,32.627,32.627
1012,20,56,98.93025,94.836,2.0,45.065,22.5325
1012,154,55,101.12136363636363,96.873,2.0,46.781,23.3905
1012,807,16,104.37075,99.677,1.0,24.107,24.107
1012,815,55,100.75241818181819,98.702,1.0,23.733,23.733
1012,817,55,100.71627272727272,98.632,1.0,23.506,23.506
1012,822,56,98.80182142857143,94.872,2.0,46.278999999999996,23.139499999999998
1012,825,55,101.25772727272728,97.471,2.0,47.346999999999994,23.673499999999997
1012,826,41,103.00670731707318,97.975,3.0,86.513,28.837666666666667
1012,830,56,99.17816071428571,96.143,2.0,45.587999999999994,22.793999999999997
1012,832,55,101.43816363636364,97.502,2.0,68.41,34.205
1012,840,55,101.24172727272727,96.678,2.0,46.981,23.4905
1012,841,55,101.49327272727272,98.048,2.0,50.321,25.1605
1012,842,56,100.2795892857143,94.742,3.0,67.431,22.477
1012,844,56,99.24332142857143,94.86,2.0,47.147999999999996,23.573999999999998
1012,846,50,103.0186,98.346,3.0,106.9,35.63333333333333
1012,847,54,102.7936111111111,97.283,2.0,48.297,24.1485
1012,848,55,101.10281818181818,98.901,1.0,23.215,23.215
1013,1,51,108.1267843137255,104.166,1.0,19.993,19.993
1013,8,50,110.564,106.479,1.0,21.401,21.401
1013,9,49,113.4525306122449,107.709,3.0,56.809,18.936333333333334
1013,20,51,108.32707843137254,104.629,1.0,19.981,19.981
1013,154,38,112.33028947368422,108.517,1.0,20.906,20.906
1013,807,50,111.7225,107.407,2.0,42.195,21.0975
1013,815,51,109.59525490196079,105.524,1.0,20.939,20.939
1013,817,31,112.23241935483871,106.767,1.0,20.884,20.884
1013,822,51,108.09690196078431,104.024,1.0,20.006,20.006
1013,825,50,111.22322,106.682,2.0,40.977000000000004,20.488500000000002
1013,826,33,111.86469696969698,107.681,1.0,21.013,21.013
1013,830,51,108.43990196078431,104.794,1.0,20.973,20.973
1013,832,51,109.74054901960784,105.807,1.0,19.755,19.755
1013,840,51,110.13250980392156,106.009,1.0,23.099,23.099
1013,841,50,110.66784,105.969,1.0,20.776,20.776
1013,842,38,108.45073684210527,105.712,,,
1013,844,51,109.45194117647058,103.009,2.0,40.239000000000004,20.119500000000002
1013,846,51,110.06294117647059,105.394,2.0,41.899,20.9495
1013,847,49,112.77710204081633,107.251,2.0,41.226,20.613
1013,848,50,110.61798,105.754,1.0,20.72,20.72
1014,1,66,87.12792424242424,78.492,2.0,44.775999999999996,22.387999999999998
1014,8,66,87.76130303030303,81.382,2.0,44.891,22.4455
1014,9,65,89.50021538461539,83.202,2.0,44.096000000000004,22.048000000000002
1014,20,66,87.26681818181818,79.82,2.0,45.388999999999996,22.694499999999998
1014,154,66,87.65278787878788,81.057,2.0,45.111000000000004,22.555500000000002
1014,807,66,87.72248484848485,81.282,1.0,22.193,22.193
1014,815,66,87.83818181818182,81.859,2.0,45.677,22.8385
1014,817,66,87.68486363636363,80.615,2.0,45.081,22.5405
1014,822,66,87.18965151515152,78.737,2.0,44.052,22.026
1014,825,66,87.55457575757576,80.77,2.0,45.016999999999996,22.508499999999998
1014,826,66,87.62877272727272,80.726,2.0,55.87,27.935
1014,830,66,87.24427272727272,79.769,2.0,44.957,22.4785
1014,832,66,87.61795454545454,80.859,2.0,43.013000000000005,21.506500000000003
1014,840,44,85.03431818181818,83.226,1.0,23.321,23.321
1014,841,66,87.85051515151515,81.833,2.0,45.888000000000005,22.944000000000003
1014,842,66,87.42453030303031,80.536,2.0,44.658,22.329
1014,844,66,87.33036363636363,80.002,2.0,45.284000000000006,22.642000000000003
1014,846,44,85.04761363636364,82.561,1.0,21.579,21.579
1014,847,65,89.38812307692308,82.382,2.0,44.288,22.144
1014,848,66,87.66496969696969,81.028,2.0,60.936,30.468
1015,1,78,79.59534615384615,76.167,1.0,24.266,24.266
1015,8,77,81.26076623376623,76.436,1.0,26.299,26.299
1015,9,77,81.65590909090909,77.388,1.0,23.946,23.946
1015,20,78,79.62870512820513,76.277,1.0,24.483,24.483
1015,154,78,80.31373076923077,76.746,1.0,24.219,24.219
1015,807,77,80.77723376623376,76.276,1.0,25.532,25.532
1015,815,77,80.7388961038961,76.613,1.0,28.463,28.463
1015,817,78,80.37603846153847,75.697,1.0,24.269,24.269
1015,822,78,79.63588461538461,75.163,2.0,49.806,24.903
1015,825,77,80.72667532467533,76.992,1.0,25.419,25.419
1015,826,78,80.29501282051282,76.288,1.0,24.023,24.023
1015,830,78,79.60223076923077,76.229,1.0,24.011,24.011
1015,832,78,80.28065384615384,75.891,1.0,23.795,23.795
1015,840,77,81.06098701298701,76.379,1.0,24.591,24.591
1015,841,76,81.76838157894737,76.299,1.0,35.651,35.651
1015,842,78,79.72285897435897,74.279,2.0,48.019000000000005,24.009500000000003
1015,844,16,90.65025,79.151,2.0,51.669,25.8345
1015,846,78,80.45176923076923,76.413,1.0,25.026,25.026
1015,847,77,80.97105194805194,77.038,1.0,26.165,26.165
1015,848,78,80.30303846153846,75.607,1.0,25.062,25.062
1016,1,70,76.38691428571428,74.813,1.0,23.662,23.662
1016,8,69,78.51010144927535,75.442,2.0,50.007999999999996,25.003999999999998
1016,9,67,80.24104477611941,77.285,2.0,48.329,24.1645
1016,20,70,76.36774285714286,74.875,1.0,23.782,23.782
1016,154,69,78.50198550724639,76.245,1.0,24.071,24.071
1016,807,69,77.54433333333333,75.995,1.0,24.03,24.03
1016,815,69,78.14491304347825,76.314,1.0,24.076,24.076
1016,817,69,77.53850724637681,76.075,1.0,23.927,23.927
1016,822,70,77.1161,73.078,2.0,47.45,23.725
1016,825,68,79.53479411764707,77.309,1.0,24.381,24.381
1016,826,69,77.9941884057971,76.198,1.0,23.825,23.825
1016,830,70,77.21055714285714,74.767,1.0,23.426,23.426
1016,832,69,78.02560869565218,76.471,1.0,24.727,24.727
1016,840,69,77.9581304347826,76.043,1.0,23.727,23.727
1016,841,69,78.47779710144928,76.365,1.0,23.884,23.884
1016,842,69,77.69021739130436,76.157,1.0,23.485,23.485
1016,844,70,76.454,74.356,1.0,23.732,23.732
1016,846,8,80.775625,78.023,,,
1016,847,68,79.40870588235293,77.241,1.0,23.686,23.686
1016,848,59,79.43055932203389,77.151,1.0,37.95,37.95
1017,1,53,95.68298113207547,92.764,1.0,30.186,30.186
1017,8,52,97.68828846153846,94.95,1.0,29.975,29.975
1017,9,51,100.09043137254902,96.608,1.0,29.792,29.792
1017,20,53,96.86781132075471,92.74,2.0,60.512,30.256
1017,154,44,98.74561363636363,95.691,1.0,30.837,30.837
1017,807,52,97.69905769230769,94.754,1.0,30.884,30.884
1017,815,52,97.93296153846153,95.014,1.0,37.286,37.286
1017,817,52,97.67051923076923,94.873,1.0,31.031,31.031
1017,822,53,96.0236603773585,93.586,1.0,30.412,30.412
1017,825,52,98.68830769230769,95.692,1.0,30.832,30.832
1017,826,52,98.21367307692307,95.225,1.0,30.233,30.233
1017,830,53,96.34156603773584,94.162,1.0,30.118,30.118
1017,832,53,97.48415094339622,94.561,1.0,29.92,29.92
1017,840,52,97.97853846153846,94.924,1.0,30.849,30.849
1017,841,52,98.59078846153847,95.115,2.0,62.539,31.2695
1017,842,52,97.83503846153847,95.15,1.0,30.228,30.228
1017,844,53,96.04118867924528,93.828,1.0,30.203,30.203
1017,846,52,97.73446153846153,95.197,1.0,30.576,30.576
1017,847,51,100.2683137254902,95.83,2.0,69.444,34.722
1017,848,52,98.25973076923077,95.029,1.0,30.279,30.279
1018,1,71,69.6426338028169,68.05,1.0,30.067,30.067
1018,8,70,70.60447142857143,69.126,1.0,21.709,21.709
1018,9,68,72.56414705882352,70.964,1.0,21.525,21.525
1018,20,71,69.5976338028169,67.676,2.0,47.487,23.7435
1018,154,70,70.94511428571428,68.987,1.0,22.265,22.265
1018,807,70,70.69447142857143,69.248,1.0,21.985,21.985
1018,815,70,70.65321428571428,69.061,1.0,22.33,22.33
1018,817,70,70.66980000000001,68.019,1.0,22.305,22.305
1018,822,71,69.58847887323944,68.565,1.0,22.552,22.552
1018,825,69,71.87960869565218,68.903,3.0,61.775999999999996,20.592
1018,826,70,71.25311428571429,69.498,1.0,25.091,25.091
1018,830,71,69.32143661971831,67.475,1.0,21.11,21.11
1018,832,70,70.57434285714285,68.117,1.0,21.266,21.266
1018,840,70,70.80772857142857,69.288,1.0,21.982,21.982
1018,841,70,70.61392857142856,69.051,1.0,21.672,21.672
1018,842,70,70.41477142857143,68.79,1.0,22.239,22.239
1018,844,71,69.35980281690141,67.994,1.0,21.878,21.878
1018,846,70,70.3327,68.699,1.0,21.547,21.547
1018,847,69,71.56278260869564,69.926,1.0,22.772,22.772
1018,848,70,70.83164285714285,68.946,1.0,21.225,21.225
1019,1,52,93.62407692307693,87.369,1.0,28.905,28.905
1019,8,52,94.88446153846154,90.034,1.0,28.364,28.364
1019,9,51,95.97329411764706,91.509,1.0,28.694,28.694
1019,20,51,95.78260784313726,88.733,2.0,66.489,33.2445
1019,154,9,103.07566666666668,94.35,1.0,33.562,33.562
1019,807,52,95.02278846153847,89.949,1.0,28.926,28.926
1019,815,51,96.17205882352941,89.456,3.0,97.04299999999999,32.34766666666666
1019,817,52,94.67025,89.624,2.0,56.797,28.3985
1019,822,52,94.10346153846153,87.406,2.0,56.67,28.335
1019,825,6,112.91633333333333,93.425,1.0,32.767,32.767
1019,826,52,94.90715384615385,89.91,2.0,58.188,29.094
1019,830,52,94.38288461538461,89.272,2.0,55.777,27.8885
1019,832,52,94.65559615384616,89.757,1.0,27.98,27.98
1019,840,52,95.18342307692308,89.39,2.0,59.474000000000004,29.737000000000002
1019,841,18,93.93261111111111,92.464,,,
1019,842,52,94.29123076923076,89.544,1.0,27.905,27.905
1019,844,52,94.20325,89.313,2.0,56.906,28.453
1019,846,52,95.05255769230769,89.636,2.0,56.194,28.097
1019,847,51,95.76192156862746,91.013,1.0,30.245,30.245
1019,848,52,95.07825,90.872,1.0,28.954,28.954
1020,1,64,98.29596875,77.485,6.0,178.86599999999999,29.810999999999996
1020,8,64,98.179515625,77.746,4.0,91.63499999999999,22.908749999999998
1020,9,64,98.37909375,79.563,5.0,104.05799999999999,20.8116
1020,20,64,98.10325,76.794,5.0,103.762,20.7524
1020,154,64,98.251765625,78.811,5.0,113.323,22.6646
1020,807,39,101.27007692307693,89.576,3.0,62.873999999999995,20.958
1020,815,1,112.843,112.843,,,
1020,817,13,102.48261538461539,92.654,1.0,21.224,21.224
1020,822,56,98.90226785714286,78.272,4.0,84.892,21.223
1020,825,64,98.281875,79.062,6.0,125.009,20.834833333333332
1020,826,64,98.1184375,77.708,4.0,89.559,22.38975
1020,830,64,97.988671875,76.645,5.0,101.85900000000001,20.3718
1020,832,64,98.13840625,77.841,3.0,64.038,21.346
1020,840,64,98.128765625,77.831,5.0,106.542,21.3084
1020,841,64,98.2050625,77.507,4.0,91.577,22.89425
1020,842,61,99.14218032786884,77.495,4.0,90.106,22.5265
1020,844,27,96.37981481481482,87.697,3.0,62.78,20.926666666666666
1020,846,25,99.17960000000001,91.081,2.0,41.644000000000005,20.822000000000003
1020,847,64,98.401234375,79.3,5.0,104.429,20.8858
1020,848,64,98.145734375,77.85,4.0,83.74000000000001,20.935000000000002
1021,1,70,81.4828,78.528,2.0,44.269999999999996,22.134999999999998
1021,8,69,83.11866666666667,80.88,1.0,22.205,22.205
1021,9,67,85.28468656716419,83.436,1.0,21.754,21.754
1021,20,70,82.36041428571428,79.786,1.0,24.819,24.819
1021,154,49,85.03818367346939,82.809,1.0,22.035,22.035
1021,807,69,83.7971304347826,81.65,1.0,21.734,21.734
1021,815,69,83.78791304347826,81.734,1.0,21.901,21.901
1021,817,69,83.81149275362318,80.839,1.0,22.498,22.498
1021,822,69,83.12933333333334,79.331,2.0,55.072,27.536
1021,825,69,83.80810144927536,81.008,1.0,21.618,21.618
1021,826,68,83.95564705882353,81.932,1.0,23.002,23.002
1021,830,70,81.73702857142857,77.103,2.0,42.869,21.4345
1021,832,69,83.05972463768116,81.002,1.0,21.832,21.832
1021,840,68,84.81575,80.603,2.0,43.647999999999996,21.823999999999998
1021,841,68,84.95088235294118,83.134,1.0,23.218,23.218
1021,842,69,83.07991304347826,81.045,1.0,22.104,22.104
1021,844,70,82.41494285714286,80.493,1.0,21.575,21.575
1021,846,69,83.20560869565217,81.188,1.0,26.066,26.066
1021,847,68,84.76030882352941,82.386,1.0,21.333,21.333
1021,848,69,83.6278695652174,80.621,1.0,23.676,23.676
1022,1,44,114.24297727272727,106.58,1.0,23.497,23.497
1022,8,43,117.8936511627907,108.753,3.0,90.942,30.313999999999997
1022,9,43,117.99909302325581,109.22,1.0,24.247,24.247
1022,20,44,114.82118181818183,106.409,2.0,45.649,22.8245
1022,154,43,117.19506976744186,109.274,1.0,22.912,22.912
1022,807,44,116.64429545454546,108.349,2.0,46.475,23.2375
1022,815,44,116.13995454545454,108.781,1.0,23.133,23.133
1022,817,43,117.40618604651164,110.451,1.0,27.62,27.62
1022,822,44,114.50670454545454,106.465,1.0,22.579,22.579
1022,825,43,117.03279069767441,108.677,1.0,22.584,22.584
1022,826,44,116.25834090909092,108.143,1.0,22.834,22.834
1022,832,1,194.682,194.682,1.0,59.291,59.291
1022,840,44,116.717,108.357,2.0,48.024,24.012
1022,841,42,116.7332619047619,107.56,1.0,23.044,23.044
1022,842,44,116.70177272727273,109.7,1.0,22.772,22.772
1022,844,44,114.22068181818182,106.664,1.0,22.449,22.449
1022,846,43,115.8313488372093,108.321,1.0,23.182,23.182
1022,847,43,117.61053488372093,108.86,1.0,22.442,22.442
1022,848,44,116.06897727272728,107.507,1.0,22.506,22.506
1023,1,53,86.07290566037736,81.779,2.0,47.643,23.8215
1023,8,52,88.30509615384615,84.419,2.0,56.961,28.4805
1023,9,51,89.29380392156862,84.989,2.0,55.702,27.851
1023,20,52,87.80676923076923,82.799,3.0,88.67,29.55666666666667
1023,154,52,88.68153846153847,84.985,2.0,51.602000000000004,25.801000000000002
1023,807,53,86.50622641509433,83.641,1.0,24.092,24.092
1023,815,53,86.80126415094341,83.77,1.0,25.34,25.34
1023,817,53,86.26754716981132,83.466,1.0,24.32,24.32
1023,822,53,85.4245283018868,82.859,1.0,23.7,23.7
1023,825,43,88.61655813953489,84.443,2.0,49.378,24.689
1023,826,29,87.66196551724137,85.772,1.0,24.479,24.479
1023,830,53,86.81428301886793,83.143,2.0,55.513999999999996,27.756999999999998
1023,832,27,86.49725925925925,85.637,1.0,27.01,27.01
1023,840,52,87.41888461538461,84.165,2.0,43.257000000000005,21.628500000000003
1023,841,52,87.10717307692308,84.503,1.0,25.698,25.698
1023,842,52,87.17123076923076,83.885,1.0,24.363,24.363
1023,844,53,85.40877358490566,83.009,1.0,23.833,23.833
1023,846,52,87.13625,84.044,1.0,24.311,24.311
1023,847,52,87.83528846153847,84.842,1.0,24.198,24.198
1023,848,53,86.52792452830188,83.364,1.0,29.83,29.83
1024,1,61,116.69303278688525,104.914,1.0,28.93,28.93
1024,8,49,117.99410204081633,107.062,1.0,29.992,29.992
1024,9,61,117.38837704918033,106.793,2.0,59.354,29.677
1024,20,61,116.6174918032787,104.802,1.0,29.384,29.384
1024,154,61,117.19840983606558,106.274,2.0,73.032,36.516
1024,807,61,116.89155737704918,105.765,2.0,58.715,29.3575
1024,815,42,115.04830952380952,106.683,1.0,29.082,29.082
1024,817,61,117.23486885245902,105.915,1.0,30.756,30.756
1024,822,61,116.71780327868854,103.534,1.0,29.234,29.234
1024,825,61,118.03588524590164,102.301,2.0,60.319,30.1595
1024,826,61,117.2433606557377,104.371,2.0,63.51,31.755
1024,830,61,116.68013114754099,105.176,1.0,28.846,28.846
1024,832,61,117.20722950819672,105.969,1.0,30.623,30.623
1024,840,61,117.21452459016393,104.896,3.0,98.13,32.71
1024,841,61,116.91019672131146,105.63,2.0,58.03,29.015
1024,842,61,116.87236065573771,105.769,1.0,32.482,32.482
1024,844,61,116.66078688524591,104.723,1.0,29.168,29.168
1024,846,61,116.85960655737705,105.716,1.0,30.397,30.397
1024,847,34,111.06182352941177,108.285,1.0,38.752,38.752
1024,848,61,116.80868852459017,105.26,1.0,28.606,28.606
1025,1,53,106.01871698113207,95.761,1.0,29.751,29.751
1025,8,53,107.31890566037737,98.589,2.0,61.55,30.775
1025,9,28,110.79671428571429,102.327,2.0,60.763999999999996,30.381999999999998
1025,20,26,104.97423076923077,98.245,1.0,29.86,29.86
1025,807,53,107.1477924528302,98.519,2.0,64.05000000000001,32.025000000000006
1025,815,53,106.93811320754718,98.043,1.0,30.271,30.271
1025,817,24,109.232,101.284,1.0,36.031,36.031
1025,822,53,106.09096226415095,96.316,1.0,29.436,29.436
1025,825,53,107.03341509433962,98.13,1.0,30.509,30.509
1025,826,53,107.19788679245283,98.228,2.0,60.324,30.162
1025,830,53,106.28683018867925,96.937,1.0,29.978,29.978
1025,832,53,106.88454716981133,98.02,1.0,30.103,30.103
1025,840,53,107.16628301886792,98.611,1.0,30.168,30.168
1025,841,53,107.40260377358491,98.696,2.0,68.42,34.21
1025,842,53,107.34090566037736,98.606,1.0,29.935,29.935
1025,844,53,106.11705660377359,96.193,2.0,58.949,29.4745
1025,846,53,107.10832075471698,98.301,1.0,29.29,29.29
1025,847,27,108.81488888888889,101.705,1.0,29.857,29.857
1025,848,53,106.7422641509434,96.762,1.0,29.854,29.854
1026,1,52,94.62717307692307,90.983,2.0,47.173,23.5865
1026,8,51,97.20570588235293,93.19,2.0,47.632000000000005,23.816000000000003
1026,9,50,99.83676,96.332,2.0,49.704,24.852
1026,20,52,94.61726923076924,92.122,2.0,47.245000000000005,23.622500000000002
1026,154,51,97.34341176470589,94.988,1.0,23.478,23.478
1026,807,51,96.68196078431372,94.921,1.0,24.132,24.132
1026,815,51,96.6699019607843,92.621,2.0,46.181,23.0905
1026,817,51,96.42074509803922,93.481,1.0,23.292,23.292
1026,822,52,94.36067307692308,91.862,2.0,46.157,23.0785
1026,825,51,97.75270588235294,91.732,2.0,48.129,24.0645
1026,826,51,96.80617647058824,93.239,1.0,23.293,23.293
1026,830,14,98.43,97.249,,,
1026,832,52,95.68953846153846,93.563,1.0,23.476,23.476
1026,840,51,96.73333333333333,94.713,1.0,23.292,23.292
1026,841,51,97.70729411764707,92.369,2.0,46.763,23.3815
1026,842,51,96.66264705882352,95.321,1.0,23.18,23.18
1026,844,51,96.30845098039215,91.611,3.0,77.362,25.787333333333333
1026,846,51,96.95105882352941,94.116,2.0,49.29600000000001,24.648000000000003
1026,847,50,98.07956,95.458,1.0,23.792,23.792
1026,848,52,95.5056153846154,92.775,2.0,46.655,23.3275
1027,1,71,81.81554929577464,79.461,1.0,22.269,22.269
1027,8,58,84.40146551724138,80.082,2.0,45.717,22.8585
1027,9,69,85.07384057971015,80.696,2.0,47.176,23.588
1027,20,71,81.84042253521127,79.381,1.0,21.862,21.862
1027,154,69,84.93907246376811,81.581,1.0,24.128,24.128
1027,807,70,83.37878571428571,80.791,1.0,22.484,22.484
1027,815,71,82.85525352112677,80.485,1.0,22.357,22.357
1027,817,71,82.87081690140846,80.146,1.0,22.345,22.345
1027,822,71,81.86559154929577,79.494,1.0,22.179,22.179
1027,825,69,84.20998550724639,81.682,1.0,23.084,23.084
1027,826,70,83.27315714285714,79.905,2.0,44.522999999999996,22.261499999999998
1027,830,71,82.78466197183099,80.406,1.0,24.493,24.493
1027,832,70,83.48901428571429,80.311,2.0,44.42,22.21
1027,840,70,83.44592857142857,80.922,1.0,22.745,22.745
1027,841,70,83.78794285714285,81.014,1.0,43.411,43.411
1027,842,70,83.3170142857143,79.53,2.0,45.307,22.6535
1027,844,71,81.90523943661971,79.232,2.0,47.788,23.894
1027,846,48,86.80816666666666,81.643,,,
1027,847,69,84.87094202898551,81.286,1.0,22.887,22.887
1027,848,71,82.11694366197183,79.325,2.0,44.195,22.0975
1028,1,56,100.71073214285714,98.446,1.0,23.943,23.943
1028,8,55,102.82327272727272,99.608,2.0,49.230000000000004,24.615000000000002
1028,9,31,106.32545161290322,103.83,1.0,24.164,24.164
1028,20,7,103.30428571428571,102.165,,,
1028,154,55,103.76154545454546,101.27,1.0,24.583,24.583
1028,807,55,102.693,98.437,2.0,47.929,23.9645
1028,815,55,102.80645454545454,100.165,1.0,24.207,24.207
1028,817,56,102.25033928571429,100.564,1.0,23.751,23.751
1028,822,56,100.63666071428571,96.957,2.0,47.97,23.985
1028,825,52,103.72925,100.347,2.0,49.66,24.83
1028,826,55,102.77127272727272,98.969,2.0,51.277,25.6385
1028,830,56,100.72598214285715,98.214,2.0,47.16,23.58
1028,832,55,102.62183636363636,100.844,1.0,24.784,24.784
1028,840,55,103.22863636363637,100.38,2.0,49.762,24.881
1028,841,55,103.44441818181818,99.964,2.0,49.436,24.718
1028,842,54,103.5385,100.85,2.0,48.455,24.2275
1028,844,56,101.5695,96.169,2.0,53.001000000000005,26.500500000000002
1028,846,56,102.25744642857144,98.074,2.0,50.454,25.227
1028,847,54,104.78031481481482,101.239,2.0,52.45,26.225
1028,848,56,102.03019642857143,98.029,3.0,81.018,27.006
1029,1,71,78.88474647887323,71.082,3.0,69.03,23.01
1029,8,71,78.93140845070423,73.135,2.0,47.304,23.652
1029,9,70,80.181,74.553,4.0,101.16,25.29
1029,20,65,77.00533846153846,71.384,2.0,46.17700000000001,23.088500000000003
1029,154,71,78.99894366197184,73.619,2.0,47.247,23.6235
1029,807,71,78.98221126760562,72.934,3.0,69.687,23.229
1029,815,71,78.96066197183099,72.84,2.0,46.221000000000004,23.110500000000002
1029,817,71,78.94674647887324,72.733,2.0,60.251000000000005,30.125500000000002
1029,822,51,74.51331372549019,70.698,2.0,46.358000000000004,23.179000000000002
1029,825,71,78.97760563380281,73.262,2.0,47.37,23.685
1029,826,71,78.96632394366198,72.385,2.0,46.137,23.0685
1029,830,71,78.79828169014085,70.862,3.0,68.068,22.689333333333334
1029,832,71,78.92357746478874,73.158,1.0,22.77,22.77
1029,840,65,77.29555384615385,72.603,2.0,48.187,24.0935
1029,841,71,78.94195774647888,73.02,2.0,46.679,23.3395
1029,842,71,78.88387323943662,72.425,2.0,46.506,23.253
1029,844,65,77.01232307692307,71.423,2.0,46.008,23.004
1029,846,71,78.95608450704225,72.328,2.0,46.736000000000004,23.368000000000002
1029,847,71,78.98981690140846,73.752,3.0,68.14,22.713333333333335
1029,848,71,79.00852112676056,71.087,2.0,46.144000000000005,23.072000000000003
1030,1,55,102.64936363636363,99.283,1.0,22.178,22.178
1030,8,54,105.30546296296296,103.142,1.0,22.41,22.41
1030,9,53,106.97118867924529,104.5,1.0,21.688,21.688
1030,20,55,103.8194909090909,100.128,2.0,47.629000000000005,23.814500000000002
1030,154,54,105.93457407407408,103.666,1.0,21.968,21.968
1030,807,54,105.1684074074074,103.274,1.0,21.578,21.578
1030,815,54,105.01144444444444,102.639,1.0,22.23,22.23
1030,817,54,105.14327777777778,101.19,2.0,43.528,21.764
1030,822,55,103.45625454545454,99.715,1.0,21.145,21.145
1030,825,54,105.58324074074075,103.79,1.0,21.531,21.531
1030,826,54,105.05992592592592,102.222,1.0,21.496,21.496
1030,830,55,102.95430909090909,101.119,1.0,21.023,21.023
1030,832,54,105.1265925925926,101.294,2.0,43.394000000000005,21.697000000000003
1030,840,45,106.95397777777778,103.326,2.0,50.62,25.31
1030,841,54,106.15707407407407,103.256,2.0,44.165,22.0825
1030,842,53,106.73586792452829,102.414,,,
1030,844,55,103.43909090909091,100.442,2.0,42.971000000000004,21.485500000000002
1030,846,54,105.03664814814815,103.026,1.0,22.974,22.974
1030,847,54,106.3610925925926,103.074,1.0,22.272,22.272
1030,848,55,103.90763636363637,102.219,1.0,22.028,22.028
1031,1,71,76.85109859154929,67.712,2.0,38.215,19.1075
1031,8,53,75.11049056603774,69.031,2.0,44.798,22.399
1031,20,71,77.18709859154929,68.623,3.0,64.299,21.433000000000003
1031,154,49,75.41381632653061,70.228,1.0,23.28,23.28
1031,815,71,76.98353521126761,68.305,2.0,38.929,19.4645
1031,817,17,73.01935294117648,70.61,,,
1031,822,71,76.84139436619719,67.657,2.0,38.344,19.172
1031,825,24,71.76266666666668,70.72,,,
1031,826,69,77.46246376811594,69.135,3.0,64.047,21.349
1031,830,11,76.15254545454546,69.351,,,
1031,832,71,76.96678873239438,67.974,3.0,65.696,21.898666666666667
1031,839,71,77.08725352112677,68.912,2.0,41.309,20.6545
1031,840,20,72.0613,70.326,,,
1031,841,71,77.13922535211267,68.796,3.0,66.137,22.045666666666666
1031,842,71,77.07635211267606,69.025,2.0,42.377,21.1885
1031,844,71,76.87942253521128,67.901,3.0,63.476,21.158666666666665
1031,846,71,76.91873239436619,67.475,3.0,63.721000000000004,21.240333333333336
1031,847,49,74.04655102040816,69.317,1.0,21.417,21.417
1031,848,67,77.6565223880597,68.432,3.0,60.156,20.052
1031,849,71,77.2871690140845,69.662,3.0,63.464,21.154666666666667
1032,1,71,70.00961971830985,66.719,1.0,21.729,21.729
1032,8,70,71.55431428571428,68.382,1.0,21.459,21.459
1032,20,1,101.037,101.037,,,
1032,154,70,71.56597142857143,68.047,1.0,22.444,22.444
1032,815,71,70.88830985915493,67.188,1.0,22.761,22.761
1032,817,71,70.89118309859154,67.832,1.0,21.603,21.603
1032,822,71,70.20284507042254,67.534,1.0,21.376,21.376
1032,825,70,71.55818571428571,68.009,1.0,21.977,21.977
1032,826,70,71.44191428571429,68.378,1.0,22.197,22.197
1032,830,71,70.48423943661972,66.145,2.0,42.028000000000006,21.014000000000003
1032,832,70,71.2818,65.619,2.0,47.856,23.928
1032,839,25,74.39816,69.321,,,
1032,840,71,70.88923943661972,67.833,1.0,22.118,22.118
1032,841,70,71.6339,68.512,1.0,21.667,21.667
1032,842,70,71.84528571428571,67.827,2.0,44.230000000000004,22.115000000000002
1032,844,4,104.2755,92.548,1.0,39.715,39.715
1032,846,71,70.87539436619718,67.193,1.0,22.406,22.406
1032,847,69,72.07,68.601,1.0,21.697,21.697
1032,848,71,70.63497183098592,67.109,1.0,21.505,21.505
1032,849,69,72.1228115942029,68.806,1.0,22.745,22.745
1033,1,70,82.4639,76.627,3.0,67.00999999999999,22.336666666666662
1033,8,69,84.43591304347825,80.232,2.0,49.427,24.7135
1033,20,69,83.73856521739131,80.363,2.0,50.166,25.083
1033,154,69,84.41879710144929,80.889,1.0,22.591,22.591
1033,815,69,83.7550579710145,80.09,2.0,45.314,22.657
1033,817,69,83.76882608695652,79.532,2.0,43.993,21.9965
1033,822,70,82.59892857142856,77.665,3.0,65.122,21.707333333333334
1033,825,69,83.94776811594203,80.477,1.0,23.621,23.621
1033,826,69,84.31626086956521,80.946,2.0,46.253,23.1265
1033,830,70,82.58821428571429,79.184,2.0,42.797,21.3985
1033,832,69,83.97779710144928,79.457,2.0,49.569,24.7845
1033,839,69,84.33966666666667,80.261,2.0,46.141,23.0705
1033,840,70,83.28645714285713,78.973,3.0,67.672,22.557333333333332
1033,841,69,84.73491304347826,80.096,3.0,67.196,22.398666666666667
1033,842,15,91.35153333333334,83.939,1.0,22.74,22.74
1033,844,69,84.24582608695653,80.821,2.0,44.83,22.415
1033,846,69,84.32697101449276,79.945,2.0,45.754000000000005,22.877000000000002
1033,847,69,84.75136231884058,79.984,3.0,64.599,21.533
1033,848,70,83.5827,79.44,2.0,45.22,22.61
1033,849,65,89.58032307692307,81.198,5.0,133.86700000000002,26.773400000000002
1034,1,52,101.56313461538461,89.238,1.0,28.805,28.805
1034,8,51,104.31892156862746,89.973,2.0,80.67500000000001,40.337500000000006
1034,20,52,102.36807692307693,90.537,1.0,29.439,29.439
1034,154,52,102.62178846153847,89.782,1.0,33.816,33.816
1034,817,52,101.94101923076923,89.482,1.0,29.559,29.559
1034,822,52,102.37403846153846,89.265,2.0,64.173,32.0865
1034,825,1,103.754,103.754,,,
1034,826,11,112.05463636363636,92.443,,,
1034,830,52,101.67575,87.097,2.0,56.480999999999995,28.240499999999997
1034,832,52,102.58948076923076,89.948,2.0,64.765,32.3825
1034,839,52,102.08115384615384,89.491,1.0,30.768,30.768
1034,840,52,102.28065384615384,90.475,1.0,28.716,28.716
1034,841,52,102.5093846153846,90.977,1.0,28.355,28.355
1034,842,52,102.16290384615384,89.603,1.0,29.414,29.414
1034,844,52,101.91840384615385,89.813,1.0,29.52,29.52
1034,846,52,101.99153846153847,90.058,1.0,30.289,30.289
1034,847,52,102.56321153846153,90.862,1.0,29.302,29.302
1034,848,52,102.19140384615385,88.689,2.0,62.141999999999996,31.070999999999998
1034,849,52,102.61215384615384,90.501,1.0,31.371,31.371
1035,1,52,92.17921153846153,88.451,2.0,57.808,28.904
1035,8,51,94.21641176470588,91.756,1.0,29.296,29.296
1035,20,52,93.37236538461539,90.785,2.0,56.519000000000005,28.259500000000003
1035,154,51,94.25896078431371,90.793,2.0,59.18,29.59
1035,807,52,93.03738461538461,90.087,3.0,86.10300000000001,28.701000000000004
1035,817,51,93.89498039215687,91.168,3.0,84.811,28.270333333333337
1035,822,52,92.33123076923077,89.765,2.0,56.596000000000004,28.298000000000002
1035,825,43,95.24102325581396,91.83,2.0,58.323,29.1615
1035,826,52,93.30119230769232,90.738,2.0,56.400999999999996,28.200499999999998
1035,830,52,91.96140384615384,89.465,2.0,58.101,29.0505
1035,832,52,93.38582692307692,90.556,2.0,64.636,32.318
1035,839,52,93.20703846153847,90.575,1.0,28.093,28.093
1035,840,52,92.7794423076923,90.379,2.0,56.209,28.1045
1035,841,51,94.3726862745098,91.826,2.0,55.585,27.7925
1035,842,52,93.31990384615385,90.092,2.0,56.662000000000006,28.331000000000003
1035,844,52,92.52465384615384,90.552,1.0,29.419,29.419
1035,846,52,93.22186538461538,90.698,2.0,56.823,28.4115
1035,847,51,94.38998039215687,91.408,3.0,85.414,28.471333333333334
1035,848,52,92.71421153846153,89.477,2.0,56.275000000000006,28.137500000000003
1035,849,51,94.40188235294117,89.95,3.0,85.831,28.610333333333333
1036,1,66,83.41331818181817,79.822,2.0,45.230000000000004,22.615000000000002
1036,8,65,85.64126153846153,81.888,2.0,44.510999999999996,22.255499999999998
1036,20,65,85.28943076923076,82.707,1.0,21.82,21.82
1036,154,64,86.4835625,80.409,2.0,47.222,23.611
1036,815,65,84.99175384615386,82.515,1.0,22.641,22.641
1036,817,65,85.34069230769231,82.464,1.0,21.837,21.837
1036,822,66,84.09137878787878,78.183,3.0,67.06,22.353333333333335
1036,825,65,85.75953846153847,83.474,1.0,24.148,24.148
1036,826,65,85.35381538461539,82.336,2.0,45.115,22.5575
1036,830,66,83.77963636363637,81.477,2.0,43.132999999999996,21.566499999999998
1036,832,65,85.093,81.771,2.0,44.244,22.122
1036,839,65,85.55703076923076,82.174,1.0,22.366,22.366
1036,840,65,85.02652307692308,82.024,2.0,44.739000000000004,22.369500000000002
1036,841,65,85.7702923076923,81.801,2.0,44.037,22.0185
1036,842,65,85.31687692307692,82.543,2.0,44.635,22.3175
1036,844,38,87.67463157894737,83.968,1.0,22.274,22.274
1036,846,65,85.32544615384614,82.392,2.0,43.86,21.93
1036,847,65,85.91778461538462,82.503,2.0,44.596999999999994,22.298499999999997
1036,848,65,85.30781538461538,82.194,2.0,43.467,21.7335
1036,849,64,86.051515625,82.03,2.0,44.797,22.3985
1037,1,44,114.74456818181818,107.758,1.0,23.298,23.298
1037,8,44,116.36965909090908,109.822,1.0,22.96,22.96
1037,20,44,116.40125,109.958,1.0,22.982,22.982
1037,154,44,116.48986363636364,110.018,1.0,23.636,23.636
1037,815,44,115.95318181818182,108.389,1.0,23.175,23.175
1037,817,44,115.1735909090909,107.483,1.0,23.586,23.586
1037,822,44,114.93656818181817,107.983,1.0,25.548,25.548
1037,825,44,116.68865909090908,108.083,2.0,50.495,25.2475
1037,826,44,116.34002272727272,109.832,1.0,23.769,23.769
1037,830,44,115.09581818181817,108.305,1.0,23.314,23.314
1037,839,44,115.66843181818183,108.54,1.0,24.305,24.305
1037,840,44,115.94009090909091,109.136,1.0,23.689,23.689
1037,841,9,113.728,111.793,,,
1037,842,44,115.82118181818183,107.839,1.0,22.681,22.681
1037,844,44,116.44729545454545,107.84,2.0,55.778000000000006,27.889000000000003
1037,846,44,115.73943181818183,108.552,1.0,23.046,23.046
1037,847,9,113.97533333333332,111.754,,,
1037,848,44,115.71529545454545,108.736,1.0,22.738,22.738
1037,849,44,116.51263636363636,108.048,2.0,47.009,23.5045
1038,1,53,121.57171698113208,82.746,3.0,1573.178,524.3926666666667
1038,8,53,121.93147169811321,84.835,2.0,1545.4389999999999,772.7194999999999
1038,20,6,98.14166666666667,87.107,,,
1038,154,53,121.90981132075471,84.785,2.0,1556.124,778.062
1038,815,53,121.68452830188679,84.336,2.0,1551.682,775.841
1038,817,53,121.4046603773585,83.898,2.0,1549.135,774.5675
1038,822,53,121.38045283018867,83.961,2.0,1546.674,773.337
1038,825,17,89.16776470588235,85.787,1.0,40.078,40.078
1038,826,53,121.66535849056604,84.479,2.0,1550.059,775.0295
1038,830,30,149.9805,85.539,2.0,1548.9450000000002,774.4725000000001
1038,832,53,121.25416981132075,83.882,2.0,1546.7669999999998,773.3834999999999
1038,839,53,121.599,84.49,2.0,1548.513,774.2565
1038,840,53,121.30969811320755,83.897,1.0,1517.308,1517.308
1038,841,53,122.28783018867925,84.856,3.0,1577.303,525.7676666666667
1038,842,53,121.2463396226415,84.037,2.0,1543.975,771.9875
1038,844,23,92.50773913043479,86.026,1.0,24.344,24.344
1038,846,53,121.35954716981132,84.232,2.0,1546.621,773.3105
1038,847,53,121.93677358490567,84.421,2.0,1553.1870000000001,776.5935000000001
1038,848,53,121.95450943396226,84.888,2.0,1557.9080000000001,778.9540000000001
1038,849,53,121.86664150943396,84.999,2.0,1549.4650000000001,774.7325000000001
1039,1,59,141.95016949152543,78.833,5.0,2800.388,560.0776
1039,8,59,142.37,81.164,6.0,2741.3689999999997,456.8948333333333
1039,20,59,142.45835593220338,81.202,6.0,2812.6859999999997,468.78099999999995
1039,154,59,142.6626440677966,82.263,5.0,2705.017,541.0033999999999
1039,815,59,142.21542372881356,80.632,5.0,2804.88,560.976
1039,817,59,142.1267288135593,80.426,5.0,2804.005,560.801
1039,822,59,142.0328813559322,79.432,5.0,2802.282,560.4564
1039,825,5,135.3146,128.433,,,
1039,826,59,142.31891525423728,81.458,5.0,2799.562,559.9123999999999
1039,832,5,135.89079999999998,134.103,,,
1039,839,7,134.15442857142858,123.478,1.0,17.455,17.455
1039,840,42,130.77971428571428,82.068,3.0,1480.049,493.3496666666667
1039,841,5,135.7092,130.612,,,
1039,844,59,142.43059322033898,81.229,5.0,2786.3680000000004,557.2736000000001
1039,846,59,142.27022033898305,81.198,5.0,2805.2870000000003,561.0574
1039,847,59,142.49938983050848,81.645,5.0,2781.685,556.337
1039,848,59,142.08684745762713,80.039,5.0,2803.9539999999997,560.7908
1039,849,6,134.8285,129.418,,,
1040,1,53,106.85081132075472,98.075,1.0,41.352,41.352
1040,8,52,108.77575,98.858,1.0,33.317,33.317
1040,20,52,108.75898076923076,99.588,1.0,29.395,29.395
1040,154,52,109.51746153846153,99.614,2.0,60.042,30.021
1040,815,53,106.9985283018868,98.141,1.0,29.602,29.602
1040,817,53,107.30998113207546,97.886,1.0,30.112,30.112
1040,822,53,106.42196226415095,97.03,1.0,29.75,29.75
1040,825,52,108.73882692307693,100.38,1.0,30.188,30.188
1040,826,53,107.71894339622642,99.133,1.0,29.662,29.662
1040,830,53,106.56779245283019,97.332,1.0,28.748,28.748
1040,839,53,107.70509433962263,99.216,1.0,30.068,30.068
1040,841,52,108.70209615384616,99.766,1.0,29.767,29.767
1040,842,53,108.1156603773585,97.231,2.0,59.179,29.5895
1040,844,53,107.59528301886792,99.053,1.0,30.261,30.261
1040,846,52,108.96492307692307,97.377,2.0,68.476,34.238
1040,847,52,110.04221153846153,97.352,3.0,89.273,29.757666666666665
1040,848,53,108.17403773584905,98.377,2.0,60.322,30.161
1040,849,52,109.49744230769231,101.044,1.0,29.862,29.862
1041,1,60,95.82735000000001,88.145,2.0,47.163,23.5815
1041,8,60,96.51861666666667,90.512,2.0,55.881,27.9405
1041,20,60,96.50751666666666,90.408,2.0,46.982,23.491
1041,154,60,96.4787,91.562,1.0,23.635,23.635
1041,807,60,96.37061666666666,90.733,2.0,45.385999999999996,22.692999999999998
1041,815,60,96.09518333333334,89.7,2.0,45.492,22.746
1041,817,60,96.0709,89.584,2.0,44.689,22.3445
1041,822,18,96.65427777777778,91.884,1.0,22.625,22.625
1041,825,60,96.65376666666667,90.456,2.0,46.129999999999995,23.064999999999998
1041,826,60,96.75381666666667,92.214,2.0,53.353,26.6765
1041,830,60,95.90185000000001,88.139,2.0,44.67400000000001,22.337000000000003
1041,832,60,96.19243333333334,90.129,2.0,45.144,22.572
1041,839,22,95.92459090909091,93.189,,,
1041,841,60,96.4946,90.909,2.0,45.254,22.627
1041,842,60,96.20678333333333,90.11,2.0,45.542,22.771
1041,844,60,96.34091666666667,90.712,2.0,45.671,22.8355
1041,846,42,94.65597619047618,92.328,1.0,21.991,21.991
1041,847,12,98.12108333333333,94.526,1.0,22.496,22.496
1041,848,23,95.93630434782608,92.33,1.0,23.562,23.562
1041,849,60,96.73483333333333,91.377,2.0,48.8,24.4
1042,1,66,81.77012121212121,78.75,1.0,27.162,27.162
1042,8,65,83.48938461538461,81.058,1.0,29.061,29.061
1042,20,65,83.38909230769231,80.731,1.0,26.666,26.666
1042,154,65,84.13033846153846,81.664,1.0,26.985,26.985
1042,815,65,83.3367076923077,80.802,2.0,52.812,26.406
1042,817,65,83.37155384615386,80.906,1.0,26.999,26.999
1042,822,66,82.15787878787879,79.345,1.0,26.512,26.512
1042,825,65,84.16730769230769,81.46,1.0,27.3,27.3
1042,826,64,84.815140625,80.449,2.0,60.153999999999996,30.076999999999998
1042,830,66,82.29296969696969,79.854,1.0,26.394,26.394
1042,832,65,83.312,80.268,1.0,27.299,27.299
1042,839,65,83.36087692307693,80.859,1.0,28.535,28.535
1042,840,51,85.38225490196078,81.694,2.0,73.797,36.8985
1042,841,65,84.11724615384615,81.893,1.0,26.473,26.473
1042,842,65,83.29021538461538,80.551,1.0,27.204,27.204
1042,844,66,82.75969696969698,80.408,1.0,26.94,26.94
1042,846,65,83.80673846153846,79.36,2.0,62.557,31.2785
1042,847,65,83.9237076923077,80.882,1.0,32.991,32.991
1042,848,65,83.58536923076923,79.89,2.0,52.169,26.0845
1042,849,64,84.39184375,81.859,1.0,26.739,26.739
1043,1,63,84.32428571428571,75.484,2.0,61.307,30.6535
1043,8,63,84.67704761904761,78.088,1.0,29.863,29.863
1043,20,63,84.77592063492064,77.767,2.0,70.431,35.2155
1043,154,63,84.76769841269842,78.822,2.0,61.621,30.8105
1043,815,63,84.63622222222222,78.084,2.0,60.54,30.27
1043,817,63,84.5515873015873,77.552,1.0,30.204,30.204
1043,822,63,84.41607936507937,75.902,2.0,59.729,29.8645
1043,825,47,82.02065957446808,79.273,1.0,30.708,30.708
1043,826,63,84.56461904761905,77.666,2.0,60.086,30.043
1043,830,50,79.67296,77.637,1.0,29.427,29.427
1043,832,63,84.64539682539682,78.118,2.0,60.564,30.282
1043,839,27,82.16651851851853,79.606,1.0,30.559,30.559
1043,840,63,84.78719047619047,78.36,3.0,103.385,34.461666666666666
1043,841,63,84.74330158730159,78.794,1.0,29.745,29.745
1043,842,8,82.098375,80.403,,,
1043,844,63,84.62763492063493,78.173,1.0,30.243,30.243
1043,846,63,84.65969841269842,78.069,2.0,59.885999999999996,29.942999999999998
1043,847,51,82.04213725490196,78.811,1.0,29.707,29.707
1043,848,63,85.23355555555557,76.177,2.0,59.322,29.661
1043,849,63,84.755,78.719,1.0,29.892,29.892
1044,1,58,105.85022413793102,99.413,1.0,23.86,23.86
1044,8,57,109.1520701754386,99.743,3.0,85.301,28.433666666666667
1044,20,58,106.40125862068965,99.662,2.0,49.423,24.7115
1044,154,49,111.80373469387754,103.281,2.0,58.108000000000004,29.054000000000002
1044,815,58,106.39562068965517,100.392,1.0,25.163,25.163
1044,817,58,107.49608620689655,100.677,2.0,46.678,23.339
1044,822,57,108.62328070175438,98.193,2.0,46.251000000000005,23.125500000000002
1044,825,55,111.00936363636363,100.948,2.0,178.516,89.258
1044,826,57,107.93336842105262,101.019,1.0,23.417,23.417
1044,830,58,106.62389655172414,98.431,3.0,69.561,23.187
1044,832,58,106.44268965517242,98.754,2.0,47.447,23.7235
1044,839,57,107.77635087719298,101.006,2.0,49.194,24.597
1044,840,58,107.09768965517242,99.921,2.0,47.379999999999995,23.689999999999998
1044,841,11,121.19572727272728,111.122,1.0,25.432,25.432
1044,842,57,107.95812280701755,99.586,2.0,46.957,23.4785
1044,844,58,106.4339827586207,99.961,2.0,47.962,23.981
1044,846,58,106.90641379310345,96.806,2.0,46.370000000000005,23.185000000000002
1044,847,57,109.43236842105263,100.814,2.0,45.58,22.79
1044,848,58,106.65167241379311,99.099,2.0,45.092,22.546
1044,849,39,116.40438461538461,103.495,2.0,61.336999999999996,30.668499999999998
1045,1,57,126.09675438596491,92.864,3.0,1212.385,404.12833333333333
1045,8,56,128.512375,93.573,3.0,1219.087,406.3623333333333
1045,20,56,128.44239285714286,93.861,3.0,1207.26,402.42
1045,815,53,126.54516981132075,93.629,3.0,1212.348,404.116
1045,817,57,126.43654385964913,92.827,3.0,1209.156,403.05199999999996
1045,822,57,126.44201754385965,93.352,4.0,1233.55,308.3875
1045,825,56,128.74592857142858,95.241,4.0,1247.004,311.751
1045,826,56,128.3824107142857,94.141,3.0,1224.466,408.1553333333333
1045,830,57,126.11875438596492,92.014,4.0,1240.007,310.00175
1045,832,57,126.30354385964912,93.411,3.0,1207.3039999999999,402.4346666666666
1045,839,57,126.49680701754386,94.354,3.0,1210.2759999999998,403.4253333333333
1045,840,2,753.493,165.807,1.0,1154.123,1154.123
1045,841,56,128.5301607142857,94.536,3.0,1203.887,401.29566666666665
1045,842,57,126.30626315789473,94.817,2.0,1184.867,592.4335
1045,844,56,128.363125,93.625,3.0,1204.3090000000002,401.4363333333334
1045,846,57,126.29564912280702,93.588,3.0,1203.243,401.08099999999996
1045,847,56,128.3915357142857,95.042,3.0,1214.472,404.824
1045,848,57,126.23719298245614,93.684,3.0,1209.627,403.209
1045,849,56,128.4485,94.591,3.0,1206.2669999999998,402.08899999999994
1046,8,87,63.2329540229885,57.375,3.0,77.605,25.868333333333336
1046,20,87,63.192241379310346,56.905,3.0,79.105,26.368333333333336
1046,815,87,62.93234482758621,56.789,2.0,48.721000000000004,24.360500000000002
1046,817,87,63.0855632183908,56.979,2.0,49.169,24.5845
1046,822,87,63.10922988505747,56.563,2.0,77.426,38.713
1046,825,87,63.30441379310345,57.516,2.0,50.94,25.47
1046,826,87,63.09940229885058,57.001,2.0,48.333,24.1665
1046,832,87,63.076942528735636,57.165,2.0,49.015,24.5075
1046,839,87,63.05324137931035,57.35,1.0,24.414,24.414
1046,840,87,63.068770114942524,57.388,1.0,24.684,24.684
1046,841,87,63.20948275862069,56.887,2.0,49.361,24.6805
1046,842,87,63.16828735632184,57.22,2.0,49.654,24.827
1046,846,87,63.1569540229885,57.27,2.0,49.13,24.565
1046,847,87,63.14563218390805,55.404,4.0,102.432,25.608
1046,848,87,63.09144827586207,57.056,2.0,47.519,23.7595
1046,849,52,63.070115384615384,58.206,1.0,24.297,24.297
1046,850,87,63.356,57.742,3.0,79.854,26.618
1046,851,87,63.31940229885058,57.392,3.0,90.579,30.192999999999998
1047,1,55,105.58290909090908,101.42,1.0,22.406,22.406
1047,8,54,107.29951851851852,102.148,1.0,22.012,22.012
1047,20,54,107.62733333333333,101.475,1.0,22.04,22.04
1047,815,8,106.629375,103.263,,,
1047,817,55,106.58896363636364,100.926,1.0,22.123,22.123
1047,822,55,105.53856363636363,101.131,1.0,21.587,21.587
1047,825,54,108.89605555555556,101.999,2.0,45.812,22.906
1047,826,54,107.24898148148148,102.704,1.0,25.724,25.724
1047,830,55,105.2480909090909,100.958,1.0,21.289,21.289
1047,832,55,106.44194545454545,101.947,1.0,22.14,22.14
1047,839,55,107.08570909090909,102.894,1.0,21.615,21.615
1047,840,55,107.11605454545455,101.866,1.0,22.036,22.036
1047,841,54,107.82187037037036,101.675,1.0,21.48,21.48
1047,842,55,106.87932727272727,102.474,1.0,22.0,22.0
1047,844,54,107.4577962962963,101.908,1.0,22.178,22.178
1047,846,55,106.35225454545454,101.964,1.0,21.84,21.84
1047,847,54,107.79685185185186,103.328,1.0,22.085,22.085
1047,848,55,105.6114909090909,101.227,1.0,21.508,21.508
1047,849,54,107.9918888888889,102.497,2.0,43.741,21.8705
1047,850,53,109.4148679245283,101.707,3.0,78.047,26.015666666666664
1051,1,57,88.92054385964913,85.084,2.0,50.616,25.308
1051,4,57,89.96364912280703,86.682,1.0,25.991,25.991
1051,8,56,91.16439285714286,86.358,2.0,51.807,25.9035
1051,20,56,90.6083392857143,86.434,1.0,25.726,25.726
1051,815,57,90.01363157894737,85.613,2.0,50.839,25.4195
1051,817,56,91.10841071428571,87.198,1.0,25.562,25.562
1051,822,48,90.83829166666668,87.246,1.0,36.341,36.341
1051,830,57,89.37217543859649,83.196,3.0,75.94,25.313333333333333
1051,832,57,90.35757894736842,86.57,1.0,25.639,25.639
1051,839,57,90.33405263157894,87.061,1.0,25.517,25.517
1051,840,57,90.34640350877193,87.356,1.0,26.157,26.157
1051,841,56,91.60025,87.823,2.0,51.334,25.667
1051,842,56,90.70821428571429,87.019,2.0,51.739000000000004,25.869500000000002
1051,844,57,90.37889473684211,86.555,1.0,25.799,25.799
1051,846,56,90.52117857142856,85.746,2.0,51.870999999999995,25.935499999999998
1051,847,55,92.48198181818181,85.768,2.0,61.126999999999995,30.563499999999998
1051,849,50,91.19662,88.732,1.0,25.811,25.811
1051,852,56,91.11423214285715,87.043,2.0,52.333,26.1665
1051,853,55,92.88829090909091,87.34,1.0,26.515,26.515
1051,854,56,91.62842857142857,88.412,1.0,25.881,25.881
1052,1,56,98.64101785714286,94.015,2.0,48.915,24.4575
1052,4,32,103.8010625,96.063,2.0,49.147999999999996,24.573999999999998
1052,8,56,100.227875,95.192,2.0,48.153,24.0765
1052,20,55,100.95343636363637,95.566,1.0,24.626,24.626
1052,815,56,99.57042857142856,93.97,3.0,72.289,24.096333333333334
1052,817,56,99.8196607142857,94.932,2.0,49.343,24.6715
1052,822,56,99.30857142857144,92.09,3.0,81.725,27.241666666666664
1052,830,56,98.65432142857144,93.228,2.0,48.614999999999995,24.307499999999997
1052,832,56,99.83923214285714,94.509,2.0,48.694,24.347
1052,839,55,100.72718181818182,95.25,2.0,49.697,24.8485
1052,840,56,100.1894642857143,94.865,2.0,50.409,25.2045
1052,841,55,100.53263636363637,95.122,2.0,56.221000000000004,28.110500000000002
1052,842,52,101.18973076923076,94.09,3.0,87.638,29.212666666666667
1052,844,56,99.69619642857144,94.988,2.0,49.101,24.5505
1052,846,56,99.47076785714286,94.396,2.0,50.539,25.2695
1052,847,55,100.76098181818182,95.036,2.0,48.869,24.4345
1052,849,51,102.55860784313725,96.602,2.0,50.028999999999996,25.014499999999998
1052,852,56,100.17123214285715,94.761,2.0,49.373999999999995,24.686999999999998
1052,854,55,101.83098181818181,96.134,2.0,51.141,25.5705
1053,1,63,117.08885714285715,76.702,4.0,1630.911,407.72775
1053,4,63,117.7961746031746,79.396,3.0,1576.837,525.6123333333334
1053,8,63,117.76779365079365,79.422,3.0,1585.784,528.5946666666667
1053,20,61,119.32859016393442,79.074,5.0,1607.076,321.4152
1053,815,63,117.80553968253969,78.334,2.0,1625.7659999999998,812.8829999999999
1053,817,63,117.55266666666667,79.341,2.0,1609.167,804.5835
1053,822,30,101.96483333333333,88.485,1.0,30.167,30.167
1053,830,63,116.7396507936508,77.524,2.0,1651.17,825.585
1053,832,63,117.16879365079366,78.49,2.0,1613.067,806.5335
1053,839,63,117.78257142857143,79.417,5.0,1627.926,325.5852
1053,840,63,117.56360317460317,78.994,3.0,1588.618,529.5393333333333
1053,841,62,118.8197258064516,79.47,4.0,1618.754,404.6885
1053,842,63,117.57803174603174,78.782,4.0,1572.967,393.24175
1053,844,63,117.14566666666667,78.379,2.0,1640.4859999999999,820.2429999999999
1053,846,63,117.11587301587302,78.259,2.0,1615.607,807.8035
1053,847,30,101.98156666666667,86.543,1.0,29.983,29.983
1053,852,63,117.82193650793651,78.353,3.0,1585.36,528.4533333333333
1053,853,61,121.71908196721311,80.402,4.0,1598.551,399.63775
1053,854,61,120.60059016393443,79.193,4.0,1656.1699999999998,414.04249999999996
1054,1,66,85.93062121212121,80.933,3.0,71.497,23.832333333333334
1054,4,66,86.91256060606061,81.032,3.0,69.515,23.171666666666667
1054,8,1,93.673,93.673,,,
1054,20,65,87.37890769230769,82.416,3.0,69.768,23.256
1054,815,66,86.53266666666667,80.643,3.0,70.59700000000001,23.532333333333337
1054,817,66,87.07257575757576,81.987,3.0,72.959,24.319666666666667
1054,822,66,86.43865151515152,79.865,4.0,96.96,24.24
1054,830,66,86.37225757575757,79.849,4.0,97.884,24.471
1054,832,66,87.1269090909091,82.325,3.0,70.16499999999999,23.388333333333332
1054,839,66,86.89651515151515,81.886,3.0,70.548,23.516000000000002
1054,840,65,87.38976923076923,81.97,3.0,70.467,23.489
1054,841,65,87.29789230769231,82.167,3.0,71.883,23.961
1054,842,66,87.08915151515151,82.014,3.0,69.844,23.281333333333333
1054,844,66,86.77578787878787,81.496,3.0,70.992,23.664
1054,846,66,86.70893939393939,81.696,3.0,70.91,23.636666666666667
1054,847,65,88.29790769230769,82.654,3.0,73.13,24.376666666666665
1054,849,64,88.78,83.155,3.0,70.295,23.43166666666667
1054,852,65,87.63903076923077,82.058,3.0,71.01,23.67
1054,853,64,89.70865625,83.641,4.0,96.946,24.2365
1054,854,64,88.732046875,82.755,3.0,70.718,23.572666666666667
1055,1,66,84.66181818181818,80.665,2.0,44.298,22.149
1055,4,65,87.04913846153846,81.182,2.0,45.522,22.761
1055,8,65,86.65886153846154,82.868,1.0,21.572,21.572
1055,20,65,86.72378461538462,82.82,2.0,45.06,22.53
1055,815,66,85.62653030303031,79.483,2.0,43.727000000000004,21.863500000000002
1055,817,66,85.77951515151516,81.853,2.0,44.168,22.084
1055,822,66,85.065,79.43,2.0,43.949,21.9745
1055,830,66,84.90183333333333,78.149,2.0,45.157,22.5785
1055,832,66,85.79318181818182,81.568,2.0,43.635000000000005,21.817500000000003
1055,839,65,86.55755384615385,83.311,1.0,22.798,22.798
1055,840,65,86.64103076923077,82.607,2.0,43.188,21.594
1055,841,65,86.89486153846154,82.802,2.0,77.544,38.772
1055,842,65,86.56047692307692,81.375,2.0,54.107,27.0535
1055,844,66,85.48933333333333,80.459,2.0,43.905,21.9525
1055,846,65,86.34253846153847,81.279,2.0,44.331,22.1655
1055,847,65,86.8684923076923,83.208,2.0,45.733000000000004,22.866500000000002
1055,849,65,87.04418461538461,82.905,3.0,70.501,23.500333333333334
1055,852,6,88.1965,84.825,,,
1055,853,64,88.14459375,84.04,2.0,45.599999999999994,22.799999999999997
1055,854,64,87.3655,82.637,2.0,46.316,23.158
1056,1,78,76.98783333333333,72.909,2.0,48.027,24.0135
1056,4,77,77.70535064935065,75.026,1.0,23.803,23.803
1056,8,77,77.6710909090909,74.971,1.0,24.077,24.077
1056,20,78,76.78732051282051,75.316,1.0,24.369,24.369
1056,815,78,76.37576923076924,74.552,1.0,24.548,24.548
1056,817,77,77.69901298701299,74.578,1.0,24.715,24.715
1056,822,29,76.793,75.706,,,
1056,830,78,76.11307692307692,74.649,1.0,23.746,23.746
1056,832,78,76.22805128205128,74.621,1.0,24.15,24.15
1056,839,77,77.64812987012986,75.316,1.0,23.935,23.935
1056,840,77,77.16879220779221,74.674,1.0,23.474,23.474
1056,841,77,77.65353246753247,75.331,1.0,24.521,24.521
1056,842,78,76.80405128205128,75.412,1.0,24.428,24.428
1056,846,78,76.36214102564104,74.67,1.0,23.874,23.874
1056,847,77,78.03403896103896,75.539,1.0,23.928,23.928
1056,849,77,78.04811688311688,75.573,1.0,23.703,23.703
1056,852,77,78.05797402597402,74.037,1.0,24.43,24.43
1056,853,75,79.66484,76.866,1.0,25.202,25.202
1056,854,75,79.68425333333333,76.425,1.0,24.797,24.797
1057,1,51,157.5309411764706,104.769,3.0,2038.825,679.6083333333333
1057,4,51,157.30964705882351,105.624,4.0,2070.109,517.52725
1057,8,51,157.37227450980393,105.601,3.0,2051.549,683.8496666666666
1057,20,51,157.21166666666664,104.89,3.0,2035.202,678.4006666666667
1057,815,51,157.18450980392157,104.687,3.0,2035.617,678.539
1057,817,51,157.35850980392158,105.713,3.0,2050.239,683.413
1057,822,51,157.4053725490196,105.665,3.0,2076.931,692.3103333333333
1057,830,45,114.12364444444445,104.481,1.0,19.769,19.769
1057,832,51,157.33566666666667,105.7,3.0,2047.907,682.6356666666667
1057,839,3,120.56833333333333,110.85,,,
1057,840,29,108.1124827586207,106.207,,,
1057,841,51,157.385568627451,105.575,4.0,2072.8,518.2
1057,842,51,157.23866666666666,105.22,3.0,2037.071,679.0236666666666
1057,844,51,157.259568627451,105.382,3.0,2037.4720000000002,679.1573333333334
1057,846,51,157.27772549019608,105.326,3.0,2046.808,682.2693333333333
1057,847,48,116.712625,105.959,4.0,2097.609,524.40225
1057,849,51,157.42723529411765,106.608,2.0,2070.324,1035.162
1057,852,51,157.31439215686274,104.939,3.0,2038.722,679.574
1057,853,51,157.46519607843138,107.747,6.0,1998.956,333.15933333333334
1057,854,51,157.46374509803923,107.624,5.0,2143.022,428.6044
1058,1,71,70.06574647887324,67.058,2.0,42.859,21.4295
1058,4,70,71.14427142857143,69.749,1.0,21.131,21.131
1058,8,70,71.18868571428573,69.128,1.0,21.227,21.227
1058,20,70,71.26014285714285,69.821,1.0,21.546,21.546
1058,815,71,70.23040845070423,67.894,2.0,44.438,22.219
1058,817,70,71.27865714285714,69.305,1.0,21.41,21.41
1058,822,71,70.22298591549296,68.619,1.0,21.752,21.752
1058,830,71,69.56232394366198,68.017,1.0,20.936,20.936
1058,832,70,70.73204285714286,68.609,1.0,21.226,21.226
1058,839,70,71.29941428571429,69.576,1.0,21.238,21.238
1058,840,70,71.1303,69.787,1.0,20.936,20.936
1058,841,70,71.39924285714287,69.723,1.0,21.21,21.21
1058,842,1,123.661,123.661,,,
1058,844,70,70.91081428571428,68.738,2.0,50.31,25.155
1058,846,70,70.63258571428571,68.903,1.0,21.692,21.692
1058,847,36,74.04038888888888,70.499,2.0,83.624,41.812
1058,849,68,72.68279411764706,70.104,2.0,48.372,24.186
1058,852,70,71.1539142857143,69.65,1.0,21.234,21.234
1058,853,68,72.80616176470589,70.951,1.0,22.759,22.759
1058,854,69,72.20088405797101,70.005,1.0,22.4,22.4
1059,1,53,99.03158490566038,97.41,1.0,30.263,30.263
1059,4,53,100.4427358490566,97.646,1.0,31.288,31.288
1059,8,52,101.31642307692307,97.992,1.0,31.327,31.327
1059,20,53,100.47992452830188,97.138,1.0,31.069,31.069
1059,815,53,99.14303773584905,96.693,1.0,29.682,29.682
1059,817,53,100.40805660377359,98.324,1.0,29.951,29.951
1059,822,53,99.25260377358491,96.96,1.0,30.572,30.572
1059,830,53,98.9767924528302,96.404,2.0,59.926,29.963
1059,832,53,100.85107547169812,98.931,1.0,30.534,30.534
1059,839,52,101.13244230769232,98.645,1.0,30.207,30.207
1059,840,53,100.71162264150942,97.828,1.0,30.996,30.996
1059,841,52,101.21857692307692,98.702,1.0,30.586,30.586
1059,842,53,100.422,98.103,1.0,30.781,30.781
1059,844,52,101.28161538461539,97.681,2.0,62.166,31.083
1059,846,53,100.18494339622642,97.425,1.0,30.531,30.531
1059,847,52,101.03498076923077,98.314,1.0,30.092,30.092
1059,849,52,101.33117307692308,98.313,1.0,29.775,29.775
1059,852,52,101.11809615384615,98.98,1.0,30.226,30.226
1059,853,52,102.19234615384616,99.317,1.0,30.983,30.983
1059,854,52,101.92128846153847,98.847,1.0,31.457,31.457
1060,1,71,71.56330985915494,68.126,2.0,42.426,21.213
1060,4,70,72.07981428571428,68.405,1.0,22.663,22.663
1060,8,70,72.56339999999999,68.52,1.0,21.896,21.896
1060,20,69,72.20415942028986,68.42,2.0,41.927,20.9635
1060,815,71,71.58391549295774,68.192,1.0,21.735,21.735
1060,817,71,71.75969014084507,68.82,1.0,21.151,21.151
1060,822,71,71.16219718309858,68.374,1.0,21.071,21.071
1060,830,71,70.90905633802817,66.2,2.0,42.326,21.163
1060,832,71,71.71390140845071,67.762,1.0,21.431,21.431
1060,840,70,72.33742857142856,68.659,2.0,42.863,21.4315
1060,841,70,72.45087142857142,69.042,2.0,48.251000000000005,24.125500000000002
1060,842,71,71.78009859154929,68.146,2.0,43.414,21.707
1060,844,71,71.77095774647887,68.698,1.0,21.143,21.143
1060,846,71,71.19101408450705,68.471,1.0,26.474,26.474
1060,847,70,72.16027142857143,68.9,1.0,21.606,21.606
1060,849,70,72.54062857142857,68.874,1.0,21.152,21.152
1060,852,70,72.24231428571429,68.455,2.0,47.748999999999995,23.874499999999998
1060,853,69,73.79097101449275,69.757,2.0,45.182,22.591
1060,854,69,73.05082608695653,69.394,1.0,21.798,21.798
1061,1,52,136.60161538461537,89.699,2.0,2088.6420000000003,1044.3210000000001
1061,4,52,137.98801923076923,91.698,2.0,2088.323,1044.1615
1061,8,51,139.4261960784314,91.895,2.0,2091.094,1045.547
1061,20,40,152.3796,93.059,2.0,2083.367,1041.6835
1061,815,51,139.5230588235294,88.617,4.0,2161.2270000000003,540.3067500000001
1061,817,52,137.4213076923077,91.284,2.0,2080.098,1040.049
1061,822,52,136.8155576923077,90.524,2.0,2077.3579999999997,1038.6789999999999
1061,832,52,137.43726923076923,91.223,2.0,2096.631,1048.3155
1061,839,52,138.06626923076922,92.21,2.0,2095.766,1047.883
1061,840,52,138.03025,91.992,2.0,2096.074,1048.037
1061,841,51,139.37323529411765,92.346,2.0,2098.387,1049.1935
1061,842,52,138.24251923076923,90.266,3.0,2124.109,708.0363333333333
1061,844,52,136.6760576923077,90.569,2.0,2076.164,1038.082
1061,846,52,137.15109615384617,91.418,2.0,2083.924,1041.962
1061,847,51,139.28711764705884,92.049,2.0,2100.355,1050.1775
1061,849,51,139.4042745098039,92.477,2.0,2104.7070000000003,1052.3535000000002
1061,852,52,138.17978846153846,90.826,2.0,2104.829,1052.4145
1061,853,51,140.58476470588235,92.909,2.0,2106.23,1053.115
1061,854,51,140.61554901960784,92.862,2.0,2105.047,1052.5235
1062,1,70,106.94192857142856,78.715,4.0,1513.714,378.4285
1062,4,70,107.12642857142856,80.359,3.0,1513.624,504.54133333333334
1062,8,69,108.69943478260869,81.518,4.0,1550.924,387.731
1062,20,70,106.9294,81.459,3.0,1515.4750000000001,505.15833333333336
1062,817,69,108.87002898550725,82.802,3.0,1513.242,504.414
1062,830,70,108.04918571428571,80.945,5.0,1556.058,311.2116
1062,832,70,107.11738571428572,81.423,3.0,1517.2640000000001,505.7546666666667
1062,839,70,106.90284285714286,81.421,3.0,1511.354,503.7846666666667
1062,841,69,109.02649275362319,82.736,5.0,1570.886,314.17719999999997
1062,842,70,107.81161428571428,78.394,4.0,1540.292,385.073
1062,846,2,164.579,142.425,1.0,38.267,38.267
1062,847,70,108.03275714285714,82.112,3.0,1509.047,503.0156666666667
1062,849,70,108.01584285714286,82.831,3.0,1516.22,505.4066666666667
1062,852,70,107.98574285714287,82.45,3.0,1516.189,505.39633333333336
1062,853,3,631.9576666666667,137.794,2.0,1481.135,740.5675
1062,854,69,109.01149275362319,82.711,3.0,1515.9679999999998,505.32266666666663
1063,1,1,209.672,209.672,,,
1063,4,1,227.661,227.661,,,
1063,8,1,243.125,243.125,,,
1063,20,1,214.55,214.55,,,
1063,815,1,245.276,245.276,,,
1063,817,1,211.567,211.567,,,
1063,822,1,229.485,229.485,,,
1063,830,1,207.071,207.071,,,
1063,832,1,223.237,223.237,,,
1063,839,1,218.65,218.65,,,
1063,840,1,241.179,241.179,,,
1063,841,1,231.234,231.234,,,
1063,842,1,217.248,217.248,,,
1063,844,1,219.679,219.679,,,
1063,846,1,234.181,234.181,,,
1063,847,1,209.066,209.066,,,
1063,849,1,222.556,222.556,,,
1063,852,1,235.4,235.4,,,
1063,853,1,239.064,239.064,,,
1063,854,1,236.578,236.578,,,
1064,1,72,75.36565277777778,71.097,3.0,57.84,19.28
1064,4,71,76.77273239436619,74.323,1.0,19.018,19.018
1064,9,70,78.08361428571429,75.442,1.0,19.708,19.708
1064,20,70,77.49915714285714,73.958,2.0,37.345,18.6725
1064,815,71,76.80956338028169,73.461,2.0,37.842,18.921
1064,817,71,77.04678873239438,74.92,1.0,19.449,19.449
1064,822,72,75.85909722222222,72.549,2.0,40.603,20.3015
1064,830,72,75.07493055555557,73.275,2.0,37.72,18.86
1064,832,71,76.80135211267606,75.26,1.0,20.327,20.327
1064,839,71,76.82345070422535,74.675,1.0,19.24,19.24
1064,840,70,77.46738571428571,75.611,1.0,19.389,19.389
1064,841,70,77.61674285714287,75.125,2.0,39.092,19.546
1064,842,71,76.29835211267606,74.818,1.0,19.163,19.163
1064,844,71,76.36866197183097,74.78,1.0,19.49,19.49
1064,846,71,76.8693661971831,74.236,1.0,20.443,20.443
1064,847,69,78.19201449275361,75.628,2.0,44.167,22.0835
1064,849,70,78.11064285714285,75.79,1.0,20.646,20.646
1064,852,48,78.264125,75.783,1.0,19.85,19.85
1064,853,41,79.20370731707318,76.066,1.0,19.999,19.999
1064,854,69,79.24921739130436,75.927,2.0,60.150999999999996,30.075499999999998
1065,1,25,87.68939999999999,85.87,1.0,25.619,25.619
1065,4,53,93.04841509433962,85.472,1.0,24.797,24.797
1065,9,53,93.28554716981132,85.849,1.0,24.501,24.501
1065,20,53,93.18841509433962,85.938,2.0,51.084,25.542
1065,815,53,92.79411320754717,85.156,1.0,23.906,23.906
1065,817,53,92.72386792452829,84.812,1.0,23.812,23.812
1065,822,53,92.81671698113207,84.827,1.0,24.308,24.308
1065,830,25,88.54992,85.173,1.0,32.456,32.456
1065,832,53,92.92264150943396,85.559,1.0,24.283,24.283
1065,839,53,93.1176037735849,85.566,1.0,30.333,30.333
1065,840,53,93.02205660377358,85.853,1.0,24.846,24.846
1065,841,53,93.23737735849058,85.718,2.0,67.741,33.8705
1065,842,3,106.783,89.005,,,
1065,844,53,92.86177358490566,85.319,1.0,24.557,24.557
1065,846,53,92.75683018867925,84.971,1.0,24.168,24.168
1065,847,53,93.09635849056603,85.835,1.0,24.156,24.156
1065,849,53,93.17184905660378,85.953,1.0,24.168,24.168
1065,853,41,95.95409756097561,87.202,3.0,80.65100000000001,26.88366666666667
1065,854,53,93.6877924528302,86.707,1.0,24.714,24.714
1066,1,53,102.66039622641509,97.575,2.0,59.923,29.9615
1066,4,53,104.19475471698112,98.686,2.0,60.859,30.4295
1066,8,53,104.33879245283019,100.289,2.0,60.233000000000004,30.116500000000002
1066,20,52,104.65876923076924,99.251,2.0,61.370000000000005,30.685000000000002
1066,815,53,104.35994339622641,99.215,2.0,68.339,34.1695
1066,817,53,103.8982641509434,99.124,2.0,64.633,32.3165
1066,822,53,103.93460377358491,98.216,2.0,59.504999999999995,29.752499999999998
1066,830,53,103.66550943396226,98.396,2.0,60.595,30.2975
1066,832,53,103.83916981132076,99.294,2.0,61.391999999999996,30.695999999999998
1066,839,52,105.59123076923076,100.598,2.0,63.165000000000006,31.582500000000003
1066,840,53,104.6641320754717,100.464,2.0,73.36500000000001,36.682500000000005
1066,841,52,106.22140384615385,99.058,2.0,64.042,32.021
1066,842,52,105.34267307692308,98.279,2.0,61.269,30.6345
1066,844,52,105.74346153846153,98.994,2.0,64.497,32.2485
1066,846,53,104.30613207547171,97.423,2.0,62.494,31.247
1066,847,53,104.55758490566038,100.596,2.0,62.746,31.373
1066,849,47,103.43434042553191,100.0,1.0,30.056,30.056
1066,852,52,106.58630769230768,99.96,3.0,92.064,30.688
1066,853,51,107.0004705882353,101.713,2.0,64.05799999999999,32.028999999999996
1066,854,32,104.44296875,100.276,1.0,29.996,29.996
1067,1,58,94.92956896551725,92.763,1.0,22.684,22.684
1067,4,57,96.39663157894738,93.252,1.0,29.116,29.116
1067,8,57,96.15131578947368,92.586,1.0,23.164,23.164
1067,20,57,96.84185964912281,92.73,2.0,47.013999999999996,23.506999999999998
1067,815,58,94.78575862068965,92.459,1.0,22.463,22.463
1067,817,57,96.1960350877193,93.255,1.0,23.028,23.028
1067,822,58,94.2086724137931,90.432,1.0,22.962,22.962
1067,830,58,94.46012068965517,92.759,1.0,22.442,22.442
1067,832,58,95.09705172413793,91.921,1.0,28.353,28.353
1067,839,57,96.04977192982456,94.584,,,
1067,840,58,95.62277586206898,92.608,1.0,35.509,35.509
1067,841,57,96.06301754385964,92.904,1.0,23.15,23.15
1067,842,58,94.9723275862069,92.814,1.0,29.31,29.31
1067,844,58,94.86063793103447,92.737,1.0,23.646,23.646
1067,846,58,95.02268965517241,92.446,1.0,23.239,23.239
1067,847,57,96.35471929824561,93.399,1.0,23.551,23.551
1067,849,57,96.49331578947368,93.672,1.0,24.104,24.104
1067,852,57,96.28998245614035,92.844,1.0,23.329,23.329
1067,853,56,98.34876785714286,95.438,1.0,23.829,23.829
1067,854,56,97.91766071428572,94.209,1.0,23.892,23.892
1069,1,56,101.39080357142856,98.485,2.0,48.157,24.0785
1069,4,49,104.27089795918367,100.067,3.0,70.73400000000001,23.578000000000003
1069,8,55,104.34898181818181,101.34,2.0,48.281,24.1405
1069,20,55,103.85670909090909,100.481,2.0,48.826,24.413
1069,815,56,102.12098214285714,99.566,2.0,48.622,24.311
1069,817,56,102.73939285714286,100.345,2.0,48.212,24.106
1069,822,56,102.79785714285714,100.147,2.0,48.063,24.0315
1069,830,56,101.367,99.096,2.0,47.778999999999996,23.889499999999998
1069,832,56,102.858875,100.377,2.0,50.28,25.14
1069,839,40,106.166775,102.194,2.0,64.719,32.3595
1069,840,55,104.28714545454547,101.189,2.0,47.282,23.641
1069,841,55,104.02932727272727,100.792,2.0,47.495,23.7475
1069,842,14,109.07442857142857,102.015,1.0,23.745,23.745
1069,844,56,102.2999642857143,99.303,2.0,47.816,23.908
1069,846,56,102.87405357142856,100.228,2.0,49.933,24.9665
1069,847,55,104.39547272727273,101.12,2.0,48.552,24.276
1069,849,55,104.97290909090908,101.818,2.0,56.263,28.1315
1069,852,55,103.81965454545454,101.151,2.0,47.331,23.6655
1069,853,54,106.84564814814814,102.886,3.0,79.453,26.484333333333336
1069,854,54,105.22525925925926,101.395,2.0,48.54,24.27
1070,1,71,83.60057746478873,79.82,1.0,22.373,22.373
1070,4,70,84.89678571428571,80.711,1.0,23.985,23.985
1070,8,70,84.77492857142856,80.713,1.0,22.424,22.424
1070,20,70,84.70205714285714,80.46,1.0,22.277,22.277
1070,815,71,83.6174366197183,79.468,1.0,22.114,22.114
1070,817,70,85.4425,81.069,2.0,60.941,30.4705
1070,822,69,86.26114492753622,77.774,4.0,103.25,25.8125
1070,830,71,83.36740845070423,78.999,1.0,21.908,21.908
1070,832,70,84.5930857142857,80.081,1.0,22.031,22.031
1070,839,70,85.60655714285714,81.348,1.0,23.1,23.1
1070,840,69,85.89908695652174,80.93,2.0,49.641999999999996,24.820999999999998
1070,841,70,85.42978571428571,81.523,1.0,22.205,22.205
1070,842,71,84.2666338028169,80.51,1.0,22.549,22.549
1070,844,71,84.50877464788734,80.665,1.0,22.085,22.085
1070,846,70,84.93302857142857,80.617,1.0,22.534,22.534
1070,847,69,86.34620289855071,82.016,1.0,21.984,21.984
1070,849,69,86.55617391304347,81.546,2.0,46.42,23.21
1070,853,68,87.74122058823531,81.402,2.0,48.731,24.3655
1071,1,71,78.06832394366198,71.982,4.0,81.924,20.481
1071,4,70,79.48371428571429,73.922,3.0,59.831,19.94366666666667
1071,8,70,79.62769999999999,72.621,4.0,83.297,20.82425
1071,20,70,79.54492857142857,73.634,4.0,83.445,20.86125
1071,815,71,78.63085915492958,71.01,5.0,105.181,21.0362
1071,817,49,81.37783673469387,74.443,3.0,60.918,20.306
1071,822,71,78.2595352112676,72.526,4.0,81.855,20.46375
1071,830,71,78.21615492957746,72.486,4.0,81.211,20.30275
1071,832,71,78.79818309859155,72.71,4.0,82.899,20.72475
1071,839,70,79.4767,74.43,3.0,60.607,20.202333333333332
1071,840,47,82.16448936170212,75.344,3.0,60.879999999999995,20.293333333333333
1071,841,70,80.04875714285714,74.227,4.0,82.09,20.5225
1071,842,70,79.24347142857143,73.227,4.0,84.202,21.0505
1071,844,71,78.76574647887323,72.822,4.0,81.44500000000001,20.361250000000002
1071,846,70,79.52652857142857,73.761,5.0,106.092,21.2184
1071,847,70,80.01341428571429,74.355,4.0,85.13300000000001,21.283250000000002
1071,849,70,80.16661428571429,74.616,4.0,82.83099999999999,20.707749999999997
1071,852,70,80.10931428571428,74.204,5.0,121.323,24.264599999999998
1071,853,69,80.84157971014493,74.954,3.0,60.007999999999996,20.002666666666666
1071,854,69,81.38297101449275,73.793,5.0,127.846,25.569200000000002
1072,1,50,151.50235999999998,90.734,3.0,2103.11,701.0366666666667
1072,4,49,155.07548979591837,91.633,4.0,2163.1780000000003,540.7945000000001
1072,8,49,155.37710204081634,92.778,3.0,2142.3399999999997,714.1133333333332
1072,20,44,161.81336363636365,94.03,2.0,2111.053,1055.5265
1072,815,14,193.0292142857143,94.138,2.0,1023.3290000000001,511.66450000000003
1072,817,50,152.30478,92.716,2.0,2084.325,1042.1625
1072,822,50,152.05298000000002,91.408,3.0,2107.083,702.361
1072,830,50,151.63886,91.488,2.0,2083.966,1041.983
1072,832,50,152.43448,91.851,2.0,2101.812,1050.906
1072,839,50,152.05501999999998,91.797,2.0,2085.416,1042.708
1072,840,50,153.0466,92.804,3.0,2151.0829999999996,717.0276666666665
1072,841,50,152.67246,92.865,2.0,2099.666,1049.833
1072,842,50,152.33462,92.297,2.0,2094.062,1047.031
1072,844,50,152.39185999999998,91.601,3.0,2115.208,705.0693333333334
1072,846,50,152.72951999999998,91.914,3.0,2154.852,718.284
1072,847,14,194.90285714285713,96.13,2.0,1042.134,521.067
1072,849,50,153.16734,92.751,3.0,2148.529,716.1763333333333
1072,852,49,155.06936734693878,92.506,3.0,2134.925,711.6416666666668
1072,853,14,194.6477142857143,97.043,1.0,1019.226,1019.226
1072,854,8,98.543,96.043,,,
1073,1,58,93.44139655172414,86.615,1.0,21.595,21.595
1073,4,58,94.46643103448275,87.607,1.0,21.304,21.304
1073,8,25,94.54444000000001,89.698,1.0,22.338,22.338
1073,20,58,94.56675862068965,88.303,1.0,21.221,21.221
1073,815,55,91.86492727272727,86.419,3.0,64.269,21.423000000000002
1073,817,57,95.1039649122807,88.723,2.0,43.505,21.7525
1073,822,58,93.5311724137931,86.862,1.0,21.669,21.669
1073,830,58,93.4025,86.103,3.0,64.476,21.492
1073,832,58,93.49168965517242,87.618,1.0,22.213,22.213
1073,839,58,94.50639655172415,88.249,1.0,21.677,21.677
1073,840,57,95.18117543859648,88.567,2.0,44.949,22.4745
1073,841,33,91.52418181818183,89.442,1.0,22.283,22.283
1073,842,58,93.51510344827585,87.342,2.0,44.053,22.0265
1073,844,58,94.54141379310344,88.338,2.0,43.634,21.817
1073,846,58,94.42318965517242,86.762,2.0,43.553,21.7765
1073,847,26,95.0328846153846,90.647,,,
1073,849,50,92.30982,89.293,1.0,21.241,21.241
1073,852,58,93.50063793103448,87.496,2.0,44.364,22.182
1073,854,57,95.19205263157895,89.457,2.0,44.194,22.097
1074,1,57,102.86419298245613,96.228,3.0,76.576,25.525333333333332
1074,4,57,103.08726315789474,96.733,3.0,74.782,24.927333333333333
1074,807,57,103.81426315789473,98.201,3.0,79.825,26.608333333333334
1074,815,56,102.95580357142856,96.089,3.0,74.166,24.721999999999998
1074,817,57,103.6589298245614,97.261,3.0,74.939,24.979666666666663
1074,822,57,102.97724561403508,96.599,3.0,76.237,25.412333333333333
1074,825,57,102.95329824561404,96.623,3.0,77.405,25.801666666666666
1074,830,54,103.66103703703703,95.44,3.0,74.236,24.745333333333335
1074,832,57,102.79266666666668,95.74,3.0,73.39099999999999,24.463666666666665
1074,839,57,103.03521052631578,97.11,3.0,80.11,26.703333333333333
1074,840,57,103.49924561403509,97.146,3.0,77.735,25.911666666666665
1074,842,44,100.78102272727273,97.324,2.0,50.45,25.225
1074,844,57,102.69445614035087,94.57,3.0,74.152,24.717333333333332
1074,846,57,103.68278947368421,96.988,3.0,76.91,25.636666666666667
1074,847,57,102.8911403508772,96.302,3.0,76.796,25.59866666666667
1074,848,57,103.64063157894738,97.355,3.0,75.499,25.16633333333333
1074,849,57,103.77857894736843,98.251,3.0,73.893,24.631
1074,852,57,103.0521052631579,97.104,3.0,74.633,24.877666666666666
1074,854,57,103.26592982456141,96.956,2.0,50.8,25.4
1074,855,57,103.09908771929824,96.685,3.0,79.366,26.455333333333332
1075,1,50,102.66482,92.997,1.0,21.788,21.788
1075,4,35,103.32997142857143,93.831,1.0,21.543,21.543
1075,807,50,103.02069999999999,93.651,1.0,21.425,21.425
1075,815,50,101.40186,92.042,1.0,20.481,20.481
1075,817,35,103.5837142857143,94.487,1.0,20.65,20.65
1075,822,36,104.39094444444444,93.979,2.0,45.271,22.6355
1075,825,50,102.47202,92.779,1.0,22.374,22.374
1075,830,50,101.18586,91.772,1.0,20.731,20.731
1075,832,50,101.3478,91.905,1.0,21.521,21.521
1075,839,50,102.3062,93.103,1.0,21.141,21.141
1075,840,49,103.5481836734694,94.446,1.0,22.339,22.339
1075,842,50,102.44478,93.468,1.0,22.82,22.82
1075,844,50,101.19684,91.634,1.0,21.038,21.038
1075,846,50,102.30834,92.753,1.0,20.383,20.383
1075,847,50,101.8405,92.821,1.0,21.415,21.415
1075,848,47,103.26176595744681,94.368,1.0,20.683,20.683
1075,849,14,98.87614285714285,97.53,,,
1075,855,50,102.83016,93.924,2.0,48.837,24.4185
1076,1,58,91.29467241379311,81.886,1.0,17.877,17.877
1076,4,57,92.9310350877193,80.846,2.0,37.19,18.595
1076,20,22,94.69745454545455,85.189,,,
1076,815,58,91.15641379310345,81.094,1.0,17.434,17.434
1076,817,58,91.72905172413793,82.451,1.0,18.15,18.15
1076,822,58,91.98253448275862,81.651,1.0,18.413,18.413
1076,825,57,92.46449122807017,83.071,1.0,19.111,19.111
1076,830,38,94.88784210526316,81.677,1.0,18.281,18.281
1076,832,1,99.028,99.028,,,
1076,839,58,91.86605172413793,82.469,1.0,19.128,19.128
1076,840,58,92.24389655172415,83.592,3.0,57.204,19.068
1076,842,58,92.11670689655172,82.731,1.0,18.926,18.926
1076,844,58,90.80255172413793,80.26,1.0,17.973,17.973
1076,846,58,91.72156896551725,82.248,1.0,17.556,17.556
1076,847,58,91.24381034482758,81.495,1.0,18.479,18.479
1076,848,58,92.17120689655172,82.589,1.0,19.845,19.845
1076,849,57,92.57949122807017,83.882,2.0,36.488,18.244
1076,852,57,92.50629824561403,83.342,1.0,18.443,18.443
1076,854,57,92.43528070175438,83.006,1.0,19.039,19.039
1076,855,58,92.21108620689655,82.541,1.0,18.38,18.38
1077,1,62,89.4075,81.419,1.0,32.74,32.74
1077,4,6,124.15316666666668,99.685,,,
1077,20,63,88.87107936507937,81.211,1.0,30.484,30.484
1077,815,63,88.00814285714286,78.949,2.0,59.992999999999995,29.996499999999997
1077,817,62,90.17166129032258,81.577,3.0,92.93900000000001,30.97966666666667
1077,822,63,88.43122222222222,80.758,1.0,40.957,40.957
1077,825,63,88.94041269841269,81.238,1.0,33.765,33.765
1077,830,63,87.74580952380953,78.446,2.0,59.943,29.9715
1077,839,62,89.36033870967742,81.887,1.0,31.409,31.409
1077,840,62,89.31093548387096,81.75,1.0,32.667,32.667
1077,842,62,89.39619354838709,81.713,1.0,30.405,30.405
1077,844,63,88.63584126984128,78.574,3.0,98.396,32.79866666666667
1077,846,63,88.29873015873017,80.903,1.0,30.07,30.07
1077,847,63,88.42050793650795,80.962,1.0,31.079,31.079
1077,848,62,89.3865,81.757,1.0,30.793,30.793
1077,849,62,89.58096774193548,81.338,1.0,31.125,31.125
1077,852,63,88.71580952380953,80.544,1.0,30.372,30.372
1077,854,62,89.86946774193548,78.999,2.0,62.304,31.152
1077,855,62,89.53812903225806,81.286,1.0,32.203,32.203
1078,1,57,99.7478245614035,92.941,1.0,18.82,18.82
1078,4,57,99.84887719298246,93.331,1.0,21.638,21.638
1078,20,54,100.7207037037037,93.479,1.0,19.861,19.861
1078,815,57,99.55957894736842,91.819,2.0,36.952,18.476
1078,817,57,100.00280701754386,93.265,2.0,38.764,19.382
1078,822,57,99.81282456140352,93.184,1.0,19.614,19.614
1078,825,56,100.15826785714286,93.511,2.0,40.433,20.2165
1078,830,57,99.37294736842105,91.361,1.0,18.798,18.798
1078,832,57,99.51731578947368,91.79,1.0,22.063,22.063
1078,839,57,99.87094736842106,93.163,1.0,19.019,19.019
1078,840,57,100.02252631578948,93.312,1.0,19.074,19.074
1078,842,45,101.92755555555556,94.487,2.0,38.55,19.275
1078,844,57,99.43936842105262,91.488,1.0,19.697,19.697
1078,846,39,96.13953846153846,93.411,1.0,19.986,19.986
1078,847,57,99.69894736842106,92.195,1.0,19.035,19.035
1078,848,57,99.94075438596492,93.447,1.0,20.059,20.059
1078,849,57,100.24901754385965,94.169,1.0,19.185,19.185
1078,852,57,100.07726315789473,93.035,2.0,38.488,19.244
1078,854,57,100.659,92.528,2.0,52.794,26.397
1078,855,6,102.17216666666667,95.731,,,
1079,1,66,89.31831818181817,84.253,3.0,75.4,25.133333333333336
1079,4,65,89.9588,86.599,3.0,69.696,23.232
1079,20,65,90.26304615384615,87.629,2.0,44.992000000000004,22.496000000000002
1079,815,66,88.69010606060607,84.108,3.0,65.345,21.781666666666666
1079,817,65,90.46387692307692,87.285,3.0,66.67699999999999,22.225666666666665
1079,822,66,89.40077272727272,86.395,2.0,45.528,22.764
1079,825,64,91.455171875,87.537,2.0,53.510000000000005,26.755000000000003
1079,830,66,88.49204545454546,85.456,3.0,66.08,22.026666666666667
1079,832,66,89.17701515151515,85.985,3.0,66.51,22.17
1079,839,66,89.63442424242425,85.935,3.0,67.123,22.374333333333336
1079,840,65,90.8124,86.876,3.0,70.039,23.346333333333334
1079,842,65,90.48341538461538,86.987,3.0,71.793,23.931
1079,844,27,89.69103703703703,87.03,1.0,21.794,21.794
1079,846,66,89.75318181818183,85.619,3.0,67.422,22.474
1079,847,66,88.99093939393939,84.636,3.0,67.00800000000001,22.336000000000002
1079,848,64,92.043796875,88.281,4.0,92.80799999999999,23.201999999999998
1079,849,64,91.327046875,87.246,3.0,68.261,22.753666666666664
1079,852,65,90.01723076923076,86.828,3.0,68.201,22.733666666666664
1079,854,65,90.5218153846154,87.447,2.0,46.709,23.3545
1079,855,28,91.98467857142856,88.415,1.0,23.109,23.109
1080,1,64,110.010203125,77.203,3.0,1235.5839999999998,411.8613333333333
1080,4,64,109.947234375,75.882,2.0,1206.584,603.292
1080,20,64,110.059390625,77.558,3.0,1219.5929999999998,406.53099999999995
1080,815,64,109.222890625,76.028,3.0,1221.0069999999998,407.0023333333333
1080,817,64,110.1234375,77.532,2.0,1194.729,597.3645
1080,822,64,110.04359375,77.6,2.0,1212.564,606.282
1080,825,19,105.01852631578949,93.754,,,
1080,830,64,109.2461875,76.052,3.0,1229.5140000000001,409.838
1080,832,64,109.240921875,76.421,2.0,1199.4589999999998,599.7294999999999
1080,839,64,110.014203125,77.571,2.0,1211.36,605.68
1080,840,64,110.172921875,77.672,4.0,1260.096,315.024
1080,842,64,110.07115625,77.344,3.0,1233.7160000000001,411.2386666666667
1080,844,64,109.268546875,76.249,3.0,1230.566,410.1886666666667
1080,846,64,109.414,74.693,4.0,1257.268,314.317
1080,847,64,109.409890625,76.83,2.0,1202.8970000000002,601.4485000000001
1080,848,48,120.91066666666667,78.023,3.0,1244.425,414.80833333333334
1080,849,63,111.11563492063493,78.579,4.0,1281.873,320.46825
1080,852,63,111.47655555555556,75.334,4.0,1250.799,312.69975
1080,854,24,103.64608333333332,84.778,2.0,64.491,32.2455
1080,855,63,111.12325396825396,78.2,2.0,1199.829,599.9145
1081,1,51,112.11019607843137,107.044,2.0,42.301,21.1505
1081,4,51,112.4419019607843,107.989,1.0,20.571,20.571
1081,20,51,112.35372549019608,108.206,1.0,20.249,20.249
1081,815,51,111.11301960784313,106.046,2.0,45.728,22.864
1081,817,51,112.51270588235293,108.276,1.0,21.794,21.794
1081,822,50,113.0307,108.179,1.0,20.979,20.979
1081,825,31,112.62316129032257,108.789,1.0,21.555,21.555
1081,830,51,110.70472549019608,106.05,2.0,42.19,21.095
1081,832,8,109.80575,108.978,,,
1081,839,51,112.82598039215686,108.297,1.0,22.638,22.638
1081,840,46,114.29834782608695,108.038,1.0,22.059,22.059
1081,842,51,112.22039215686274,108.519,1.0,22.698,22.698
1081,844,21,114.28633333333333,107.531,1.0,23.212,23.212
1081,846,51,112.51954901960785,107.997,1.0,21.443,21.443
1081,847,51,111.60658823529411,107.177,2.0,41.065,20.5325
1081,848,50,113.06302000000001,107.966,2.0,47.117000000000004,23.558500000000002
1081,849,50,114.92874,109.583,2.0,51.464,25.732
1081,852,50,113.09614,107.523,2.0,64.583,32.2915
1081,854,50,113.86760000000001,108.41,2.0,49.204,24.602
1081,855,23,114.38252173913044,108.723,1.0,23.001,23.001
1082,1,70,82.69661428571429,76.167,2.0,47.686,23.843
1082,4,70,82.95288571428571,77.01,2.0,48.918,24.459
1082,20,70,83.2286,77.956,2.0,47.087,23.5435
1082,815,7,81.366,78.844,,,
1082,817,70,83.2114857142857,77.932,2.0,52.769999999999996,26.384999999999998
1082,822,70,82.9572,76.927,1.0,26.089,26.089
1082,825,70,83.57052857142857,78.046,1.0,38.262,38.262
1082,830,70,82.59652857142856,75.839,2.0,47.921,23.9605
1082,832,70,82.6107142857143,75.749,2.0,49.096000000000004,24.548000000000002
1082,839,70,82.93781428571428,77.11,2.0,49.629000000000005,24.814500000000002
1082,840,70,83.14255714285714,77.421,1.0,25.252,25.252
1082,842,70,83.242,77.81,2.0,47.17,23.585
1082,844,70,82.8132142857143,75.901,1.0,26.199,26.199
1082,846,70,83.27002857142857,77.495,2.0,67.166,33.583
1082,847,70,82.77242857142856,76.418,2.0,48.019999999999996,24.009999999999998
1082,848,70,83.23785714285715,77.951,2.0,47.334,23.667
1082,849,70,83.45335714285714,78.54,2.0,54.054,27.027
1082,852,47,81.89663829787234,78.309,2.0,46.698,23.349
1082,854,18,82.86722222222222,78.967,,,
1082,855,70,82.98155714285714,76.578,2.0,48.260999999999996,24.130499999999998
1083,1,52,159.16415384615385,90.51,3.0,3105.721,1035.2403333333334
1083,4,52,159.2285,91.609,3.0,3113.274,1037.758
1083,20,52,159.47436538461537,92.471,3.0,3125.687,1041.8956666666666
1083,815,52,159.11711538461537,90.937,3.0,3100.229,1033.4096666666667
1083,817,52,159.67553846153848,92.644,4.0,3153.52,788.38
1083,822,20,256.31925,95.103,1.0,3055.732,3055.732
1083,825,52,159.51732692307695,92.661,2.0,3093.086,1546.543
1083,830,52,159.40553846153847,92.135,4.0,3124.723,781.18075
1083,832,52,159.04444230769232,90.813,3.0,3088.761,1029.587
1083,839,37,182.21037837837838,93.537,2.0,2981.1020000000003,1490.5510000000002
1083,840,52,159.54726923076922,92.379,3.0,3127.4289999999996,1042.4763333333333
1083,842,26,219.78642307692306,94.275,2.0,3078.582,1539.291
1083,844,52,159.20878846153846,91.282,2.0,3065.165,1532.5825
1083,846,52,159.27411538461538,91.645,3.0,3100.8210000000004,1033.6070000000002
1083,849,52,159.66965384615384,93.286,3.0,3109.171,1036.3903333333333
1083,852,52,159.83117307692305,93.832,3.0,3076.0679999999998,1025.356
1083,854,52,159.40973076923078,92.109,3.0,3125.153,1041.7176666666667
1084,1,71,71.90885915492959,69.0,2.0,45.723,22.8615
1084,4,70,72.61052857142857,68.558,3.0,67.631,22.543666666666667
1084,20,70,72.8734857142857,70.0,2.0,43.69499999999999,21.847499999999997
1084,815,24,75.6965,71.843,1.0,23.681,23.681
1084,817,70,72.5808,69.924,2.0,43.245000000000005,21.622500000000002
1084,822,70,72.63267142857143,69.266,2.0,46.955,23.4775
1084,825,70,72.51325714285714,69.938,2.0,44.293,22.1465
1084,830,71,71.34991549295775,67.275,3.0,64.785,21.595
1084,832,56,71.16046428571428,68.649,2.0,42.704,21.352
1084,839,71,72.29222535211267,69.559,2.0,43.864000000000004,21.932000000000002
1084,840,70,72.76841428571429,70.004,2.0,43.383,21.6915
1084,842,70,72.82454285714286,70.104,2.0,50.334,25.167
1084,844,71,71.32833802816901,67.583,3.0,64.501,21.500333333333334
1084,846,70,72.46455714285715,69.304,2.0,50.008,25.004
1084,847,71,72.15892957746479,69.075,2.0,59.932,29.966
1084,848,70,72.69841428571429,69.669,2.0,44.423,22.2115
1084,849,48,73.47295833333332,70.89,2.0,42.928,21.464
1084,852,70,72.92074285714286,70.023,2.0,43.268,21.634
1084,854,70,72.42302857142857,69.625,2.0,45.0,22.5
1084,855,70,72.79301428571429,69.38,2.0,51.564,25.782
1085,1,53,102.1263962264151,97.668,1.0,37.189,37.189
1085,4,53,102.73567924528301,98.16,1.0,36.524,36.524
1085,20,53,103.14350943396227,99.044,1.0,36.671,36.671
1085,815,53,102.25324528301887,97.78,1.0,38.061,38.061
1085,817,53,103.0657358490566,99.133,1.0,36.264,36.264
1085,822,53,103.37316981132075,97.963,2.0,74.375,37.1875
1085,825,37,103.97886486486486,99.265,2.0,73.182,36.591
1085,830,53,101.92664150943396,97.491,1.0,35.266,35.266
1085,832,53,102.4713962264151,95.781,2.0,83.75,41.875
1085,839,53,103.00133962264151,98.684,1.0,44.747,44.747
1085,840,53,103.10681132075472,99.185,1.0,39.844,39.844
1085,842,53,103.16150943396227,98.786,1.0,35.969,35.969
1085,844,17,99.11423529411765,98.088,,,
1085,846,53,102.90826415094341,98.985,1.0,37.539,37.539
1085,847,53,102.2378679245283,97.548,1.0,38.277,38.277
1085,848,53,103.220320754717,99.199,1.0,37.38,37.38
1085,849,40,104.88445,99.65,2.0,74.439,37.2195
1085,852,17,104.39570588235294,100.216,1.0,37.648,37.648
1085,854,53,103.44350943396226,99.068,2.0,73.707,36.8535
1085,855,47,104.49074468085105,99.368,2.0,87.23400000000001,43.617000000000004
1086,1,70,85.48208571428572,81.386,2.0,43.794,21.897
1086,4,69,86.72646376811593,83.979,1.0,22.083,22.083
1086,20,69,86.7701884057971,82.824,2.0,46.432,23.216
1086,815,70,85.5942857142857,81.94,2.0,42.285,21.1425
1086,817,69,87.13549275362318,83.59,2.0,43.079,21.5395
1086,822,65,86.4807076923077,84.002,1.0,22.272,22.272
1086,825,69,87.56428985507246,83.511,3.0,75.99799999999999,25.332666666666665
1086,830,70,85.37017142857142,82.126,2.0,42.579,21.2895
1086,832,70,85.57844285714286,82.0,2.0,46.275999999999996,23.137999999999998
1086,839,69,86.76811594202898,84.149,1.0,23.581,23.581
1086,840,69,86.88049275362319,82.437,2.0,43.394,21.697
1086,842,69,87.06814492753622,83.199,2.0,43.164,21.582
1086,844,70,85.59941428571429,81.622,3.0,65.291,21.763666666666666
1086,846,70,86.48874285714287,83.043,2.0,45.422,22.711
1086,847,70,85.54641428571429,82.766,2.0,44.506,22.253
1086,848,69,87.57660869565217,83.047,3.0,77.338,25.77933333333333
1086,849,69,87.75230434782608,82.478,3.0,73.094,24.364666666666665
1086,852,68,88.65795588235294,83.538,3.0,65.721,21.907
1086,854,69,87.15092753623189,83.151,2.0,45.519,22.7595
1086,855,69,87.14676811594204,82.029,2.0,50.539,25.2695
1087,4,44,118.77613636363637,112.868,2.0,46.595,23.2975
1087,20,44,118.88638636363636,112.515,2.0,46.055,23.0275
1087,815,44,117.51670454545454,110.764,2.0,44.998999999999995,22.499499999999998
1087,817,44,119.54675,113.08,2.0,46.231,23.1155
1087,822,1,125.651,125.651,,,
1087,825,43,119.84493023255814,113.332,2.0,50.211,25.1055
1087,830,44,117.11122727272728,109.354,2.0,45.204,22.602
1087,832,44,117.72227272727272,111.977,2.0,45.293,22.6465
1087,839,44,118.83031818181817,111.717,2.0,47.001999999999995,23.500999999999998
1087,840,44,119.4539090909091,112.88,2.0,46.903999999999996,23.451999999999998
1087,842,44,119.20625,113.002,2.0,45.399,22.6995
1087,844,44,118.70068181818182,109.984,3.0,70.721,23.573666666666668
1087,846,44,119.49165909090908,111.678,2.0,46.596000000000004,23.298000000000002
1087,847,44,117.7735,110.793,2.0,45.802,22.901
1087,848,44,119.42713636363636,113.055,2.0,47.748999999999995,23.874499999999998
1087,849,43,120.08818604651164,112.256,3.0,83.40700000000001,27.802333333333337
1087,852,44,119.50252272727272,112.436,2.0,54.308,27.154
1087,854,43,119.91051162790697,112.212,2.0,49.14,24.57
1087,855,44,119.52604545454545,112.317,2.0,47.108000000000004,23.554000000000002
1088,1,72,80.77484722222222,73.854,3.0,52.365,17.455000000000002
1088,4,72,80.85454166666668,74.144,3.0,56.841,18.947
1088,20,72,81.02472222222222,74.862,4.0,74.60499999999999,18.651249999999997
1088,815,72,80.84640277777778,74.404,4.0,70.936,17.734
1088,817,72,81.11856944444443,75.577,5.0,93.619,18.7238
1088,822,53,80.00898113207546,76.844,2.0,40.79,20.395
1088,825,72,81.10613888888889,75.369,4.0,82.333,20.58325
1088,830,72,80.59406944444444,73.652,4.0,73.012,18.253
1088,832,72,80.815125,74.643,3.0,70.362,23.453999999999997
1088,839,72,80.8873611111111,75.084,3.0,55.098,18.366
1088,840,72,80.906,75.043,4.0,73.678,18.4195
1088,842,72,80.96919444444444,75.165,4.0,70.034,17.5085
1088,844,72,80.74586111111111,74.413,4.0,71.74799999999999,17.936999999999998
1088,846,72,80.86220833333333,74.706,3.0,61.684,20.561333333333334
1088,847,72,80.6506111111111,73.671,3.0,61.464,20.488
1088,848,72,81.01615277777778,75.534,4.0,73.858,18.4645
1088,849,71,82.32184507042254,76.066,4.0,75.527,18.88175
1088,852,43,81.57537209302325,77.138,3.0,90.751,30.250333333333334
1088,854,72,81.05233333333332,75.233,4.0,83.054,20.7635
1088,855,72,81.11240277777777,75.94,4.0,79.297,19.82425
1089,1,53,91.18662264150943,84.434,1.0,24.282,24.282
1089,4,31,88.78448387096775,87.203,,,
1089,20,10,88.8225,87.501,,,
1089,815,53,91.20003773584905,84.03,2.0,46.997,23.4985
1089,817,45,88.48853333333334,86.603,1.0,25.164,25.164
1089,822,52,92.84476923076923,85.706,1.0,24.758,24.758
1089,825,52,92.92609615384616,86.798,2.0,55.010000000000005,27.505000000000003
1089,830,53,91.08511320754717,84.745,2.0,47.882000000000005,23.941000000000003
1089,832,53,91.1806037735849,84.42,2.0,48.253,24.1265
1089,839,53,91.24215094339623,86.593,1.0,24.336,24.336
1089,840,39,89.49110256410256,87.467,1.0,24.254,24.254
1089,842,53,91.2057924528302,86.718,1.0,25.376,25.376
1089,844,53,91.13126415094341,84.336,3.0,71.154,23.718
1089,846,53,91.20222641509434,84.718,2.0,51.498,25.749
1089,847,53,91.14935849056604,85.288,2.0,49.189,24.5945
1089,849,52,92.89044230769231,86.798,2.0,51.045,25.5225
1089,852,52,92.86290384615384,86.857,2.0,47.913,23.9565
1089,854,53,91.24641509433962,85.298,1.0,24.817,24.817
1089,855,53,91.23435849056604,86.361,1.0,25.366,25.366
1089,856,53,91.21949056603773,86.624,1.0,24.628,24.628
1091,1,59,125.45344067796611,110.622,1.0,41.019,41.019
1091,4,20,127.67814999999999,120.463,,,
1091,20,59,125.42830508474576,110.669,1.0,29.704,29.704
1091,815,59,124.32606779661016,108.165,1.0,29.55,29.55
1091,817,59,125.31389830508475,111.006,1.0,30.946,30.946
1091,822,59,125.91664406779661,111.864,1.0,32.167,32.167
1091,825,59,125.98047457627118,112.067,2.0,71.85,35.925
1091,830,59,125.40784745762713,109.142,2.0,59.182,29.591
1091,832,59,124.58547457627118,108.414,1.0,30.603,30.603
1091,839,26,129.88276923076924,121.105,,,
1091,840,59,125.36555932203389,110.283,1.0,29.863,29.863
1091,842,59,125.59006779661017,110.569,1.0,29.867,29.867
1091,844,59,124.4547966101695,108.753,1.0,32.058,32.058
1091,846,59,124.769,109.212,1.0,30.528,30.528
1091,847,57,128.71443859649122,106.458,4.0,123.195,30.79875
1091,848,25,131.79728,122.121,,,
1091,849,7,139.08485714285712,125.585,,,
1091,852,34,130.3800294117647,118.716,1.0,31.293,31.293
1091,854,58,127.89272413793103,110.29,2.0,65.923,32.9615
1091,855,6,129.93333333333334,125.556,,,
1092,1,28,133.72607142857143,105.53,2.0,421.56300000000005,210.78150000000002
1092,4,28,133.94189285714288,104.412,3.0,445.066,148.35533333333333
1092,20,28,133.9415,106.964,2.0,433.865,216.9325
1092,815,28,133.2525,106.12,2.0,417.839,208.9195
1092,817,28,134.88860714285713,107.843,2.0,427.12600000000003,213.56300000000002
1092,822,28,135.375,107.82,2.0,432.422,216.211
1092,825,28,135.35785714285714,108.072,2.0,427.623,213.8115
1092,830,28,132.28585714285714,104.911,2.0,411.707,205.8535
1092,839,28,133.70317857142857,106.559,2.0,418.773,209.3865
1092,840,28,134.9252857142857,105.205,3.0,448.338,149.446
1092,842,28,135.4319642857143,105.387,4.0,499.26200000000006,124.81550000000001
1092,844,28,133.2416785714286,104.489,2.0,415.872,207.936
1092,846,28,134.8137857142857,108.175,2.0,430.851,215.4255
1092,847,28,133.9880357142857,107.004,2.0,429.785,214.8925
1092,849,28,134.7909642857143,108.371,2.0,432.458,216.229
1092,852,28,134.98582142857143,105.893,3.0,450.673,150.22433333333333
1092,854,28,135.59025,106.545,2.0,425.465,212.7325
1092,855,28,135.39453571428572,104.411,3.0,458.834,152.94466666666668
1093,1,56,109.58410714285715,99.83,2.0,48.497,24.2485
1093,4,56,110.47794642857143,101.804,2.0,63.577,31.7885
1093,20,56,110.66144642857144,101.538,2.0,62.464,31.232
1093,815,56,109.6425,99.563,2.0,48.20399999999999,24.101999999999997
1093,817,56,111.11025,102.42,2.0,50.641999999999996,25.320999999999998
1093,822,16,105.7689375,103.391,1.0,25.013,25.013
1093,825,56,110.67001785714285,102.546,1.0,29.039,29.039
1093,830,56,109.4944107142857,99.541,2.0,56.12,28.06
1093,832,1,115.016,115.016,,,
1093,839,56,110.79575,101.243,2.0,49.527,24.7635
1093,840,21,112.62528571428571,103.08,1.0,25.417,25.417
1093,842,56,110.77589285714285,101.674,2.0,52.588,26.294
1093,844,56,109.62835714285714,99.731,2.0,48.069,24.0345
1093,846,56,110.45485714285715,101.322,2.0,47.728,23.864
1093,847,56,110.29467857142856,98.788,3.0,78.494,26.164666666666665
1093,848,56,110.83471428571428,102.471,2.0,48.935,24.4675
1093,849,56,111.25491071428571,103.485,2.0,49.516000000000005,24.758000000000003
1093,852,56,110.76082142857143,102.206,2.0,46.929,23.4645
1093,854,56,110.913875,102.32,2.0,49.86,24.93
1093,855,56,110.85448214285715,102.394,2.0,52.341,26.1705
1094,1,71,83.54809859154929,82.062,1.0,23.194,23.194
1094,4,63,84.9216507936508,82.866,1.0,23.159,23.159
1094,20,70,85.37467142857143,83.086,1.0,22.534,22.534
1094,815,71,83.58909859154929,81.775,1.0,24.892,24.892
1094,817,70,84.84665714285715,82.022,1.0,22.28,22.28
1094,822,70,85.13011428571428,83.363,1.0,23.863,23.863
1094,825,70,85.6735,83.3,1.0,23.722,23.722
1094,830,71,83.33421126760562,82.046,1.0,22.487,22.487
1094,832,71,84.15284507042254,82.199,1.0,23.469,23.469
1094,839,70,85.02082857142858,83.279,1.0,22.343,22.343
1094,840,70,85.52402857142857,82.463,2.0,46.628,23.314
1094,842,70,85.13904285714287,82.277,1.0,29.168,29.168
1094,844,71,84.30285915492958,82.603,1.0,22.193,22.193
1094,846,70,85.08175714285714,83.402,1.0,22.585,22.585
1094,847,71,84.03042253521127,80.153,2.0,45.913,22.9565
1094,848,70,85.16617142857143,82.914,1.0,23.182,23.182
1094,849,69,86.54568115942028,83.709,2.0,47.865,23.9325
1094,852,50,85.627,83.403,1.0,22.468,22.468
1094,854,70,85.65161428571429,83.641,1.0,23.679,23.679
1094,855,70,85.32515714285715,82.26,1.0,24.218,24.218
1095,1,71,83.3179295774648,73.942,2.0,47.495999999999995,23.747999999999998
1095,4,71,83.43105633802817,74.164,3.0,76.123,25.374333333333336
1095,20,71,83.6651690140845,75.549,2.0,48.275999999999996,24.137999999999998
1095,815,71,83.49470422535211,74.283,2.0,46.021,23.0105
1095,822,71,83.61402816901408,75.511,2.0,48.524,24.262
1095,830,71,83.43802816901409,74.195,3.0,86.726,28.908666666666665
1095,832,71,83.35345070422535,73.953,3.0,72.505,24.168333333333333
1095,839,71,83.5596338028169,75.093,2.0,48.313,24.1565
1095,840,71,83.62811267605633,74.831,2.0,47.233000000000004,23.616500000000002
1095,842,71,83.67480281690142,75.327,3.0,69.797,23.265666666666664
1095,844,71,83.41528169014086,74.253,3.0,76.376,25.45866666666667
1095,846,50,82.71164,75.855,2.0,54.007000000000005,27.003500000000003
1095,847,71,83.29639436619719,73.785,2.0,47.001000000000005,23.500500000000002
1095,848,71,83.80366197183098,75.613,3.0,71.035,23.67833333333333
1095,849,71,83.81805633802817,75.327,3.0,76.739,25.579666666666668
1095,852,70,84.94778571428571,75.508,3.0,70.56700000000001,23.522333333333336
1095,854,71,83.71750704225352,75.251,2.0,49.643,24.8215
1095,855,71,83.70942253521127,75.802,2.0,49.443,24.7215
1096,1,55,91.94521818181819,89.788,1.0,21.27,21.27
1096,4,27,93.09462962962964,90.579,1.0,21.74,21.74
1096,20,58,92.23813793103447,90.312,1.0,23.186,23.186
1096,815,58,90.96563793103448,88.972,2.0,42.727000000000004,21.363500000000002
1096,817,58,92.22727586206896,90.785,1.0,21.893,21.893
1096,822,57,92.90556140350878,90.352,1.0,22.573,22.573
1096,825,57,93.27442105263157,91.158,1.0,22.387,22.387
1096,830,58,90.79162068965518,89.392,1.0,22.735,22.735
1096,832,58,91.22079310344827,88.879,2.0,43.504999999999995,21.752499999999998
1096,839,58,91.7785172413793,89.333,2.0,43.629000000000005,21.814500000000002
1096,840,58,92.1180172413793,89.62,2.0,43.616,21.808
1096,842,57,92.74496491228071,91.018,1.0,21.855,21.855
1096,844,58,90.9428448275862,89.719,1.0,22.21,22.21
1096,846,58,91.7611724137931,88.391,2.0,43.793000000000006,21.896500000000003
1096,847,58,91.41037931034482,88.836,2.0,52.174,26.087
1096,848,57,92.73410526315789,89.939,2.0,43.590999999999994,21.795499999999997
1096,849,55,94.4725090909091,90.309,2.0,47.596999999999994,23.798499999999997
1096,852,58,92.3325,89.489,2.0,43.853,21.9265
1096,854,57,93.0698947368421,89.833,2.0,45.806,22.903
1096,855,57,92.71866666666668,89.6,2.0,45.593999999999994,22.796999999999997
1098,1,57,99.78443859649123,96.546,2.0,49.372,24.686
1098,4,57,99.56794736842106,96.156,2.0,50.669,25.3345
1098,807,56,101.08298214285715,96.616,3.0,90.924,30.308000000000003
1098,815,57,99.10040350877192,96.344,2.0,49.355000000000004,24.677500000000002
1098,822,57,100.16461403508772,97.379,2.0,51.042,25.521
1098,825,56,100.95523214285714,96.471,3.0,75.908,25.302666666666667
1098,830,57,98.89010526315789,96.236,2.0,49.199,24.5995
1098,832,57,99.73312280701754,97.13,2.0,48.727000000000004,24.363500000000002
1098,839,41,102.91624390243902,96.797,3.0,110.946,36.982
1098,840,57,99.84628070175438,96.546,2.0,50.088,25.044
1098,842,57,100.18401754385965,95.068,3.0,75.5,25.166666666666668
1098,844,39,99.64405128205128,97.17,2.0,48.989,24.4945
1098,846,55,102.60676363636364,95.257,6.0,195.334,32.55566666666667
1098,847,57,99.87033333333333,97.035,2.0,51.468,25.734
1098,848,57,100.46508771929824,97.144,3.0,74.432,24.810666666666666
1098,852,57,100.48431578947368,96.637,3.0,75.457,25.15233333333333
1098,855,56,101.36401785714285,93.996,3.0,81.236,27.078666666666667
1098,856,56,101.05819642857143,97.709,2.0,50.252,25.126
1098,857,13,103.27576923076923,100.691,,,
1098,858,56,100.67628571428571,96.037,3.0,76.31700000000001,25.439000000000004
1099,1,50,98.11918,92.941,1.0,21.102,21.102
1099,4,50,97.91244,92.24,1.0,26.879,26.879
1099,807,50,98.90964,93.78,1.0,21.567,21.567
1099,815,50,97.49788000000001,92.188,1.0,20.715,20.715
1099,822,49,100.09138775510205,94.384,3.0,65.50399999999999,21.834666666666664
1099,825,50,98.7944,93.374,1.0,20.87,20.87
1099,830,50,97.60498,91.906,1.0,20.824,20.824
1099,832,50,98.21539999999999,92.822,1.0,20.76,20.76
1099,839,50,98.55452000000001,93.222,1.0,20.762,20.762
1099,840,16,97.324,95.14,1.0,21.15,21.15
1099,842,50,98.59282,93.392,1.0,20.719,20.719
1099,844,50,98.36112,93.056,1.0,20.026,20.026
1099,846,50,99.22678,94.122,2.0,50.796,25.398
1099,847,50,98.0152,92.433,1.0,20.828,20.828
1099,848,27,104.66466666666668,95.567,1.0,21.397,21.397
1099,852,50,98.84776,93.931,1.0,21.414,21.414
1099,855,50,99.01908,93.894,2.0,42.985,21.4925
1099,856,50,99.04744000000001,93.609,1.0,21.116,21.116
1099,857,50,99.1983,94.287,1.0,31.534,31.534
1099,858,50,99.22374,94.469,1.0,21.064,21.064
1100,1,58,157.9060344827586,80.613,3.0,3656.286,1218.762
1100,4,58,157.9162068965517,80.476,3.0,3646.3190000000004,1215.4396666666669
1100,807,58,157.98810344827587,81.124,3.0,3676.093,1225.3643333333332
1100,815,58,157.9601896551724,80.235,5.0,3703.013,740.6025999999999
1100,822,58,158.01524137931034,82.233,6.0,3662.236,610.3726666666666
1100,825,52,108.3578846153846,81.685,2.0,961.0169999999999,480.50849999999997
1100,830,58,157.90294827586206,80.342,3.0,3649.37,1216.4566666666667
1100,832,58,157.93043103448275,80.467,4.0,3691.821,922.95525
1100,839,56,125.08535714285715,81.203,3.0,1835.789,611.9296666666667
1100,840,58,157.95608620689654,80.934,3.0,3648.2,1216.0666666666666
1100,842,56,125.0608392857143,80.995,2.0,1802.2060000000001,901.1030000000001
1100,846,58,157.96675862068966,81.173,3.0,3679.9139999999998,1226.638
1100,847,17,158.63,82.68,2.0,949.9699999999999,474.98499999999996
1100,848,6,102.9735,83.349,,,
1100,852,58,158.0072931034483,81.789,4.0,3663.107,915.77675
1100,855,58,158.00144827586206,81.819,5.0,3685.244,737.0488
1100,856,56,125.10201785714285,81.183,4.0,1755.971,438.99275
1100,857,58,157.99574137931035,81.335,4.0,3684.862,921.2155
1100,858,56,125.10589285714285,81.456,6.0,1800.797,300.13283333333334
1101,1,51,109.97217647058824,105.346,1.0,20.324,20.324
1101,4,51,109.4992156862745,104.241,1.0,23.148,23.148
1101,807,50,111.44746,106.731,1.0,24.748,24.748
1101,815,51,109.06737254901961,104.589,1.0,20.389,20.389
1101,822,50,111.63068,106.304,3.0,64.333,21.444333333333333
1101,825,51,110.82676470588235,105.85,1.0,30.951,30.951
1101,830,51,109.10927450980391,104.232,1.0,20.707,20.707
1101,832,51,109.95935294117648,105.175,1.0,21.97,21.97
1101,839,51,110.98490196078431,105.908,1.0,20.367,20.367
1101,840,51,110.0794705882353,105.627,1.0,23.161,23.161
1101,842,51,110.85819607843138,105.54,2.0,41.403999999999996,20.701999999999998
1101,844,51,109.48339215686273,104.561,1.0,21.126,21.126
1101,846,51,110.6433725490196,105.738,1.0,20.346,20.346
1101,847,51,110.52305882352941,103.37,2.0,41.848,20.924
1101,848,51,110.80507843137255,105.925,1.0,21.103,21.103
1101,852,51,110.71172549019609,105.727,1.0,20.497,20.497
1101,855,36,112.8446111111111,107.553,1.0,22.247,22.247
1101,856,9,110.627,108.781,,,
1101,857,51,110.76347058823531,105.631,1.0,20.902,20.902
1101,858,51,111.04664705882352,106.501,1.0,21.015,21.015
1102,1,57,93.14894736842105,90.669,1.0,22.15,22.15
1102,4,57,92.71133333333333,90.519,1.0,22.631,22.631
1102,807,57,93.56475438596492,90.901,1.0,23.12,23.12
1102,815,57,92.34429824561403,90.56,1.0,21.884,21.884
1102,822,57,93.50663157894738,91.838,1.0,23.158,23.158
1102,825,57,93.35414035087719,91.691,1.0,22.616,22.616
1102,830,57,92.24984210526316,89.708,1.0,22.688,22.688
1102,832,57,92.9079298245614,91.362,1.0,22.278,22.278
1102,839,57,93.26954385964913,91.143,1.0,21.942,21.942
1102,840,57,93.38587719298246,90.862,1.0,22.651,22.651
1102,842,57,93.22650877192983,91.971,1.0,22.417,22.417
1102,844,57,93.17945614035087,91.434,1.0,22.068,22.068
1102,846,57,93.78873684210527,92.401,1.0,24.09,24.09
1102,847,57,92.83280701754386,91.015,1.0,22.335,22.335
1102,848,57,93.5281052631579,91.852,1.0,22.482,22.482
1102,852,57,93.3780701754386,91.038,1.0,22.39,22.39
1102,855,57,93.62598245614035,91.736,1.0,22.796,22.796
1102,856,57,93.81035087719297,91.562,1.0,23.487,23.487
1102,857,56,94.26341071428571,92.006,1.0,22.205,22.205
1102,858,56,94.51123214285714,92.384,1.0,48.938,48.938
1104,1,78,84.2441282051282,75.65,2.0,51.278999999999996,25.639499999999998
1104,4,78,84.10129487179488,76.674,2.0,50.33,25.165
1104,807,76,86.58534210526317,76.991,3.0,92.891,30.96366666666667
1104,815,76,86.59215789473684,76.269,5.0,136.656,27.331200000000003
1104,822,77,85.20705194805194,77.824,1.0,30.395,30.395
1104,825,70,87.95427142857143,78.351,1.0,51.052,51.052
1104,830,78,83.74333333333333,76.604,1.0,24.798,24.798
1104,832,78,84.55603846153846,76.449,2.0,53.552,26.776
1104,839,78,84.21756410256411,76.528,2.0,50.54,25.27
1104,840,53,80.78247169811321,77.769,1.0,24.656,24.656
1104,842,78,84.54284615384616,75.831,2.0,53.851,26.9255
1104,844,78,84.53679487179487,75.773,2.0,49.905,24.9525
1104,846,77,84.88364935064936,77.844,2.0,58.090999999999994,29.045499999999997
1104,847,78,84.40082051282052,76.798,1.0,30.98,30.98
1104,848,77,85.8596103896104,76.672,2.0,51.28,25.64
1104,852,76,86.04638157894738,77.68,1.0,33.706,33.706
1104,855,77,85.76405194805194,76.926,2.0,51.400999999999996,25.700499999999998
1104,856,77,85.57528571428571,77.561,1.0,24.539,24.539
1104,857,77,85.0121948051948,77.513,1.0,25.851,25.851
1104,858,76,86.90740789473683,77.302,3.0,78.096,26.032
1105,1,66,80.33378787878787,76.676,2.0,45.306,22.653
1105,4,66,80.94040909090909,78.083,2.0,45.454,22.727
1105,807,65,81.46518461538462,78.776,3.0,70.039,23.346333333333334
1105,815,66,80.51139393939394,76.666,2.0,43.312,21.656
1105,822,65,81.96743076923076,78.242,2.0,47.788,23.894
1105,825,65,81.78492307692308,78.069,3.0,69.215,23.07166666666667
1105,830,66,79.96878787878788,76.33,2.0,44.598,22.299
1105,832,66,80.66118181818182,78.403,2.0,44.696,22.348
1105,839,66,81.01790909090909,78.946,2.0,46.221999999999994,23.110999999999997
1105,840,66,80.92818181818183,78.722,2.0,45.726,22.863
1105,842,66,81.08287878787878,78.375,2.0,46.998000000000005,23.499000000000002
1105,844,66,81.09634848484848,78.357,2.0,44.781,22.3905
1105,846,65,81.66661538461538,77.182,3.0,82.648,27.549333333333333
1105,847,66,80.4595303030303,77.875,2.0,44.32899999999999,22.164499999999997
1105,848,65,81.62535384615384,79.133,2.0,46.768,23.384
1105,852,66,81.03569696969697,78.904,2.0,44.185,22.0925
1105,855,66,81.05784848484848,78.753,2.0,46.319,23.1595
1105,856,65,81.28103076923077,78.594,2.0,44.498,22.249
1105,857,65,81.26484615384615,78.679,2.0,45.232,22.616
1105,858,65,81.9941076923077,79.247,2.0,46.41,23.205
1106,1,70,80.75022857142856,75.396,2.0,48.087999999999994,24.043999999999997
1106,4,70,80.68454285714286,75.779,2.0,47.959,23.9795
1106,807,69,81.96073913043479,77.232,2.0,49.08,24.54
1106,815,70,81.27680000000001,74.481,2.0,46.498999999999995,23.249499999999998
1106,822,70,81.46828571428571,76.625,1.0,24.038,24.038
1106,825,69,82.73343478260868,76.126,2.0,49.424,24.712
1106,830,70,80.54782857142857,75.594,2.0,47.554,23.777
1106,832,70,80.85554285714286,75.911,1.0,24.133,24.133
1106,839,70,81.42914285714285,76.782,2.0,48.1,24.05
1106,840,70,81.46785714285714,76.564,2.0,47.55,23.775
1106,842,70,81.47995714285713,76.425,2.0,51.632000000000005,25.816000000000003
1106,844,70,80.81422857142857,75.907,1.0,24.343,24.343
1106,846,70,81.45301428571429,76.374,2.0,49.432,24.716
1106,847,53,82.78864150943396,77.097,1.0,88.943,88.943
1106,848,70,81.41658571428572,76.917,1.0,25.064,25.064
1106,852,70,81.59672857142857,76.666,2.0,51.169,25.5845
1106,855,69,81.96702898550724,77.09,2.0,51.67,25.835
1106,856,69,82.80166666666668,76.656,2.0,48.746,24.373
1106,857,70,81.47784285714285,76.598,2.0,48.263999999999996,24.131999999999998
1106,858,6,81.67866666666667,78.437,,,
1107,1,71,72.85638028169015,69.16,3.0,66.132,22.044
1107,4,71,72.73132394366198,69.108,3.0,60.964,20.32133333333333
1107,807,12,82.04791666666667,71.066,2.0,38.669,19.3345
1107,815,71,72.54640845070423,68.111,3.0,60.35,20.116666666666667
1107,822,70,73.94834285714285,69.94,3.0,70.89,23.63
1107,825,70,74.07514285714285,70.176,3.0,74.491,24.830333333333332
1107,830,71,72.30432394366197,67.012,4.0,80.703,20.17575
1107,832,71,72.60540845070423,68.88,3.0,71.246,23.748666666666665
1107,839,70,73.51067142857143,69.797,3.0,70.598,23.532666666666668
1107,840,71,73.13591549295775,68.463,4.0,84.86500000000001,21.216250000000002
1107,842,71,73.1165352112676,69.046,3.0,65.99799999999999,21.99933333333333
1107,844,71,72.3769295774648,68.82,3.0,61.288,20.429333333333332
1107,846,71,72.67512676056337,68.739,3.0,61.454,20.484666666666666
1107,847,71,72.98605633802816,69.283,3.0,61.910000000000004,20.636666666666667
1107,848,71,73.28695774647888,69.56,3.0,65.982,21.994
1107,852,70,73.9782857142857,69.62,4.0,94.615,23.65375
1107,855,70,73.68914285714285,69.786,3.0,63.751,21.250333333333334
1107,856,70,73.76157142857143,69.852,3.0,59.44,19.813333333333333
1107,857,70,74.0025142857143,69.862,4.0,92.01599999999999,23.003999999999998
1107,858,70,73.57130000000001,69.611,3.0,62.074,20.691333333333333
1108,1,52,98.53309615384616,90.545,1.0,29.169,29.169
1108,4,52,98.73328846153846,91.338,1.0,28.679,28.679
1108,807,52,98.91540384615385,91.776,2.0,71.975,35.9875
1108,815,52,98.65038461538461,90.914,1.0,28.06,28.06
1108,822,52,98.8993846153846,91.852,1.0,29.662,29.662
1108,825,31,94.7066129032258,93.356,,,
1108,830,52,98.40265384615384,90.275,1.0,29.056,29.056
1108,832,52,98.77665384615385,91.366,1.0,28.869,28.869
1108,839,9,95.15011111111112,93.846,,,
1108,840,52,98.83501923076923,91.508,1.0,28.561,28.561
1108,842,46,101.20845652173914,91.539,1.0,28.458,28.458
1108,844,52,98.76205769230769,91.255,2.0,57.049,28.5245
1108,846,52,98.47569230769231,90.543,1.0,28.438,28.438
1108,847,52,98.61815384615385,91.124,1.0,29.455,29.455
1108,848,52,98.74646153846153,91.273,1.0,29.634,29.634
1108,852,52,99.00313461538461,92.084,2.0,56.956,28.478
1108,855,52,98.97611538461538,91.769,3.0,92.26,30.753333333333334
1108,856,52,99.03973076923077,92.353,2.0,56.655,28.3275
1108,857,52,98.55219230769231,90.85,1.0,28.655,28.655
1108,858,52,98.85711538461538,91.699,1.0,28.847,28.847
1109,1,70,84.6824,81.601,2.0,43.702,21.851
1109,4,70,85.2049,82.745,2.0,47.068,23.534
1109,807,69,86.08597101449276,83.573,2.0,44.876999999999995,22.438499999999998
1109,815,70,84.66052857142857,82.295,2.0,42.742,21.371
1109,817,69,85.86798550724639,83.934,2.0,44.161,22.0805
1109,822,69,85.77844927536232,83.651,2.0,45.356,22.678
1109,825,69,86.53601449275362,83.864,2.0,44.905,22.4525
1109,830,70,84.12334285714286,80.504,2.0,43.087,21.5435
1109,832,70,85.13867142857143,82.584,2.0,43.453,21.7265
1109,839,2,104.073,101.181,,,
1109,840,69,85.55433333333333,83.425,2.0,44.313,22.1565
1109,842,1,124.981,124.981,,,
1109,844,70,85.05644285714286,82.469,2.0,49.856,24.928
1109,846,70,84.6052142857143,82.178,2.0,42.971000000000004,21.485500000000002
1109,847,70,85.0637,82.158,2.0,43.561,21.7805
1109,848,69,85.76407246376812,84.051,2.0,43.838,21.919
1109,852,69,86.08952173913043,83.269,2.0,47.351,23.6755
1109,855,69,86.21920289855072,83.743,2.0,52.064,26.032
1109,857,70,85.01722857142857,82.736,2.0,43.201,21.6005
1109,858,67,86.40632835820895,83.496,2.0,46.198,23.099
1110,1,44,113.63911363636363,107.305,3.0,69.269,23.08966666666667
1110,4,44,113.78713636363636,110.938,2.0,46.882999999999996,23.441499999999998
1110,807,44,115.02045454545454,109.907,2.0,49.809,24.9045
1110,815,44,113.01715909090909,110.308,2.0,46.394000000000005,23.197000000000003
1110,817,44,114.85275,110.994,2.0,46.132999999999996,23.066499999999998
1110,822,44,114.44638636363636,110.515,2.0,47.147999999999996,23.573999999999998
1110,825,44,114.82281818181818,110.993,2.0,47.21,23.605
1110,830,44,112.51022727272728,108.922,2.0,45.899,22.9495
1110,832,23,117.12369565217392,113.138,1.0,23.303,23.303
1110,839,44,114.20838636363636,110.439,2.0,46.424,23.212
1110,840,44,114.31340909090909,111.297,1.0,25.397,25.397
1110,842,44,114.3985,110.911,1.0,25.664,25.664
1110,844,44,113.24338636363636,110.436,2.0,46.372,23.186
1110,846,44,114.18565909090908,111.682,2.0,48.756,24.378
1110,847,44,113.94434090909091,110.603,1.0,23.837,23.837
1110,848,44,114.69622727272728,109.841,3.0,72.14,24.046666666666667
1110,852,44,114.33343181818182,111.394,2.0,45.346999999999994,22.673499999999997
1110,855,44,114.67934090909091,110.188,2.0,48.494,24.247
1110,858,44,114.88468181818182,110.236,3.0,70.617,23.539
1111,1,72,120.24472222222222,73.904,5.0,2511.4500000000003,502.2900000000001
1111,4,72,120.1132638888889,73.837,5.0,2541.86,508.372
1111,807,72,120.35070833333333,74.472,5.0,2507.3210000000004,501.46420000000006
1111,815,72,120.13165277777779,74.231,6.0,2585.715,430.95250000000004
1111,822,72,120.44165277777778,74.698,5.0,2497.766,499.5532
1111,825,72,120.42806944444443,75.489,6.0,2520.9330000000004,420.1555000000001
1111,830,72,120.06126388888889,73.889,6.0,2581.587,430.2645
1111,832,72,120.23544444444444,74.934,5.0,2522.8669999999997,504.57339999999994
1111,839,72,120.31606944444444,74.57,6.0,2552.687,425.44783333333334
1111,840,72,120.34025,75.171,7.0,2545.6389999999997,363.66271428571423
1111,842,72,120.15929166666668,74.441,5.0,2536.977,507.3954
1111,844,41,87.3498780487805,77.277,2.0,59.888000000000005,29.944000000000003
1111,846,72,120.24504166666667,74.39,6.0,2566.798,427.7996666666666
1111,847,72,120.835625,75.124,7.0,2593.4500000000003,370.4928571428572
1111,848,72,120.27175,74.468,4.0,2523.676,630.919
1111,852,72,120.407,76.253,5.0,2521.623,504.32460000000003
1111,855,62,84.21516129032257,75.417,4.0,85.227,21.30675
1111,857,72,120.29154166666667,74.299,5.0,2533.5809999999997,506.71619999999996
1111,858,14,93.03057142857143,77.399,,,
1111,859,72,120.42441666666667,74.82,7.0,2559.222,365.60314285714287
1112,1,51,87.42788235294117,85.582,1.0,24.255,24.255
1112,4,51,87.59680392156864,86.105,1.0,24.798,24.798
1112,807,50,88.46472,85.894,2.0,50.423,25.2115
1112,815,51,86.80798039215686,85.522,1.0,23.819,23.819
1112,822,51,87.94507843137255,85.988,1.0,24.658,24.658
1112,825,50,88.67533999999999,86.278,2.0,49.425,24.7125
1112,830,51,86.68907843137255,85.24,1.0,24.228,24.228
1112,832,51,86.90854901960785,85.501,1.0,25.183,25.183
1112,839,39,89.10197435897436,86.963,1.0,24.249,24.249
1112,840,51,88.40017647058824,86.617,1.0,25.667,25.667
1112,842,51,88.30692156862746,85.758,2.0,52.062,26.031
1112,844,51,86.9121568627451,85.58,1.0,23.931,23.931
1112,846,51,87.58023529411766,86.144,1.0,23.727,23.727
1112,847,51,87.04256862745098,85.847,1.0,24.215,24.215
1112,848,51,87.57350980392157,86.389,1.0,24.538,24.538
1112,855,51,88.26092156862745,85.983,2.0,50.355000000000004,25.177500000000002
1112,857,51,88.02386274509804,85.072,2.0,55.932,27.966
1112,858,51,88.1313725490196,86.84,1.0,24.779,24.779
1112,859,51,88.07413725490196,85.842,2.0,48.492999999999995,24.246499999999997
1113,1,62,103.20462903225805,95.867,2.0,66.212,33.106
1113,4,62,104.5971129032258,96.456,2.0,83.378,41.689
1113,807,62,104.5745,99.923,1.0,35.497,35.497
1113,815,62,104.06374193548386,97.108,1.0,28.977,28.977
1113,822,51,105.51596078431372,98.075,1.0,30.487,30.487
1113,825,62,104.34732258064517,98.107,2.0,64.553,32.2765
1113,830,62,103.52998387096774,96.575,1.0,29.698,29.698
1113,832,62,103.18416129032258,97.666,1.0,29.499,29.499
1113,839,42,104.40804761904762,99.93,1.0,29.755,29.755
1113,842,62,103.80417741935483,98.277,1.0,31.802,31.802
1113,844,62,103.5257258064516,98.275,1.0,32.888,32.888
1113,846,62,103.19725806451613,98.046,1.0,29.485,29.485
1113,847,61,103.26118032786884,96.273,2.0,60.015,30.0075
1113,848,62,104.36830645161291,97.342,2.0,59.925,29.9625
1113,855,62,104.53333870967742,99.316,2.0,60.669,30.3345
1113,857,62,103.85317741935484,98.492,1.0,29.369,29.369
1113,858,62,104.58559677419355,98.531,2.0,94.561,47.2805
1113,859,62,104.24735483870968,99.028,1.0,32.348,32.348
1114,1,53,103.92069811320755,95.611,2.0,48.472,24.236
1114,4,53,104.39898113207546,97.203,2.0,48.379999999999995,24.189999999999998
1114,807,52,105.15421153846154,97.25,3.0,70.518,23.506
1114,815,15,292.5262,99.704,4.0,2590.513,647.62825
1114,822,7,146.219,106.852,2.0,109.314,54.657
1114,825,52,105.53828846153847,97.842,2.0,47.674,23.837
1114,830,53,102.98907547169811,94.183,2.0,48.078,24.039
1114,832,53,103.93664150943395,96.187,2.0,46.449,23.2245
1114,839,53,104.49243396226416,97.398,2.0,50.845,25.4225
1114,840,20,113.66515,99.05,1.0,23.441,23.441
1114,842,53,104.55803773584906,96.371,2.0,49.138999999999996,24.569499999999998
1114,844,53,103.81922641509433,96.362,2.0,46.123,23.0615
1114,846,53,103.35486792452829,95.247,2.0,46.705,23.3525
1114,847,53,104.07698113207547,97.653,1.0,24.034,24.034
1114,848,26,111.9645,99.185,2.0,102.30799999999999,51.153999999999996
1114,852,52,105.04605769230768,97.768,2.0,46.271,23.1355
1114,855,52,105.09155769230769,97.791,3.0,89.24799999999999,29.74933333333333
1114,857,53,103.67764150943395,96.328,2.0,47.653,23.8265
1114,858,22,115.88968181818183,98.848,3.0,111.76500000000001,37.255
1114,859,52,105.02903846153846,98.267,2.0,46.807,23.4035
1115,4,57,93.12631578947368,86.045,3.0,85.19800000000001,28.399333333333335
1115,807,56,94.18308928571429,86.444,3.0,96.744,32.248
1115,815,57,93.5850701754386,86.22,3.0,94.219,31.406333333333333
1115,822,57,93.43387719298246,86.652,3.0,88.31,29.436666666666667
1115,825,56,93.93596428571429,87.067,3.0,88.02199999999999,29.340666666666664
1115,830,57,92.2661052631579,84.319,3.0,86.062,28.68733333333333
1115,839,57,93.36066666666667,86.45,3.0,87.099,29.033
1115,840,57,93.52315789473684,86.352,3.0,86.441,28.813666666666666
1115,842,57,93.53452631578948,85.793,3.0,93.477,31.159000000000002
1115,844,57,92.94989473684211,84.992,3.0,83.614,27.871333333333336
1115,846,57,92.37082456140351,84.842,3.0,83.422,27.807333333333332
1115,847,57,92.86468421052632,85.77,4.0,124.733,31.18325
1115,848,57,93.68740350877192,86.666,3.0,86.981,28.993666666666666
1115,852,56,94.07367857142856,87.174,3.0,83.186,27.72866666666667
1115,855,57,93.60166666666667,86.323,3.0,86.653,28.884333333333334
1115,857,57,92.35089473684211,84.921,3.0,84.232,28.077333333333332
1115,858,40,96.70514999999999,87.983,2.0,58.809,29.4045
1115,859,56,94.3977857142857,87.113,3.0,86.166,28.721999999999998
1116,1,56,102.20691071428571,99.582,2.0,49.564,24.782
1116,4,49,103.63728571428571,99.954,2.0,49.878,24.939
1116,807,56,103.77260714285714,100.925,2.0,50.881,25.4405
1116,815,56,102.49682142857144,99.737,2.0,47.992000000000004,23.996000000000002
1116,817,55,104.18570909090909,99.366,2.0,50.476,25.238
1116,822,56,103.92791071428572,101.972,2.0,49.803,24.9015
1116,825,55,104.17152727272727,101.506,2.0,49.812,24.906
1116,830,56,102.16717857142856,100.028,2.0,48.730000000000004,24.365000000000002
1116,832,56,102.43742857142857,100.034,2.0,47.340999999999994,23.670499999999997
1116,839,6,108.07483333333333,104.789,,,
1116,840,56,103.03675,99.908,2.0,48.412,24.206
1116,842,56,103.02425,100.412,2.0,48.78,24.39
1116,844,56,102.60757142857143,101.025,1.0,23.963,23.963
1116,846,56,102.35878571428572,99.985,2.0,47.516000000000005,23.758000000000003
1116,847,56,102.61358928571428,99.393,2.0,48.326,24.163
1116,848,56,103.62635714285715,101.318,2.0,48.917,24.4585
1116,852,56,103.49548214285714,98.139,3.0,71.951,23.983666666666664
1116,855,55,104.08978181818182,101.879,2.0,50.352999999999994,25.176499999999997
1116,857,10,105.95639999999999,102.705,,,
1116,858,56,103.73857142857143,101.238,2.0,50.537,25.2685
1117,1,71,103.72801408450704,81.334,2.0,1235.118,617.559
1117,4,47,115.29985106382979,83.531,2.0,1252.681,626.3405
1117,807,71,104.6637042253521,83.222,2.0,1242.97,621.485
1117,815,1,103.446,103.446,,,
1117,817,71,104.11808450704225,82.679,2.0,1239.542,619.771
1117,822,71,104.66776056338028,83.166,2.0,1252.9869999999999,626.4934999999999
1117,825,31,86.64558064516129,83.146,1.0,23.642,23.642
1117,830,71,103.53259154929577,81.644,3.0,1253.935,417.9783333333333
1117,832,71,103.91504225352112,82.539,2.0,1237.499,618.7495
1117,839,71,104.41821126760563,82.976,1.0,1226.296,1226.296
1117,840,66,106.42631818181817,83.257,2.0,1252.268,626.134
1117,842,71,104.46509859154929,83.23,2.0,1248.325,624.1625
1117,844,71,103.85828169014086,82.332,2.0,1232.76,616.38
1117,846,71,104.00112676056338,81.944,3.0,1272.357,424.11899999999997
1117,847,71,104.11033802816902,82.78,2.0,1240.511,620.2555
1117,848,71,104.21671830985915,82.773,2.0,1251.66,625.83
1117,852,71,104.64501408450704,82.501,2.0,1248.178,624.089
1117,855,71,104.68295774647888,83.567,2.0,1252.356,626.178
1117,857,71,104.13969014084506,82.76,2.0,1242.798,621.399
1117,858,70,104.88394285714286,83.003,2.0,1251.663,625.8315
1118,1,71,99.60215492957747,74.739,4.0,1472.541,368.13525
1118,4,71,99.19787323943662,74.442,4.0,1474.6750000000002,368.66875000000005
1118,807,70,100.55505714285714,75.036,4.0,1503.572,375.893
1118,815,71,99.19861971830986,74.124,4.0,1479.2089999999998,369.80224999999996
1118,817,70,101.1265,73.866,4.0,1656.9579999999999,414.23949999999996
1118,822,39,119.2521282051282,75.731,3.0,1462.965,487.655
1118,830,71,98.71681690140845,73.422,4.0,1467.5580000000002,366.88950000000006
1118,832,71,99.42369014084507,74.406,4.0,1483.995,370.99875
1118,839,70,100.26764285714286,74.206,5.0,1508.9759999999999,301.79519999999997
1118,840,71,99.29209859154929,74.007,4.0,1477.34,369.335
1118,842,71,99.50685915492959,74.521,4.0,1486.1069999999997,371.52674999999994
1118,846,71,98.83339436619718,72.486,4.0,1471.467,367.86675
1118,847,57,106.20873684210527,74.934,4.0,1479.125,369.78125
1118,852,71,99.70104225352112,74.231,4.0,1486.9560000000001,371.73900000000003
1118,855,22,152.29013636363635,76.232,3.0,1465.154,488.38466666666665
1118,857,69,101.6308695652174,74.31,4.0,1669.3700000000001,417.34250000000003
1118,858,70,100.50145714285713,75.738,4.0,1497.183,374.29575
1119,1,50,107.40088,95.716,2.0,47.555,23.7775
1119,4,50,107.48506,96.559,2.0,52.518,26.259
1119,807,45,108.97311111111111,97.565,2.0,47.607,23.8035
1119,815,50,107.01060000000001,95.939,2.0,55.167,27.5835
1119,817,50,107.93628,97.108,1.0,22.242,22.242
1119,822,50,108.67278,97.562,2.0,65.489,32.7445
1119,825,50,107.86228,97.455,2.0,43.479,21.7395
1119,830,50,106.96578,95.614,2.0,48.009,24.0045
1119,832,50,107.38246000000001,95.984,2.0,43.891,21.9455
1119,839,50,107.33908,96.637,1.0,21.763,21.763
1119,840,50,107.36712,96.584,2.0,44.792,22.396
1119,842,50,107.65118,96.913,1.0,22.262,22.262
1119,844,50,107.00717999999999,95.669,1.0,22.559,22.559
1119,846,2,124.8445,119.327,,,
1119,847,50,107.3276,96.071,2.0,43.209,21.6045
1119,848,50,107.83374,97.357,1.0,21.242,21.242
1119,852,46,109.10719565217391,97.587,2.0,41.513,20.7565
1119,855,50,107.96902,97.375,1.0,22.155,22.155
1119,857,50,107.5557,95.49,2.0,43.804,21.902
1119,858,50,107.98342,97.74,1.0,21.367,21.367
1120,1,58,90.8111724137931,88.372,2.0,44.24,22.12
1120,4,58,90.72648275862069,88.256,2.0,44.303,22.1515
1120,807,58,91.48827586206897,89.217,2.0,43.942,21.971
1120,815,58,90.32891379310345,87.493,2.0,42.72,21.36
1120,817,58,91.01470689655173,88.571,2.0,43.432,21.716
1120,822,57,91.84271929824561,89.863,1.0,22.665,22.665
1120,825,57,91.8859649122807,89.934,2.0,44.927,22.4635
1120,830,58,90.04524137931035,86.993,2.0,42.937,21.4685
1120,832,57,91.41970175438597,89.452,2.0,42.793,21.3965
1120,839,58,91.18960344827586,90.033,1.0,22.16,22.16
1120,840,58,91.00441379310345,88.05,2.0,43.533,21.7665
1120,842,58,91.2583448275862,89.016,2.0,46.569,23.2845
1120,844,58,90.35546551724137,88.199,2.0,43.165,21.5825
1120,846,58,90.46393103448275,88.164,2.0,45.492999999999995,22.746499999999997
1120,847,58,90.39572413793103,88.187,2.0,43.733999999999995,21.866999999999997
1120,848,58,91.30703448275862,87.845,2.0,44.089,22.0445
1120,852,58,90.78813793103448,89.256,1.0,21.486,21.486
1120,855,58,91.587,88.746,2.0,45.212,22.606
1120,857,58,90.58812068965517,88.138,2.0,42.852999999999994,21.426499999999997
1120,858,58,91.55887931034482,88.58,2.0,44.004,22.002
1121,1,57,97.45729824561403,94.722,2.0,49.181,24.5905
1121,4,57,97.88822807017543,94.199,2.0,49.895,24.9475
1121,807,56,98.61382142857144,94.834,3.0,85.759,28.586333333333332
1121,815,57,96.96840350877193,94.364,2.0,49.07899999999999,24.539499999999997
1121,817,56,98.45892857142857,95.163,2.0,49.844,24.922
1121,822,56,99.78521428571429,96.202,2.0,101.193,50.5965
1121,825,56,98.44746428571429,95.57,2.0,50.397000000000006,25.198500000000003
1121,830,57,96.57442105263158,92.608,2.0,49.272999999999996,24.636499999999998
1121,832,57,97.01494736842105,94.507,2.0,48.34,24.17
1121,839,56,98.86057142857143,96.226,2.0,50.022,25.011
1121,840,57,98.20978947368421,95.632,2.0,48.963,24.4815
1121,842,56,98.87783928571429,94.805,3.0,81.682,27.227333333333334
1121,844,57,97.27036842105262,94.09,2.0,48.205,24.1025
1121,846,57,97.42456140350878,94.476,2.0,48.91,24.455
1121,847,57,97.39526315789473,95.065,2.0,49.644,24.822
1121,848,56,98.51121428571429,95.723,2.0,49.291,24.6455
1121,852,56,98.46828571428571,95.833,2.0,49.048,24.524
1121,855,56,98.41966071428571,95.458,2.0,50.302,25.151
1121,857,57,97.55831578947368,94.774,2.0,50.302,25.151
1121,858,55,100.4643090909091,94.735,3.0,86.145,28.715
1122,1,50,97.81327999999999,91.746,1.0,20.17,20.17
1122,4,50,97.58064,92.387,1.0,22.129,22.129
1122,807,50,98.40538000000001,92.366,1.0,21.035,21.035
1122,815,50,97.03832000000001,92.273,1.0,22.196,22.196
1122,817,49,99.2650612244898,93.323,1.0,63.364,63.364
1122,822,49,99.31404081632652,92.706,2.0,46.076,23.038
1122,825,50,98.58019999999999,92.338,1.0,21.46,21.46
1122,830,50,96.86546000000001,91.773,1.0,20.607,20.607
1122,839,49,98.92395918367347,93.481,1.0,22.502,22.502
1122,840,5,97.1216,95.56,,,
1122,842,1,121.453,121.453,,,
1122,844,50,97.23824,91.632,1.0,23.419,23.419
1122,846,50,97.77962,91.944,1.0,22.211,22.211
1122,847,50,97.66417999999999,92.254,1.0,21.013,21.013
1122,848,50,98.63253999999999,92.307,1.0,21.723,21.723
1122,852,49,98.95522448979592,93.523,1.0,21.694,21.694
1122,855,49,99.44542857142856,92.208,1.0,46.381,46.381
1122,857,50,97.5056,92.31,1.0,21.427,21.427
1122,858,49,98.98077551020408,93.026,1.0,23.645,23.645
1122,860,50,97.71903999999999,92.186,1.0,22.457,22.457
1123,1,15,85.2284,82.444,1.0,17.596,17.596
1123,4,58,84.6178448275862,80.493,2.0,36.155,18.0775
1123,807,58,85.02406896551724,81.145,2.0,36.465,18.2325
1123,815,58,84.19227586206897,80.388,2.0,35.334,17.667
1123,817,57,84.88335087719298,81.239,2.0,36.016000000000005,18.008000000000003
1123,822,57,85.42401754385965,81.422,2.0,65.907,32.9535
1123,825,57,84.75305263157895,81.082,2.0,36.452,18.226
1123,830,3,84.89066666666668,83.115,,,
1123,832,58,83.22143103448275,80.031,2.0,35.339,17.6695
1123,839,57,85.62845614035088,81.354,3.0,66.92,22.30666666666667
1123,840,58,84.82870689655172,80.93,2.0,35.878,17.939
1123,842,57,85.31221052631578,81.09,2.0,37.998,18.999
1123,844,58,83.26222413793103,79.813,2.0,34.717,17.3585
1123,846,58,83.32322413793104,79.915,2.0,35.429,17.7145
1123,847,56,83.65596428571429,80.284,2.0,36.01,18.005
1123,848,57,84.76933333333332,81.618,2.0,35.5,17.75
1123,852,58,84.86972413793103,81.134,2.0,36.058,18.029
1123,855,57,85.45852631578948,81.327,2.0,55.897999999999996,27.948999999999998
1123,857,58,83.83815517241379,80.199,2.0,36.106,18.053
1124,1,53,130.41871698113206,93.952,3.0,1627.985,542.6616666666666
1124,4,53,130.33656603773585,94.726,3.0,1627.079,542.3596666666666
1124,807,52,132.1295,95.325,3.0,1628.501,542.8336666666667
1124,815,53,129.73775471698113,93.945,3.0,1623.607,541.2023333333333
1124,822,52,132.3549807692308,96.608,3.0,1633.312,544.4373333333333
1124,825,52,132.33625,96.654,2.0,1610.8280000000002,805.4140000000001
1124,830,53,129.50124528301887,93.706,3.0,1622.0140000000001,540.6713333333333
1124,832,53,129.8949433962264,93.841,3.0,1626.824,542.2746666666667
1124,839,52,132.78303846153847,96.232,3.0,1633.67,544.5566666666667
1124,840,52,132.20767307692307,95.798,4.0,1655.4180000000001,413.85450000000003
1124,842,52,133.05061538461538,96.642,3.0,1633.7389999999998,544.5796666666666
1124,844,53,130.0016603773585,95.044,2.0,1606.6180000000002,803.3090000000001
1124,846,53,130.06162264150942,95.186,3.0,1626.397,542.1323333333333
1124,847,53,130.36824528301887,94.404,3.0,1627.806,542.602
1124,852,52,132.02246153846153,96.342,3.0,1631.3970000000002,543.7990000000001
1124,855,12,247.4185,97.16,3.0,1633.4750000000001,544.4916666666667
1124,857,53,130.39794339622642,94.802,3.0,1626.472,542.1573333333333
1124,858,52,133.3909807692308,94.9,4.0,1658.304,414.576
1125,1,56,109.11678571428571,100.835,2.0,45.18,22.59
1125,4,56,108.85657142857143,97.81,3.0,68.91499999999999,22.971666666666664
1125,807,56,109.16125,100.815,2.0,46.34,23.17
1125,815,56,108.42346428571429,99.388,2.0,44.397999999999996,22.198999999999998
1125,817,33,115.06269696969697,100.994,1.0,22.598,22.598
1125,822,19,104.13263157894737,101.276,1.0,22.949,22.949
1125,825,56,109.4658392857143,101.077,2.0,48.701,24.3505
1125,830,56,108.08132142857143,98.406,2.0,44.726,22.363
1125,832,56,108.68816071428571,99.764,1.0,22.629,22.629
1125,839,56,109.20296428571429,100.937,2.0,46.364,23.182
1125,840,56,109.55964285714286,99.444,4.0,174.78500000000003,43.696250000000006
1125,842,56,109.31744642857143,99.198,3.0,86.535,28.845
1125,844,56,108.50316071428571,99.384,1.0,22.36,22.36
1125,846,56,108.32726785714286,98.751,1.0,22.161,22.161
1125,847,56,108.77282142857143,100.112,2.0,45.122,22.561
1125,848,56,109.25107142857144,100.79,2.0,46.873000000000005,23.436500000000002
1125,852,26,111.04673076923076,101.593,2.0,45.547,22.7735
1125,855,56,109.36148214285714,98.633,3.0,72.22399999999999,24.074666666666662
1125,857,56,109.08485714285715,99.739,2.0,44.935,22.4675
1125,858,56,109.60114285714286,101.0,2.0,45.913,22.9565
1126,1,57,95.9028245614035,91.233,1.0,22.107,22.107
1126,4,57,96.2628596491228,91.727,1.0,22.374,22.374
1126,807,57,96.32745614035088,91.941,2.0,45.542,22.771
1126,815,57,95.86887719298245,90.855,2.0,44.091,22.0455
1126,817,57,96.50582456140351,92.122,1.0,22.54,22.54
1126,822,57,96.53038596491227,92.098,2.0,46.495000000000005,23.247500000000002
1126,825,57,96.57121052631578,91.774,3.0,83.724,27.908
1126,830,57,95.74540350877193,91.261,1.0,22.187,22.187
1126,832,57,95.81198245614036,90.928,1.0,22.805,22.805
1126,839,57,96.30915789473684,92.037,1.0,22.663,22.663
1126,840,57,96.40436842105262,91.588,2.0,45.669,22.8345
1126,842,57,96.40059649122807,92.055,1.0,22.466,22.466
1126,844,57,95.78589473684211,91.084,1.0,21.825,21.825
1126,846,57,95.6118596491228,90.98,1.0,22.041,22.041
1126,847,57,96.22219298245614,91.921,1.0,22.8,22.8
1126,848,57,96.94678947368422,90.849,2.0,45.394999999999996,22.697499999999998
1126,852,57,96.07124561403508,91.682,1.0,22.153,22.153
1126,855,57,96.48868421052632,91.991,1.0,23.017,23.017
1126,857,57,96.48477192982456,90.634,2.0,52.625,26.3125
1126,858,27,95.68666666666667,93.452,1.0,22.611,22.611
1127,1,63,81.9104126984127,80.331,1.0,29.547,29.547
1127,4,62,83.87703225806452,79.004,3.0,91.782,30.593999999999998
1127,807,62,83.07304838709678,81.7,1.0,29.749,29.749
1127,815,63,82.22266666666667,79.686,1.0,29.669,29.669
1127,817,62,83.1115,81.569,1.0,30.068,30.068
1127,822,62,83.57411290322581,81.455,1.0,30.24,30.24
1127,825,62,83.09170967741935,81.009,1.0,31.302,31.302
1127,830,63,81.35320634920635,80.366,1.0,30.416,30.416
1127,832,63,81.70757142857144,80.22,1.0,30.508,30.508
1127,839,62,83.37353225806451,81.304,1.0,30.659,30.659
1127,840,63,82.616,80.57,1.0,29.971,29.971
1127,842,62,83.46720967741935,81.371,2.0,60.735,30.3675
1127,844,63,81.47885714285715,79.935,1.0,30.149,30.149
1127,846,63,81.36471428571429,79.994,1.0,29.956,29.956
1127,847,63,82.10168253968254,78.589,2.0,59.269000000000005,29.634500000000003
1127,848,51,86.0339019607843,81.274,4.0,132.773,33.19325
1127,852,62,82.95335483870969,80.936,1.0,29.628,29.628
1127,855,62,83.39008064516129,81.016,1.0,30.244,30.244
1127,857,63,81.57752380952381,79.907,1.0,29.77,29.77
1127,858,62,83.48875806451613,81.229,1.0,31.085,31.085
1128,1,78,110.39053846153847,74.165,2.0,2399.601,1199.8005
1128,4,76,113.1501052631579,77.939,1.0,2389.467,2389.467
1128,817,76,113.1555,77.172,1.0,2385.823,2385.823
1128,822,76,113.15844736842105,76.561,2.0,2418.292,1209.146
1128,830,78,110.37701282051283,74.569,2.0,2396.483,1198.2415
1128,832,78,110.29665384615384,74.726,1.0,2327.072,2327.072
1128,840,76,113.17790789473683,76.71,3.0,2435.931,811.977
1128,842,77,112.41292207792208,75.625,1.0,2381.893,2381.893
1128,844,78,110.19941025641025,75.162,1.0,2358.026,2358.026
1128,846,78,110.31030769230769,75.742,1.0,2365.538,2365.538
1128,847,78,110.37003846153847,75.228,1.0,2369.363,2369.363
1128,848,77,112.33254545454545,77.06,1.0,2381.39,2381.39
1128,852,77,112.1433896103896,74.72,1.0,2377.564,2377.564
1128,855,76,113.8265,74.718,2.0,2410.7810000000004,1205.3905000000002
1128,857,78,110.29110256410256,76.281,1.0,2357.645,2357.645
1128,858,76,113.21815789473683,75.525,2.0,2415.984,1207.992
1129,1,70,90.75488571428572,74.856,3.0,76.805,25.60166666666667
1129,4,70,90.93481428571428,76.303,2.0,50.134,25.067
1129,807,70,91.12501428571429,76.683,3.0,73.652,24.550666666666668
1129,815,51,92.368,78.819,2.0,58.185,29.0925
1129,817,70,91.09427142857143,77.076,2.0,54.158,27.079
1129,822,70,91.26305714285714,77.25,1.0,24.929,24.929
1129,825,70,91.13114285714286,76.499,4.0,108.944,27.236
1129,830,70,90.68467142857142,75.569,2.0,48.552,24.276
1129,832,52,92.086,78.957,2.0,51.751000000000005,25.875500000000002
1129,839,70,91.11771428571429,77.012,1.0,24.495,24.495
1129,840,70,91.02217142857143,76.762,2.0,49.309,24.6545
1129,842,70,91.11354285714286,77.013,2.0,49.319,24.6595
1129,844,40,96.0827,86.012,3.0,95.846,31.948666666666668
1129,846,70,90.74008571428571,75.558,2.0,47.406,23.703
1129,847,70,90.74634285714285,74.895,3.0,77.632,25.877333333333336
1129,848,52,92.09692307692308,79.359,2.0,49.557,24.7785
1129,852,70,91.43744285714286,77.309,1.0,25.569,25.569
1129,855,69,92.77471014492754,77.325,3.0,119.53699999999999,39.845666666666666
1129,857,70,90.83037142857142,76.247,2.0,47.453,23.7265
1129,858,23,94.10952173913043,86.484,,,
1130,1,66,80.57601515151515,77.809,2.0,43.443,21.7215
1130,4,65,81.68806153846154,78.334,2.0,44.528000000000006,22.264000000000003
1130,807,66,81.4309393939394,78.609,2.0,45.24,22.62
1130,815,66,81.20834848484849,77.785,3.0,65.117,21.70566666666667
1130,817,65,82.21964615384616,79.45,2.0,44.472,22.236
1130,822,65,82.36215384615384,79.608,2.0,45.707,22.8535
1130,825,65,82.38484615384615,79.805,2.0,52.327,26.1635
1130,830,66,80.3064696969697,77.776,2.0,43.884,21.942
1130,832,66,80.77659090909091,78.539,2.0,44.443,22.2215
1130,839,66,81.39569696969697,78.982,2.0,43.754999999999995,21.877499999999998
1130,840,65,81.93044615384615,79.318,2.0,45.260999999999996,22.630499999999998
1130,842,66,81.24624242424242,79.045,2.0,47.784000000000006,23.892000000000003
1130,844,66,80.65054545454545,77.897,2.0,43.884,21.942
1130,846,66,80.34009090909092,77.115,2.0,44.248999999999995,22.124499999999998
1130,847,66,80.64465151515152,78.29,2.0,47.723,23.8615
1130,848,65,82.43655384615386,79.132,2.0,45.14,22.57
1130,852,65,82.5250923076923,79.447,3.0,66.712,22.237333333333336
1130,855,65,81.78004615384616,78.771,2.0,46.775999999999996,23.387999999999998
1130,857,66,80.81798484848485,77.874,2.0,44.644000000000005,22.322000000000003
1130,858,64,82.892078125,80.172,2.0,44.907,22.4535
1131,1,71,71.63295774647888,69.562,2.0,48.843999999999994,24.421999999999997
1131,4,70,73.00654285714286,67.694,3.0,77.917,25.972333333333335
1131,807,71,72.06881690140845,70.215,2.0,44.169,22.0845
1131,815,71,72.07704225352113,69.694,2.0,48.791,24.3955
1131,817,71,72.16854929577465,70.426,2.0,42.595,21.2975
1131,822,70,72.60247142857143,70.449,2.0,43.909,21.9545
1131,825,71,72.15708450704226,70.125,2.0,43.35,21.675
1131,830,71,71.69085915492958,67.719,3.0,70.469,23.489666666666665
1131,832,71,71.37085915492958,69.282,2.0,42.509,21.2545
1131,839,71,72.26933802816902,69.649,2.0,43.522000000000006,21.761000000000003
1131,840,70,72.47188571428572,70.143,2.0,42.701,21.3505
1131,842,71,72.17695774647888,69.609,2.0,43.474000000000004,21.737000000000002
1131,844,71,72.25146478873239,69.584,4.0,96.74799999999999,24.186999999999998
1131,846,64,71.73521875,68.016,2.0,43.028000000000006,21.514000000000003
1131,847,71,71.30701408450705,69.164,2.0,42.902,21.451
1131,848,70,72.48091428571429,70.364,2.0,43.57,21.785
1131,852,70,72.51347142857144,70.318,2.0,44.694,22.347
1131,855,70,72.96685714285715,70.47,2.0,44.792,22.396
1131,857,71,71.33385915492958,68.697,2.0,41.753,20.8765
1131,858,69,73.46531884057971,70.406,3.0,76.31700000000001,25.439000000000004
1132,1,52,95.13575,89.438,2.0,58.967,29.4835
1132,4,52,96.35838461538461,89.71,2.0,59.027,29.5135
1132,807,52,96.20732692307692,89.836,2.0,59.677,29.8385
1132,815,50,99.30128,89.707,4.0,118.875,29.71875
1132,817,51,97.196,90.735,2.0,58.748000000000005,29.374000000000002
1132,822,51,97.82117647058824,91.277,2.0,62.155,31.0775
1132,825,52,96.86946153846154,90.093,2.0,60.192,30.096
1132,830,52,95.16392307692308,88.952,2.0,57.441,28.7205
1132,832,52,96.04571153846153,88.293,3.0,87.00200000000001,29.00066666666667
1132,839,50,99.15482,90.875,4.0,115.146,28.7865
1132,840,52,96.22361538461539,89.897,2.0,58.492000000000004,29.246000000000002
1132,844,51,97.79474509803921,89.748,3.0,86.88,28.959999999999997
1132,846,52,95.28088461538461,89.262,2.0,59.048,29.524
1132,847,33,96.11142424242423,91.298,1.0,32.045,32.045
1132,848,52,96.45088461538461,89.718,2.0,64.152,32.076
1132,852,52,96.66080769230769,90.229,2.0,59.658,29.829
1132,855,50,100.0307,91.014,4.0,121.224,30.306
1132,857,52,95.37476923076923,88.748,2.0,58.741,29.3705
1132,858,52,96.84651923076923,89.972,2.0,62.245000000000005,31.122500000000002
1133,1,70,84.24098571428571,82.153,2.0,43.216,21.608
1133,4,70,85.20641428571429,83.063,2.0,44.342,22.171
1133,807,69,85.72714492753623,83.461,2.0,44.759,22.3795
1133,815,70,84.59687142857142,81.096,2.0,42.451,21.2255
1133,817,69,85.50598550724638,82.64,2.0,42.462,21.231
1133,822,69,85.9043188405797,82.792,2.0,44.127,22.0635
1133,825,69,85.90276811594204,83.553,2.0,44.402,22.201
1133,830,70,84.3334,80.908,2.0,43.445,21.7225
1133,832,70,84.35802857142858,81.441,2.0,43.094,21.547
1133,839,69,86.1292463768116,81.61,3.0,64.603,21.534333333333333
1133,840,70,85.14235714285715,82.338,2.0,45.513,22.7565
1133,842,33,86.6440909090909,83.34,1.0,21.405,21.405
1133,844,70,84.30964285714286,82.182,2.0,43.617,21.8085
1133,846,70,84.059,81.712,2.0,43.11,21.555
1133,847,70,84.63367142857143,80.305,2.0,42.697,21.3485
1133,848,69,85.77910144927536,83.93,2.0,45.501000000000005,22.750500000000002
1133,852,70,85.13211428571428,83.533,1.0,21.467,21.467
1133,855,69,86.16792753623189,83.487,2.0,44.176,22.088
1133,857,70,84.02841428571429,81.716,2.0,43.464,21.732
1133,858,69,86.00840579710146,80.561,3.0,65.063,21.68766666666667
1134,1,44,109.03559090909091,106.653,2.0,45.891999999999996,22.945999999999998
1134,4,44,110.15915909090909,108.051,1.0,23.075,23.075
1134,807,44,111.04256818181818,108.954,2.0,46.83,23.415
1134,815,44,110.00534090909092,104.701,3.0,67.97200000000001,22.657333333333337
1134,817,44,110.27195454545455,107.435,2.0,44.971000000000004,22.485500000000002
1134,822,44,110.62904545454546,107.019,2.0,46.096000000000004,23.048000000000002
1134,825,44,110.53797727272728,107.848,1.0,23.619,23.619
1134,830,44,109.23331818181818,106.128,2.0,46.157,23.0785
1134,832,44,109.47352272727272,106.364,2.0,46.169,23.0845
1134,839,44,110.218,106.957,2.0,46.912,23.456
1134,840,44,110.45570454545454,108.105,1.0,23.01,23.01
1134,842,44,110.48647727272729,107.418,2.0,45.744,22.872
1134,844,44,109.21793181818182,107.013,2.0,46.272,23.136
1134,846,44,109.2475,105.563,2.0,45.292,22.646
1134,847,44,109.02363636363637,107.113,1.0,22.686,22.686
1134,848,44,110.47025,107.996,2.0,46.752,23.376
1134,852,44,110.76765909090909,107.969,1.0,23.452,23.452
1134,855,5,132.0702,112.099,,,
1134,857,44,109.05029545454546,105.84,2.0,46.748000000000005,23.374000000000002
1134,858,44,110.97947727272728,107.49,2.0,47.03,23.515
1135,1,72,76.32108333333333,73.878,2.0,42.194,21.097
1135,4,71,76.88805633802816,74.758,1.0,21.348,21.348
1135,807,71,76.9680704225352,75.657,1.0,21.619,21.619
1135,815,72,76.18140277777778,74.587,1.0,22.934,22.934
1135,817,71,76.9941690140845,75.222,1.0,20.942,20.942
1135,822,70,77.83952857142857,75.822,2.0,42.367999999999995,21.183999999999997
1135,825,71,77.6229014084507,74.954,1.0,21.403,21.403
1135,830,72,75.95020833333332,74.752,1.0,20.785,20.785
1135,832,72,76.07855555555557,74.117,1.0,20.84,20.84
1135,839,71,77.35770422535211,75.39,1.0,21.015,21.015
1135,840,71,76.9891690140845,75.255,1.0,21.385,21.385
1135,842,71,76.81863380281689,74.855,1.0,22.646,22.646
1135,844,72,75.98552777777778,74.585,1.0,20.841,20.841
1135,846,72,75.63220833333332,73.817,1.0,21.536,21.536
1135,847,72,76.25188888888889,73.927,2.0,43.004999999999995,21.502499999999998
1135,848,71,77.27084507042254,74.434,2.0,42.274,21.137
1135,852,71,77.615,75.552,2.0,42.129,21.0645
1135,855,70,78.30768571428572,75.724,2.0,43.257999999999996,21.628999999999998
1135,857,72,76.01188888888889,74.237,1.0,20.969,20.969
1135,858,71,77.60645070422535,75.539,1.0,22.03,22.03
1136,1,53,84.97258490566038,81.512,2.0,48.624,24.312
1136,4,53,85.83437735849057,82.944,2.0,49.367000000000004,24.683500000000002
1136,807,52,86.76148076923077,83.275,2.0,75.451,37.7255
1136,815,53,85.56367924528301,82.971,2.0,48.758,24.379
1136,817,53,86.02224528301888,84.219,1.0,30.317,30.317
1136,822,52,86.69111538461539,83.609,1.0,24.41,24.41
1136,825,53,85.64205660377358,83.437,1.0,25.672,25.672
1136,830,53,85.25771698113208,81.745,2.0,52.348,26.174
1136,832,53,84.83675471698113,83.219,1.0,24.313,24.313
1136,839,52,86.41126923076924,84.343,1.0,24.146,24.146
1136,840,52,87.00451923076923,82.232,3.0,74.458,24.819333333333333
1136,842,52,86.52059615384616,83.755,2.0,48.538,24.269
1136,844,53,84.54201886792454,83.226,1.0,24.551,24.551
1136,846,53,84.65811320754717,81.432,2.0,49.039,24.5195
1136,847,53,85.29135849056604,82.036,2.0,58.992999999999995,29.496499999999997
1136,848,53,85.81477358490567,83.918,1.0,24.801,24.801
1136,852,7,90.9527142857143,86.198,,,
1136,855,52,86.93811538461539,85.092,1.0,27.138,27.138
1136,857,53,84.59228301886792,81.943,2.0,48.463,24.2315
1136,861,53,86.0761320754717,83.728,1.0,25.147,25.147
1137,1,51,111.1844705882353,107.236,1.0,21.289,21.289
1137,4,51,111.0485294117647,107.057,1.0,20.073,20.073
1137,807,51,111.20533333333333,107.691,1.0,21.617,21.617
1137,815,49,108.59587755102041,107.013,1.0,20.63,20.63
1137,817,51,112.2532156862745,108.38,1.0,21.984,21.984
1137,822,50,112.06804,108.418,1.0,20.045,20.045
1137,830,51,110.88441176470589,106.798,2.0,41.870000000000005,20.935000000000002
1137,832,49,108.60751020408162,106.866,1.0,21.483,21.483
1137,839,50,111.98702,108.831,1.0,20.634,20.634
1137,840,45,111.13511111111112,108.148,2.0,41.337,20.6685
1137,842,51,111.67050980392156,108.018,1.0,20.257,20.257
1137,844,51,109.58660784313726,107.067,1.0,20.671,20.671
1137,846,51,110.0813725490196,105.255,1.0,19.712,19.712
1137,847,51,109.98696078431372,106.628,1.0,19.954,19.954
1137,848,51,111.08633333333333,106.947,1.0,20.287,20.287
1137,852,14,115.90364285714286,110.887,1.0,20.922,20.922
1137,855,51,112.29113725490195,107.644,1.0,20.52,20.52
1137,857,51,109.3726862745098,107.06,1.0,20.181,20.181
1137,860,51,111.19870588235294,107.048,1.0,21.276,21.276
1137,861,51,111.12839215686274,107.274,1.0,20.596,20.596
1138,1,62,98.99708064516129,97.393,1.0,29.272,29.272
1138,4,61,99.2367868852459,97.741,1.0,29.251,29.251
1138,807,61,99.27395081967212,97.47,1.0,29.808,29.808
1138,815,61,99.29827868852459,97.477,1.0,28.99,28.99
1138,817,61,100.69454098360656,94.486,3.0,89.035,29.67833333333333
1138,822,61,100.1704918032787,97.524,1.0,30.423,30.423
1138,825,57,101.96326315789473,94.754,2.0,60.998000000000005,30.499000000000002
1138,830,62,97.95993548387096,95.967,1.0,29.655,29.655
1138,832,62,99.17112903225807,96.561,1.0,29.385,29.385
1138,839,61,99.943868852459,97.964,1.0,29.601,29.601
1138,840,61,100.00232786885246,97.851,1.0,29.816,29.816
1138,842,61,100.19065573770492,96.927,1.0,31.509,31.509
1138,844,62,98.62904838709677,95.371,1.0,29.042,29.042
1138,846,62,97.6221129032258,94.925,1.0,29.091,29.091
1138,847,62,98.60662903225806,97.047,1.0,28.739,28.739
1138,848,15,104.04686666666667,96.888,1.0,29.126,29.126
1138,852,61,99.36660655737704,96.393,1.0,29.662,29.662
1138,855,61,100.16050819672131,97.461,1.0,29.36,29.36
1138,857,62,98.29667741935484,95.745,1.0,29.152,29.152
1138,861,61,99.3254918032787,97.262,1.0,29.772,29.772
1139,1,1,108.064,108.064,,,
1139,4,55,103.843,99.261,1.0,24.247,24.247
1139,807,56,103.08207142857144,98.404,1.0,24.5,24.5
1139,815,56,103.01269642857143,98.514,1.0,23.58,23.58
1139,822,55,104.43585454545453,100.575,1.0,24.439,24.439
1139,825,56,103.38251785714286,98.21,2.0,48.053,24.0265
1139,830,56,102.30448214285714,98.117,1.0,24.228,24.228
1139,832,56,102.11073214285715,97.763,1.0,23.963,23.963
1139,839,55,104.5772909090909,97.33,2.0,50.331,25.1655
1139,840,55,104.12039999999999,99.214,1.0,26.399,26.399
1139,842,56,103.48566071428571,98.311,1.0,28.228,28.228
1139,844,56,101.95783928571429,97.834,1.0,23.817,23.817
1139,846,56,102.23201785714285,97.679,1.0,23.731,23.731
1139,847,56,102.96310714285714,97.656,1.0,29.327,29.327
1139,848,55,104.14056363636362,99.084,2.0,59.373999999999995,29.686999999999998
1139,852,55,103.87001818181818,99.193,1.0,24.193,24.193
1139,855,55,104.70689090909092,99.272,2.0,49.323,24.6615
1139,857,56,102.34928571428571,97.883,1.0,24.107,24.107
1139,859,56,103.21789285714286,98.091,1.0,23.839,23.839
1139,861,56,103.24317857142856,97.611,1.0,23.971,23.971
1140,1,71,85.92366197183098,80.371,1.0,22.538,22.538
1140,4,15,101.74926666666666,82.722,,,
1140,807,70,86.5502857142857,80.748,1.0,23.077,23.077
1140,815,70,87.55834285714285,79.209,3.0,71.824,23.941333333333333
1140,822,70,87.11467142857143,81.085,1.0,22.505,22.505
1140,825,71,86.18932394366198,80.637,1.0,23.332,23.332
1140,830,71,86.13180281690141,80.872,1.0,43.73,43.73
1140,832,71,85.29295774647888,80.137,1.0,22.249,22.249
1140,839,70,87.07804285714286,80.659,1.0,23.245,23.245
1140,840,70,86.8696,81.311,1.0,22.592,22.592
1140,842,70,86.77695714285714,81.274,1.0,23.204,23.204
1140,844,71,85.77728169014085,78.336,2.0,45.55,22.775
1140,846,71,85.35922535211267,79.691,1.0,22.111,22.111
1140,847,71,85.97656338028169,80.731,1.0,22.462,22.462
1140,855,70,87.39317142857142,81.553,1.0,22.935,22.935
1140,857,71,86.20743661971831,80.064,1.0,21.825,21.825
1140,859,70,87.43237142857143,79.502,2.0,52.885,26.4425
1140,861,70,86.90424285714286,80.09,1.0,23.895,23.895
1141,1,69,111.08960869565217,82.041,2.0,1450.908,725.454
1141,4,69,111.48520289855072,82.293,2.0,1447.979,723.9895
1141,807,30,98.59563333333332,83.764,3.0,112.943,37.647666666666666
1141,815,69,111.10088405797102,82.143,2.0,1451.907,725.9535
1141,822,69,111.27562318840579,82.877,1.0,1422.094,1422.094
1141,830,69,110.3540579710145,80.472,1.0,1409.303,1409.303
1141,832,38,130.1105,84.201,2.0,1450.5790000000002,725.2895000000001
1141,839,69,110.63633333333333,81.771,1.0,1408.695,1408.695
1141,842,69,110.68060869565218,81.645,1.0,1407.586,1407.586
1141,844,69,110.79140579710146,81.631,2.0,1444.833,722.4165
1141,846,69,110.80872463768115,81.517,2.0,1440.127,720.0635
1141,847,69,110.69123188405797,81.645,2.0,1441.536,720.768
1141,852,69,110.9635652173913,81.828,2.0,1444.461,722.2305
1141,855,69,111.50839130434782,83.058,4.0,1404.011,351.00275
1141,857,69,110.86047826086957,81.532,2.0,1446.32,723.16
1141,859,69,111.0852463768116,82.123,2.0,1450.889,725.4445
1141,860,69,111.1813768115942,82.494,2.0,1460.4920000000002,730.2460000000001
1141,861,30,90.27536666666667,84.296,2.0,50.525999999999996,25.262999999999998
1142,1,50,98.66564,95.48,2.0,42.422,21.211
1142,4,50,99.90328,96.553,2.0,42.814,21.407
1142,807,50,99.71553999999999,96.585,2.0,43.213,21.6065
1142,815,50,99.78166,96.326,2.0,42.328,21.164
1142,822,49,100.76028571428571,96.601,2.0,44.444,22.222
1142,825,50,99.91544,96.557,1.0,21.963,21.963
1142,830,50,98.85102,96.248,2.0,42.951,21.4755
1142,832,50,98.7575,95.875,2.0,41.927,20.9635
1142,839,49,100.57202040816327,96.511,3.0,58.79,19.596666666666668
1142,840,50,100.20142,97.179,2.0,56.451,28.2255
1142,842,15,102.46486666666667,98.314,1.0,22.179,22.179
1142,844,50,98.80503999999999,95.674,2.0,42.914,21.457
1142,846,50,99.38708,94.876,3.0,62.921,20.973666666666666
1142,847,50,98.51938,95.717,2.0,42.047,21.0235
1142,848,25,101.28084,98.008,1.0,22.012,22.012
1142,852,50,99.77553999999999,96.957,2.0,42.376,21.188
1142,855,50,100.00108,96.324,2.0,44.721000000000004,22.360500000000002
1142,857,50,99.54668,96.598,2.0,48.814,24.407
1142,859,50,100.33948,96.98,2.0,41.691,20.8455
1142,861,50,100.02282000000001,96.867,2.0,42.391000000000005,21.195500000000003
1143,1,57,96.86745614035087,83.865,4.0,110.847,27.71175
1143,4,57,96.23140350877192,83.667,3.0,90.031,30.010333333333335
1143,807,39,98.32071794871796,85.767,4.0,122.80199999999999,30.700499999999998
1143,815,38,97.10992105263158,85.288,3.0,80.252,26.750666666666664
1143,822,57,96.76431578947368,85.533,3.0,86.142,28.714
1143,825,57,96.44736842105263,84.259,3.0,84.602,28.200666666666667
1143,830,57,95.8828596491228,82.905,3.0,74.89,24.963333333333335
1143,832,57,96.18945614035087,83.465,3.0,93.275,31.09166666666667
1143,840,8,121.44525,90.935,2.0,71.457,35.7285
1143,842,57,96.17728070175438,83.705,3.0,81.997,27.332333333333334
1143,844,57,95.98866666666667,83.242,3.0,83.118,27.706
1143,846,57,96.51026315789473,82.384,4.0,118.431,29.60775
1143,847,57,96.04257894736843,83.355,4.0,116.979,29.24475
1143,848,56,97.82664285714286,85.559,4.0,128.124,32.031
1143,852,57,96.95478947368422,86.144,4.0,116.858,29.2145
1143,855,57,96.32777192982456,83.889,3.0,87.131,29.043666666666667
1143,857,57,96.00249122807017,83.218,3.0,80.011,26.670333333333332
1143,859,57,96.98208771929825,86.076,4.0,129.231,32.30775
1144,1,58,90.1685172413793,87.278,1.0,21.694,21.694
1144,4,58,90.95972413793103,87.948,2.0,45.763000000000005,22.881500000000003
1144,807,58,90.8421551724138,89.152,1.0,21.53,21.53
1144,822,30,94.90933333333332,89.482,1.0,41.144,41.144
1144,825,57,92.47171929824562,85.637,4.0,92.946,23.2365
1144,830,58,90.39893103448276,87.765,1.0,32.652,32.652
1144,832,58,89.64005172413793,87.765,1.0,21.28,21.28
1144,840,57,91.34673684210527,88.604,2.0,45.319,22.6595
1144,842,58,90.79053448275862,89.212,1.0,22.059,22.059
1144,844,58,90.08998275862069,88.018,1.0,21.869,21.869
1144,846,58,89.5395,87.438,1.0,21.276,21.276
1144,847,58,90.18670689655173,88.195,1.0,21.656,21.656
1144,848,57,91.30775438596491,89.438,1.0,22.065,22.065
1144,852,57,91.3689298245614,89.2,1.0,21.869,21.869
1144,855,57,91.41394736842105,87.982,2.0,51.789,25.8945
1144,857,58,90.98468965517242,87.69,2.0,56.356,28.178
1144,859,55,92.30816363636363,88.751,3.0,78.297,26.099
1144,861,26,95.01653846153847,89.411,1.0,24.941,24.941
1144,862,57,91.57624561403509,89.121,1.0,22.08,22.08
